crime_id,entities,entity_count,class_classification
68089e176c09314dea8fb3b8,"8c, 20biia, 20, 27b, 27",5,Small
6808b842b5db4a83ea84a818,"8c, 20biia, 20, 27b, 27",5,Small
6808ba504cef0e2b3c304399,"8c, 20biia, 20",3,Small
6808c64fd112d927ef6ed6b9,"8c, 20biia, 20, 27b, 27",5,Small
6808e9554cef0e11c63f8bfe,"8c, 20biia, 20, 27b, 27",5,Small
6808ff034cef0e6c93439a9f,"8c, 20biia, 20, 27",4,Small
68090d984cef0e8448446068,27,1,Small
680914529f3e13268b37f08f,"8c, 20biia, 20, 27b, 27",5,Small
68092a97801fc0307da3eae8,"8c, 20biib, 20, 27b, 27",5,Intermediate
68093383801fc03c5ca418cd,"20biic, 20",2,Commercial
6809baf721bcf8d34f21ad19,"3184, 318, 4, 3162, 316, 2, 22c, 22, 21c, 21, 27",11,Commercial
680a29684cef0e5b0e8a3e6c,"8c, 22c, 22, 29",4,Commercial
680a70999f3e13a2a882479b,"20biia, 20",2,Small
680a8270d112d9f77cca2260,"27b, 27",2,Small
680b042ffa62557c37774876,"8c, 20biib, 20, 27",4,Intermediate
680b25f64cef0ee1a19d72c9,"8c, 20biia, 20, 27b, 27",5,Small
680b6dced831195f09f24711,"8c, 20biib, 20",3,Intermediate
680bacddb5db4a50040cb6a4,"8c, 18b, 18",3,Intermediate
680bc177801fc09eb52732f8,"8c, 20biib, 20",3,Intermediate
680bc767d112d91e8f1479f4,"8c, 20biia, 20, 27a, 27",5,Small
680bd526d112d92aec14f66a,"20biia, 20, 27",3,Small
680be42921bcf877f88552db,"8c, 20biib, 20, 27",4,Intermediate
680bf05cd112d91cf4156250,"8c, 20biib, 20",3,Intermediate
680bffccb5db4a18e00ee1db,"8c, 22a, 22, 22c, 27a, 27, 29",7,Commercial
680c5f50fa6255ca56ac2adf,"8c, 20biia, 20, 27",4,Small
680c91e8d112d99da245436a,"20b2a, 8c",2,Small
680cabf19f3e137636faee40,"8c, 20biia, 20, 27b, 27",5,Small
680ccbc14cef0e5df4fb2809,"8c, 20biib, 20, 27b, 27",5,Intermediate
680cd15e9f3e130ea702cd42,"20biia, 20, 27",3,Small
680cd2eea62fdbdb87c05e13,"20ai, 20",2,Cultivation
680cfdcb801fc0ab9a69cc21,"8c, 20biia, 20",3,Small
680d3b51b5db4a3bab5006af,"8c, 20biia, 20, 27",4,Small
680e55ce9f3e13ae58230837,"8c, 20biia, 20, 27b",4,Small
680e70f39f3e1324b523c133,"8c, 20biia, 20, 29",4,Small
680f202321bcf81976ca5455,"20biib, 20, 27",3,Intermediate
680f3154a62fdb3210079637,"8c, 20biib, 20",3,Intermediate
680f42cfcfee6d9bfdca2d8c,"20biia, 20",2,Small
680f70189f3e13b4bd6af6b3,"8c, 20biib, 20, 29",4,Intermediate
680f7365d83119ccb38f1102,27,1,Small
680fa4c9a62fdba92a32f82f,"8c, 20biib, 20, 27b, 27",5,Intermediate
680fba76801fc019dfd1b534,"8c, 20biib, 20",3,Intermediate
680fbfaed83119e5e0975ca5,"20biia, 20, 27",3,Small
680fe520fa6255797c158cb8,"8b, 8, 20ai, 20",4,Cultivation
680fecb3d83119d7d898cc67,"8b, 8, 20ai, 20",4,Cultivation
680ff1eccfee6d5872e7a06c,"8b, 8, 20ai, 20",4,Cultivation
680ff5f5cfee6d8204e7a491,"8b, 8, 20ai, 20",4,Cultivation
68102c52fa62555a861a6c22,"8c, 20biib, 20, 22c, 22, 27b, 27",7,Commercial
68104dda21bcf82c8df79cb2,"8c, 20biia, 20, 27b, 27",5,Small
68104fa1801fc0d93bd79e39,"8c, 20biia, 20, 27",4,Small
6810af23d112d96938f799a6,"8c, 22b, 22, 29",4,Intermediate
6810cf67a62fdb0270783de2,"8c, 20biib, 20",3,Intermediate
6810d8e9801fc065040f5240,"8c, 22b, 22, 29",4,Intermediate
6810e0d7d112d97c6d07866b,"8c, 20biib, 20",3,Intermediate
6810f5cda62fdbeef57a9d30,"8c, 20biia, 20, 27b, 27",5,Small
6810f918d112d9efe7093e57,"20biia, 20, 27b, 27",4,Small
6811092db5db4adfc80b58a2,"8c, 20biia, 20, 27b, 27",5,Small
681111179f3e135c25b50c23,"8c, 27b, 27",3,Small
6811117721bcf8128b1df4aa,"8c, 20biia, 20, 27b, 27",5,Small
681127506c093101a28d36c2,"20biib, 20, 27a, 27",4,Intermediate
68113fffa62fdb2f417d2bd3,"8c, 20biib, 20, 27a, 29",5,Intermediate
68114047cfee6d89e1176093,"8c, 20biic, 20, 29",4,Commercial
68114218cfee6d1df1176216,"8c, 20biic, 20",3,Commercial
68114445d112d9a2af0c5c74,"8c, 20biic, 20, 27a, 27, 29",6,Commercial
6811bcb19f3e133483c6a499,"8c, 20biib, 20",3,Intermediate
6811dbedcfee6d03973217c3,"8c, 20biib, 20",3,Intermediate
68122c99cfee6da72c3e8df9,"8c, 20biia, 20, 27b, 27",5,Small
68123a684cef0e578db5e19d,"8c, 20biib, 20, 27b, 27",5,Intermediate
68123b969f3e1332d4f11add,"8c, 20biia, 20",3,Small
68123f4dd83119985011d3a9,"8c, 20biia, 20, 27b, 27",5,Small
6812637eef91ddaecfc08675,"27b, 8c",2,Small
6812ca9a4cef0e6913bac98a,"20biib, 20",2,Intermediate
6812e1e8d8311940da18e036,"8c, 20biic, 20, 29",4,Commercial
6813509a46bea0fb6debbfdf,"8c, 20biib, 20, 27",4,Intermediate
68137192e7ba36cc9afa01e9,"8c, 20biia, 20",3,Small
6813c74ae7ba360a9afe97a4,"20biib, 20",2,Intermediate
681444b921870a30b2de41b2,"20biia, 20, 29, 8c, 27",5,Small
68144f93b006f901bf6d1b77,"8c, 20biia, 20, 27b, 27",5,Small
681477902b206a044bdd9f7e,"20biib, 20, 106",3,Intermediate
6814adc5bf5809594fe2bc0d,"8c, 20biia, 20",3,Small
6814d95be7ba36285b1eedcf,"8c, 20biic, 20, 29, 8b, 8, 20ai",7,Cultivation
681501756b5cd8164f07e206,"8c, 20biia, 20, 27b, 27",5,Small
6815090583ecc77cce1ed3aa,"8c, 20biia, 20, 29",4,Small
68151a23484029c405120ca5,"8c, 20biib, 20",3,Intermediate
68151edfb7f7ce0c26d2971f,"8c, 20biia, 20, 27b, 27",5,Small
681572bfb006f940d493d0d0,"20biib, 20",2,Intermediate
6815eec746bea029613d0809,"8c, 20biib, 20, 27",4,Intermediate
681603526b5cd8aef65c57ce,"8c, 20biib, 20, 29",4,Intermediate
681607f12b206a595a4da33e,"8c, 27",2,Small
681631dd83ecc7e9ec8b638a,"8c, 20biia, 20",3,Small
68163209bf58097d015c7183,"8c, 20biia, 20, 27",4,Small
6817506ae7ba36032ba7fc79,"8c, 20biia, 20, 27",4,Small
681850d0d63a2ea928778c9c,"20biia, 20",2,Small
6818d1336b5cd8eec2f45e29,"8c, 20biic, 20",3,Commercial
68194fba6b5cd8843afa1a20,"8c, 20biia, 20, 27a, 27",5,Small
68195fa2d63a2e4402b92668,"22b, 22, 27",3,Intermediate
6819a1502c30bb5e75932abb,"20biib, 20, 8c",3,Intermediate
6819c07fe8b103f0831f2b2c,"8c, 20biia, 20, 27",4,Small
6819eb1896ba045e2b92da36,"8c, 20biia, 20",3,Small
6819f43aea0d5c90757c3d19,"8c, 20biib, 20",3,Intermediate
681a28dbea0d5ca44089b918,"8c, 20biia, 20",3,Small
681a43f42c30bb0504b54be8,"8c, 20biia, 20",3,Small
681a59a1392e754fcf23e2f0,"8c, 20biia, 20, 27",4,Small
681a6b8796ba044a27a0fdbd,"8c, 20biib, 20",3,Intermediate
681aaf55ea0d5cee9091a804,"20biia, 20, 8c, 27",4,Small
681ab88121b1c3bde211fb73,"27a, 27",2,Small
681afa92b6cbeb033b0bbf8f,"20biia, 20, 8c",3,Small
681b5bf715e660e79cd7b884,"20biia, 20, 27",3,Small
681b6b07ea0d5c1166dcae92,"8c, 27",2,Small
681b7c25392e7509654d83d9,"8c, 20biib, 20, 29",4,Intermediate
681bb96aea0d5c93aae023fe,"8c, 20biia, 20",3,Small
681be7fe392e75c69b4f1c22,"8c, 20biia, 20, 27",4,Small
681c0ee56b0f9a634c2bd327,"8c, 20biia, 20, 27",4,Small
681c332b21b1c3368e579db4,"8c, 20biia, 20, 27",4,Small
681c3d33b6cbeb96b630542b,"8c, 20biib, 20, 29",4,Intermediate
681c516de8b10332067f6691,"8c, 22a, 22",3,Small
681c73a621b1c3293573fe65,"8c, 20biib, 20, 27",4,Intermediate
681c96ae15e6602c2603911f,"8c, 20biia, 20, 27b, 27",5,Small
681c9f36b6cbeb15b24d43e5,"8c, 20biib, 20, 27, 29",5,Intermediate
681cd16cea0d9832b65fd2b0,"8c, 20biic, 20",3,Commercial
681ce57221b1c3b3458559e8,"8c, 20biia, 20, 27",4,Small
681d7182ea0d985808648374,"8c, 21b, 21, 27",4,Intermediate
681da5246b0f9a7845705f66,"8c, 20biib, 20",3,Intermediate
681db3e1392e7575d69c26f5,"20biia, 20, 9",3,Small
681dd665e8b10344a6b1f08d,"8c, 20biib, 20, 29",4,Intermediate
681df63421b1c39a64b5aa1f,"20biia, 20, 27b, 27",4,Small
681e0b48392e754fd8b304db,"8c, 20biia, 20, 27b, 27",5,Small
681e19b6392e755e58b42a57,"8c, 20biia, 20, 27b, 27",5,Small
681e1ab315e6606e152cc149,"20biia, 20, 27b, 27",4,Small
681e22ba392e752be6b4fe3f,"8c, 20biib, 20, 106",4,Intermediate
681ebf0ee8b103d5fdc03529,27,1,Small
681f155096ba047968395d56,"8c, 20biib, 20",3,Intermediate
681f20ec392e753d7ace44c3,"8c, 20biic, 20, 27, 29",5,Commercial
681f6ec52c30bb025485188b,"8c, 20biia, 20",3,Small
681f74e221b1c366a8e2ab68,"8c, 27",2,Small
681f8690167593fd545bf63b,"27b, 27",2,Small
681fa646392e757bdfdb56ae,"8c, 20biia, 20",3,Small
68209bb9492ec372a4c29faa,"8c, 20biia, 20, 27a, 27",5,Small
68209c2821b1c36a30fb9cff,"8c, 27b, 27",3,Small
6820e29121b1c33fb7ff0b12,"8c, 20biia, 20, 27b, 27",5,Small
6820e4ac1675938b066f8d38,"20biia, 20, 27",3,Small
6820e541492ec37cc8c52464,"20biib, 20",2,Intermediate
6820efd6e8b103e9a0ee3b44,"20biia, 20",2,Small
6821030f167593055d6fefda,27,1,Small
6821c0aaea0d5c61c9ba16f1,"8c, 20biia, 20",3,Small
6821d13415e66082a57d07e8,"8c, 20biib, 20, 27b, 27",5,Intermediate
6821fdf3e8b103b11d1c08c1,"8c, 20biia, 20, 27b, 27",5,Small
68221ee315e6608a9b8c2fcf,"8c, 27b, 27",3,Small
68222248ea0d98315ce57684,"8b, 8, 20ai, 20",4,Cultivation
6822231b392e75681b40ab31,"8c, 20biia, 20",3,Small
682228c3e8b10357361e9802,"8c, 20biib, 20",3,Intermediate
682229f796ba047653a04ea8,"8b, 8, 20ai, 20",4,Cultivation
6822adefe8b1036b0c23527b,"8c, 20biib, 20",3,Intermediate
6822b8386b0f9a78fb1056bf,"8c, 20biia, 20, 27",4,Small
6822ef5305675f55cbd37937,"8c, 20biib, 20",3,Intermediate
682301115f5ececfed0ddc79,"8c, 20biib, 20",3,Intermediate
682315f6e454e065e066f2d8,"8c, 20biia, 20",3,Small
68235be309653f4ef3926aea,"8c, 20biib, 20",3,Intermediate
68235e687d549cea4ab7ca26,"8c, 20biia, 20",3,Small
68239e8564b0599c47ca1fe7,"8c, 20biib, 20, 27",4,Intermediate
6823f34a8bd4efde2dbb4b67,"8c, 20biia, 20, 27",4,Small
68246e7be454e0884985f600,"8c, 20biia, 20",3,Small
682478c464b0594205eaf6f1,"8c, 20biib, 20",3,Intermediate
6824c3dbed1eb050daa6b927,"8c, 20biia, 20, 27b, 27",5,Small
6824cb60e454e085278efafa,"8c, 20biia, 20, 27",4,Small
6824d73af76e1dd37611443d,"8c, 20biib, 20",3,Intermediate
6824e1a1a342011a4e707b3c,"8c, 20biib, 20",3,Intermediate
68255420ef17d0217cbfb8e4,"20biia, 20",2,Small
6825b000ef17d02cf5d13646,"125, 8c, 20biib, 20, 18c, 18, 27bii, 27",8,Commercial
6825f5bbef17d049f5f2b760,"8c, 20biia, 20, 27",4,Small
6825f7d3f76e1dcfda53429a,"8c, 20biia, 20",3,Small
6826031de454e0387ab6181e,"8c, 20biib, 20",3,Intermediate
682643435f5ece0e46873d3e,"8b, 8, 20bi, 20",4,Intermediate
6826e538a342016eecddcca9,"8c, 22c, 22, 27a, 27, 29",6,Commercial
6826eb4e05675f66664c9b8f,"8c, 22c, 22, 27a, 29",5,Commercial
68273c0f09653fa16132daea,"8c, 20biia, 20",3,Small
682745e464b05919fe6cf343,"8c, 20biia, 20",3,Small
68275007ed1eb0201925859c,"8c, 20biia, 20",3,Small
682752c1ef17d0d35424ea4e,"8c, 20biib, 20, 27",4,Intermediate
682755b105675f2ded5c96fe,"27b, 27",2,Small
6827810de454e0280be0a8ff,"27b, 27, 8c, 20biia, 20",5,Small
6827881e05675f86055ec78e,"8c, 20biia, 20",3,Small
682880037d549c86f6a72f24,"8c, 27a, 27",3,Small
6828936bf37ea2ce2eaffa79,"20biia, 20, 27, 8c",4,Small
6828c6738bd4ef92a889ca2c,"8c, 20biib, 20",3,Intermediate
6828cd3109653f5f606faa8d,"8c, 27b, 27",3,Small
68292dfaa34201f860503961,"8c, 20biia, 20, 27b, 27",5,Small
682945c264b059f109b20383,"27a, 27, 8c",3,Small
68295036ed1eb006466f761d,"8c, 20biia, 20",3,Small
6829ea317d549c6fc1c0d292,"8c, 20biia, 20, 27a, 27",5,Small
6829f569ed1eb08e6483319c,"20biia, 20, 8c",3,Small
6829f59e5f5ece92fcfdff18,27b,1,Small
682a2194f76e1d2a88f41ab5,"8c, 20biib, 20",3,Intermediate
682a2489f76e1d1d54f43183,"20biia, 20, 8c",3,Small
682a3a477d549c68e9c31c66,"8c, 20biia, 20, 27",4,Small
682b26ac7d549ca37fe09a4c,"8c, 20biia, 20, 27b, 27",5,Small
682b6e125f5ecefdf91c544c,"8c, 20biia, 20",3,Small
682ba95864b059bffee66b96,"8c, 20biia, 20",3,Small
682bd1b3ef17d056c49a932d,"8c, 20biib, 20",3,Intermediate
682c81d064b059329103ed9b,"8c, 20biic, 20, 29",4,Commercial
682ca3e2ef17d024abb43c80,"20biia, 20",2,Small
682ca7c7f76e1d64bd3d28b9,"22b, 22",2,Intermediate
682d6930ef17d01bb0bca609,"8c, 20biib, 20",3,Intermediate
682dadddef17d09f71c7c3bc,"8c, 20biia, 20",3,Small
682dd8b47d549c1ec62e2448,"8c, 20biia, 20",3,Small
682de108f76e1dd13960a9a1,"8c, 20biia, 20",3,Small
682df36a8bd4ef4088fc495c,"8c, 27",2,Small
682e0b61f37ea21d3b345200,27,1,Small
682e0ef305675f6f81e82b51,"8c, 20biib, 20, 27",4,Intermediate
682e1ead8bd4ef6391fdceec,"20biia, 20, 27b, 27",4,Small
682e9c3b05675f036aec687f,"8c, 20biia, 20",3,Small
682ee75aef17d0f464e00391,"8c, 20biib, 20",3,Intermediate
682f14aaf76e1dcaea883d5a,"20biib, 20",2,Intermediate
682f32cfed1eb029ae1153e8,"8c, 20biia, 20",3,Small
682f3fd5f37ea2d859580ef9,"20biia, 20, 27b, 27",4,Small
682f478b8bd4ef6a371d8fe0,"8c, 20biia, 20, 27",4,Small
682f5e2da342010897e580d9,27,1,Small
682f628609653f1274f8a064,"8c, 20biia, 20",3,Small
682f6adc64b0599d1541bc2a,"8c, 20biia, 20",3,Small
682f6b86ef17d0649dedff9d,"8c, 20biib, 20",3,Intermediate
682f6ff405675f5eaa04b129,"8c, 20biib, 20",3,Intermediate
682f903a7d549c8e925b0890,"8b, 20bi, 20",3,Intermediate
682fc47b5f5ece1f7475c478,"27b, 27",2,Small
682fd4537d549c5d975e8886,"27a, 27",2,Small
68304cadef17d0d773023502,"8c, 20biib, 20",3,Intermediate
68305407ed1eb043f82a712a,"8c, 20biib, 20",3,Intermediate
68308a40f37ea20a0d7cc3d0,"8c, 20biia, 20, 27a, 27, 77",6,Small
6830a234e454e0537d7a425c,"8c, 20biib, 20",3,Intermediate
6830b115ed1eb0424934fd4b,"8c, 20biic, 20, 29",4,Commercial
6830ba508bd4ef60b83e01c0,27,1,Small
6830bf855f5ece731f928fa3,"20biia, 20",2,Small
6830f5ad5d3955b6e5a1797e,"8c, 20biib, 20",3,Intermediate
6830f7666e1231be5258e9f7,"8c, 27b, 27",3,Small
68312affccb908704b7ddcce,"27b, 27",2,Small
68312c7649ae4bf9b0142ad5,"8c, 20biia, 20",3,Small
68317de5b8c25e3487af2ced,27,1,Small
6831bd9e13f73c5e332049f0,"8c, 20biib, 20, 27a, 29",5,Intermediate
6831ce0b13f73cc363258e94,27,1,Small
6831d344b8c25e7d39cace78,"8c, 20biib, 20",3,Intermediate
6832089e57d4cabcbb318c9f,"8c, 20biic, 20, 27a, 29",5,Commercial
68320cf113f73c4e3e27f254,"8c, 20biia, 20, 27b, 27",5,Small
68320d1f6e1231e8b0895aa5,"27a, 27, 8c",3,Small
6832782accb9081e7caaee46,"8c, 20biib, 20, 27a, 27",5,Intermediate
683357154690461daf46293f,"20biib, 20",2,Intermediate
68337dd4b8c25ee3d6e4a130,"8c, 20biia, 20",3,Small
683380de5d395565bfdc5ad6,"8c, 20biia, 20",3,Small
68341213845d1a0254e41a38,"8c, 20biia, 20",3,Small
68343caa13f73ce444534991,"8c, 20biia, 20",3,Small
68344b76b8c25e5643014ddc,"8c, 20biia, 20, 29",4,Small
68344ecc5d39556511f933f4,"8c, 20biia, 20",3,Small
6834504a469046b13a5fa896,"8c, 20biia, 20, 27",4,Small
68345b6957d4cabb886bd8f3,"8c, 20biib, 20, 27",4,Intermediate
68349e3dccb90871f1e2e436,"20biia, 20, 27",3,Small
6835c90b9b9c567a39d57dc9,"8c, 20biib, 20",3,Intermediate
6835dec72a3027604505d190,"8b, 8, 20ai, 20, 8c, 20biia",6,Cultivation
6835e2675cd710fec524a4dd,"8c, 27",2,Small
6835e4432a30270392060c62,"8c, 27",2,Small
6835ed4c7ba8f898caece4a1,"8c, 20biia, 20, 27b, 27",5,Small
68362e562a3027692107cb59,"27b, 27",2,Small
683670b12a3027065b0bbfb1,"27a, 27, 8c",3,Small
6836e6ac520540bcdb36b0a2,"8c, 20biic, 20, 27a, 29",5,Commercial
6837096c37c07844472c98a6,"8c, 20biib, 20, 27b, 27",5,Intermediate
683724fe7eab283480c97fb3,"8c, 20biia, 20, 27b, 27, 8b, 8, 20a",8,Cultivation
68372ff837c078a19230fa61,"8c, 20biia, 20",3,Small
68373ddc52054045d147fb78,"8c, 20biia, 20, 27b, 27",5,Small
68373f6f7ba8f823fe1239b2,"20biia, 20, 27b, 27",4,Small
68374263520540d0b6483d59,"8c, 20biib, 20",3,Intermediate
683748eb5205402ded489daf,"8c, 20biib, 20",3,Intermediate
683770e37eab2853a0cdef4d,"20biia, 20, 8c",3,Small
683774dce00f6085f2e2a013,"8c, 20biib, 20, 27b, 27",5,Intermediate
6837d60037c078e69e370d4e,"8c, 20biia, 20, 27",4,Small
6837f4bdd1a61d3c2b887834,"8b, 8, 20ai, 20, 27a, 27",6,Cultivation
683810b35cd71046f6710a1a,"8b, 8, 20ai, 20",4,Cultivation
6838165c9b9c56224421b50f,"8c, 20biia, 20, 27",4,Small
683826f5832a7d3e9dd47080,"20biia, 20",2,Small
68387a107eab28cb69f7230a,"27b, 27",2,Small
6838a5e32a302725d3533fb0,"20biia, 20, 27b, 27",4,Small
6838a9f537c0784efb552f3f,"27b, 27",2,Small
6839105b7eab28405ffcc537,"27b, 27",2,Small
683956549b9c5627fc46a501,27,1,Small
6839839552054039e78b334e,27,1,Small
6839873ed1a61d0943beab9d,"20biia, 20",2,Small
6839b62b9b9c56a1975ac1cd,27,1,Small
6839d73c9b9c56158c5de87a,"8c, 20biib, 20",3,Intermediate
683a082652054007c396cca4,"8c, 20biia, 20",3,Small
683a487a7ba8f8b83453d76f,"8c, 20biia, 20, 27b, 27",5,Small
683a4e7cf4874e0b6789e033,"8c, 20biib, 20, 27, 29",5,Intermediate
683a514a9b9c566b2663218b,"8c, 18b, 18, 20biib, 20, 21c, 21, 29, 15",9,Commercial
683ae2babfe89ea66f06e1b4,"8c, 20biia, 20",3,Small
683b1140061a772bc6a6bd4c,"8c, 20biia, 20, 35, 3, 5",6,Small
683b22e3d6c3957f1f10c039,"27b, 27",2,Small
683b3d16061a771498a9d1b4,"8c, 20biib, 20",3,Intermediate
683b3fb3be82f69179b4623d,27b,1,Small
683b453541a284c084700a6f,"27b, 27",2,Small
683b4d1b4cc4350fd8132b83,"27b, 27",2,Small
683b609b1c05b72853dda6ef,"8c, 20biia, 20",3,Small
683c4e694cc435c4a3220d37,"27b, 27",2,Small
683c6f596fb8d68b659c1219,"27b, 27",2,Small
683c73fcbfe89ed3f927975f,"8c, 20biia, 20",3,Small
683d1801bfe89e35ba2d7443,"27b, 27",2,Small
683d1d35be82f6844bca8bc3,"20biia, 20",2,Small
683d3a993a7af020180ebb03,"8c, 22c, 22, 29, 27a, 27",6,Commercial
683dd58c7f1b0208640ee4b3,"20biia, 20",2,Small
683dddacd8e1e8c90c47c7ec,"8c, 21c, 21, 25a, 25, 29",6,Commercial
683de232f418b7f5fb6dcde1,"20biia, 20, 27",3,Small
683e82a4dd21e5395ac19799,"20biia, 20",2,Small
683ec71a009237dc91bfdf9e,"8c, 20biia, 20",3,Small
683f10c58a1cefb64788cd11,"8c, 20biia, 20, 27b, 27",5,Small
683f8e42bcbe860a7d7bb96f,27,1,Small
683f9b8b009237457ce4d8f4,27,1,Small
683fade3009237fe5ae5270e,"8c, 20biib, 20, 29",4,Intermediate
683faedea454508ceeda5b0e,"20biia, 20, 27b, 27",4,Small
684004597f1b02e89a40ba89,"20biia, 20",2,Small
68402a6ea626ee065b9c03e6,"8c, 20biia, 20",3,Small
68403555009237c602fd9010,"8c, 20biia, 20, 29",4,Small
684052b18a1cefe0b0abe4af,"8c, 20biia, 20, 27",4,Small
684080487f1b02500b4db8ff,"8c, 20biib, 20",3,Intermediate
684084768a1cefd784adabe6,"20biib, 20",2,Intermediate
684135baa45450fb51fb9799,"8c, 20biib, 20, 27b, 27",5,Intermediate
68413fabbcbe86f9e6a00f3c,"8c, 20biia, 20",3,Small
68417d7bd8e1e8c88a9ea45a,"8c, 20biib, 20",3,Intermediate
6841a798d8e1e85993a39149,"8c, 22c, 22, 29",4,Commercial
6841b91e0092374f8f2ad17f,"8c, 20biia, 20, 27b, 27",5,Small
6841cbf0a4545072fc0e4701,"8c, 20biia, 20",3,Small
6841e2b1bcbe861b7cb50385,"8c, 20biib, 20",3,Intermediate
6841e5534037502c3857d5ae,"8c, 27b, 27",3,Small
684284febcbe865080be3506,"8c, 20biic, 20, 27a, 27, 29",6,Commercial
6842d0aebcbe865109cd2e39,"8c, 20biia, 20",3,Small
68430be28a1cef9143f070ec,"8c, 20ai, 20, 27b, 27",5,Cultivation
6843288ad8e1e8877ebf8a59,"8c, 20biia, 20",3,Small
68434bde009237afb0521d0e,"8c, 20biia, 20, 27",4,Small
684390de009237ce3755e547,"20biib, 20",2,Intermediate
6843da3e3a7af098d0c23678,"8c, 20biib, 20, 27a, 27",5,Intermediate
6843e1edbcbe8675c0e05192,"8c, 20biib, 20, 27a, 27, 29",6,Intermediate
6844170ba626ee430ff6fac3,"3094, 309, 4, 3096, 6, 311, 8c, 20biib, 20, 251a, 25, 1",12,Intermediate
684448b5dd21e557f751b90e,27,1,Small
68445bb5a626ee375e009e9e,"27b, 27",2,Small
68446b86a4545035614230fd,"8c, 20biia, 20",3,Small
68457ea0a626ee48eb111efd,"8b, 8, 8c, 20a, 20bi, 20",6,Cultivation
6845b07aa626ee24ee14e48b,"27b, 27",2,Small
6846bc5ca626eec92c2c7242,"8c, 20biib, 20",3,Intermediate
6846bca1bcbe8638bc15ce38,"27a, 27, 27b",3,Small
6846e14e0092375f6d9f5b8a,"8c, 22c, 22, 29",4,Commercial
6847aa5ad8e1e85b3e0b6571,"8c, 20biia, 20, 27b, 27",5,Small
6848338490d6016f3d2fa49c,"8c, 20ai, 20, 27b, 27",5,Cultivation
68486d588a1cefad7a61e085,"8c, 20biia, 20",3,Small
6848cb598a1cef3a1965ede6,"274, 275, 202, 20, 2, 20biia",6,Small
6849283edd21e585fba58d67,"223, 280, 292, 34a, 34, 27",6,Small
6849968ea45450ca81ac5f5c,"20biia, 20, 251bb, 25",4,Intermediate
6849ad45a45450e7bdad7359,"8c, 20biib, 20, 27b, 27",5,Intermediate
684a6769bb5f594b93c4969a,"8c, 20biic, 20",3,Commercial
684ad67ab4eb82302daa03fa,"8c, 20biia, 20",3,Small
684b017ef95bc2706f0d92ed,"8c, 20biia, 20, 29",4,Small
684bdb10b4eb822e0ebd48b7,"20biia, 20, 27, 8c",4,Small
684bdb7ac798e079f4d0e26e,"8c, 20biia, 20",3,Small
684c1fbfb4eb827707c9e3f4,"8b, 8c, 20ai, 20, 20biia",5,Cultivation
684c4b62571be4559d5bb4b6,"8c, 20biia, 20, 27b, 27",5,Small
684c793c39c038638b8ad5fb,"20biia, 20, 8c",3,Small
684c9422f95bc24df62daacb,"20ai, 20, 20biia",3,Cultivation
684d02a1b4eb82de78d49f0f,"8c, 22b, 22, 22c, 27a, 29",6,Commercial
684d57292b1cae43737bd4b1,"20biib, 20",2,Intermediate
684d654af3481b499b7cd132,"8c, 20biia, 20, 27b, 27",5,Small
684d887378ff678bbb490126,27,1,Small
684d947ebd0febb815381842,"8c, 20biia, 20, 27b, 27",5,Small
684da377b4eb82868eecff06,"8c, 20biib, 20",3,Intermediate
684dad9d83745a26b80ed3d6,"8c, 20biia, 20",3,Small
684dd27c83745a29ca0f7567,"8c, 20biia, 20, 27b, 27",5,Small
684e1e5f39c038746ba9a270,"8c, 20biib, 20",3,Intermediate
684ea8beb4eb828c3dfdc9bd,27,1,Small
684ee5a5bb5f59d0d5135fef,"8c, 20biib, 20, 27b, 27",5,Intermediate
684f258878ff67703359f4ed,"27, 8c, 20biia, 20",4,Small
684f72a0f3481bae799ace53,"8c, 20biia, 20",3,Small
684f837ff3481b65c99b3049,"27a, 27",2,Small
684f8e5f83745a559e277a9b,"8c, 20biib, 20",3,Intermediate
684ffef183745a4f2341af25,"8c, 20biia, 20, 27b, 27",5,Small
6850082183745a5911449dc2,"20biib, 20",2,Intermediate
68503c0039c0385de6dad6c2,"8c, 20biib, 20, 27b, 27",5,Intermediate
68503dfc39c0386c80db037e,"27a, 27",2,Small
685042d3bd0febb13f7490e5,"8c, 20biia, 20",3,Small
6850cd18bd0feb3a437b27a4,"27a, 27",2,Small
6850d62c83745a329756ae0c,"8c, 20biia, 20",3,Small
6850dcf4b4eb8204a632edb1,"8c, 20biia, 20",3,Small
6850eb7affde0f5a11449053,"8c, 20biia, 20, 27b, 27",5,Small
6850ff7d4ef4638773068bf7,"8c, 20biia, 20",3,Small
68515bf24ef4632cad1dbc11,"8c, 20biia, 20",3,Small
685163704ef463adc61f6cf8,"8c, 20biib, 20",3,Intermediate
68517679ffde0f12685d85db,"8c, 20biia, 20",3,Small
68517ee06d5ed93d2543210f,"8c, 20biia, 20",3,Small
6851a9e6c36923299de88e12,"8c, 20biia, 20",3,Small
6851bc2e0cc41a510ad813f3,"8c, 20biia, 20, 27b, 27",5,Small
6851bd2d6d5ed912ab451148,"18b, 18, 27b, 27",4,Intermediate
6851c2441af5b7223f6c7626,"8c, 20biia, 20, 27b, 27",5,Small
6851cdd5024016a032c65441,"8c, 20biib, 20, 27",4,Intermediate
68529ad99a2d21be76b102ac,"8c, 20biia, 20, 29",4,Small
6852a969b8b1e375c0e0c7bc,"8c, 20biia, 20, 27",4,Small
6852c1439a2d21590abc7c60,"8c, 20biia, 20, 27",4,Small
6852da8624c3cfffc8943994,"8c, 20biia, 20",3,Small
6852dcaf1e72af634e815e49,"8c, 20biib, 20, 27",4,Intermediate
6852dd3756a0c0a38904dd55,"20biia, 20",2,Small
6852dd7472874b3020b8c987,"8c, 20biia, 20, 27",4,Small
6852fb98c66b6b98a71ea42d,"8c, 20biia, 20, 20biib, 27b, 27, 251a, 25, 1",9,Intermediate
685384abeb449d636d828e22,"27a, 27, 8c",3,Small
6853c9a924c3cf2274a940cd,"8c, 20biia, 20",3,Small
6853de3eb8b1e327bcf86ced,"8c, 20biib, 20, 27b, 27, 29",6,Intermediate
6853ecaa56a0c077781d8224,"8c, 20biib, 20",3,Intermediate
6853ee4772874b10faccd59a,27,1,Small
6853f256b8b1e31e0cfbd6a3,"8c, 20biia, 20",3,Small
685406db56a0c0323d232f0c,"20biia, 20, 27",3,Small
685411f3eb6faa61c3dc055f,"20biib, 20, 8c",3,Intermediate
68543d02b8b1e3437702c180,"8c, 27b, 27",3,Small
68544afb59cf5b81fd204bfd,"20biia, 20, 27, 8c",4,Small
68544cba59cf5b18892056ec,"8c, 20biia, 20",3,Small
6854511159cf5b13d22073d2,"8c, 20biib, 20, 29",4,Intermediate
685468ba59cf5b13b720f395,"8c, 20biia, 20",3,Small
6854b00a59cf5b898b24bd5d,"8c, 20biia, 20",3,Small
6854c9e9eb6faa167be50718,"8c, 20biia, 20, 27a, 27",5,Small
68553fb78efba255e081e74b,"8c, 20biib, 20, 29",4,Intermediate
68554395a11f5f1da9179a8a,"8c, 20biia, 20, 27",4,Small
68557753fc7119176e85bd0d,"27b, 27",2,Small
6855972e928da147fdbcd7df,"20biia, 20",2,Small
6855b7c38efba21421901fe5,"8c, 20biia, 20",3,Small
6855badea11f5f24dd256444,"8c, 20biib, 20",3,Intermediate
685606dafc711904268d2b48,"8c, 20biic, 20",3,Commercial
68560cb68efba2646694408a,"20biib, 20, 29",3,Intermediate
685622185c524670e8311e72,"8c, 20biia, 20, 27b, 27",5,Small
6856401bea6016a7507c1411,"8c, 20biia, 20",3,Small
68564289ea60160a3d7d12c0,"27b, 27",2,Small
68564421ea60169cdc7daf48,"20biia, 20, 27b, 27",4,Small
685677b5de62f42245c8b983,"8c, 20biic, 20, 29",4,Commercial
68567dd0de62f461f1c9a555,"8c, 20biib, 20, 27",4,Intermediate
6856a649de62f4004bd2badd,"8c, 20biia, 20, 27b, 27",5,Small
6856afd3de62f404d1d4b3c4,"8c, 20biic, 20, 27a, 29",5,Commercial
6856b4dd5c5246a3ea465564,"8c, 20biia, 20, 27b, 27",5,Small
6856d6a2687077b74ba9f32d,"8c, 20biia, 20, 27a, 27",5,Small
68570328bea9996bae35aceb,"8c, 20biib, 20, 27",4,Intermediate
685712e4ea6016188a9c7b6e,"8c, 20biia, 20, 27b, 27",5,Small
68577a86a973478a9030e54a,"8c, 20biib, 20",3,Intermediate
6857a423fc7119b371b2f813,"8c, 20biic, 20, 29",4,Commercial
6857d61fde62f4af3be77772,"8c, 20biia, 20, 27b, 27",5,Small
6857e1e35c524658b95746d6,"8c, 20biia, 20",3,Small
68580cdfbed64f3a86c236c1,"8c, 20biib, 20",3,Intermediate
685811d9214a306e30e0b233,"8c, 20biia, 20, 27b, 27",5,Small
68585fa483d650717883bdc9,"8c, 20biib, 20, 27b, 27",5,Intermediate
6858f931410d224d417353f6,"20biib, 20, 8c",3,Intermediate
685915a5be4aa0669bb8122d,"8c, 20biic, 20, 29",4,Commercial
685960adc363b7f9070b9e9b,27,1,Small
68596c10bed64f9899f4d9f4,"8c, 20biib, 20",3,Intermediate
685a0602f4e84618d6db84d9,"8c, 22c, 22, 27a, 27, 29",6,Commercial
685a561483d6505eb2c3ad6e,"8c, 20biia, 20, 27b, 27, 29",6,Small
685ac4e76b310fe1cd67150f,"8c, 20biia, 20, 27b, 27",5,Small
685acec7be4aa0a97efe2d1f,"20biia, 20, 27b, 27",4,Small
685ae6f9369c7f0f953e4026,"8c, 20biic, 20, 27b, 27",5,Commercial
685af512c363b703b13eed40,"8c, 20biib, 20",3,Intermediate
685b609a410d22f548c69bf4,"8c, 20biia, 20",3,Small
685b7b56214a3052c94103b8,"8c, 20biib, 20",3,Intermediate
685bdac95651bd2c7af17f18,"8c, 20biib, 20",3,Intermediate
685bf76f5651bd9a42f65ed9,"8c, 20biib, 20",3,Intermediate
685c0570410d22886af14e16,27,1,Small
685c2567c363b705236eddf1,"8c, 20biic, 20",3,Commercial
685c32b45651bd2364fa0dae,"8c, 20biib, 20, 29",4,Intermediate
685ceb91369c7fb2458ad2e4,"8c, 20biia, 20, 27b, 27",5,Small
685d583a5651bd82910d3982,"8c, 20biib, 20",3,Intermediate
685d6f25369c7fb0f1a926c5,"20biia, 20, 27",3,Small
685d75abf4e84633c3727079,"8c, 20biia, 20, 27b, 27",5,Small
685d8e79410d22663528ca43,"8c, 20biia, 20, 27a, 27",5,Small
685d8f51bed64f0abc8c2756,"8c, 20biia, 20",3,Small
685d940ebe4aa0abeb5a399b,"8c, 20biib, 20",3,Intermediate
685d9839369c7fec32aaa01e,27,1,Small
685e2e1ff4e8464a4e7eac20,"8c, 22b, 22, 27, 29",5,Intermediate
685e3022f4e846599b7fae4f,"8c, 20biia, 20",3,Small
685e42a7410d22848138d3f1,"8b, 8, 20ai, 20",4,Cultivation
685e53826b310f5321b45873,"8c, 20biib, 20",3,Intermediate
685e6674070b796911e3550a,"8c, 20biia, 20, 8b, 8, 20ai, 27b, 27",8,Cultivation
685e6fd9be4aa040777617e5,"8c, 20biib, 20",3,Intermediate
685e8c8d410d229de54f7973,"8c, 20biib, 20",3,Intermediate
685ea121410d225e7b56610b,"20biia, 20",2,Small
685eaf11214a301443c67f6f,"20biia, 20",2,Small
685f89105651bdc7492c6a03,"20biib, 20",2,Intermediate
685fd192bed64f24c5e62340,"8c, 20biib, 20",3,Intermediate
685fe05c369c7f81d702927f,"8c, 20biib, 20, 27b, 27",5,Intermediate
685ff38dbe4aa04166b22fbe,"8c, 20biia, 20",3,Small
686008e9bed64fa3bdf096c1,"8c, 20biib, 20, 27a, 27",5,Intermediate
68601951be4aa05d0db4cdba,"8c, 20biia, 20",3,Small
6860226a6b310ff883e0b2b5,"8c, 20bii, 20, 27a, 29",5,Intermediate
68602c1af4e8461037d662fa,"8c, 20biia, 20",3,Small
68602dfc369c7f4d140c04b0,"8c, 20biib, 20",3,Intermediate
68604511214a301089f53e73,27,1,Small
6860aef9f4e84623d6db49ec,"27a, 27",2,Small
6860c6dbf4e846957fdc781e,"27b, 27",2,Small
6860f8256b310f10adeaf547,"8c, 20biib, 20, 27b, 27",5,Intermediate
686162a4214a30eaf80c8b55,"8c, 20biib, 20, 27b, 27",5,Intermediate
68617b7abe4aa00b1ecb90f9,"8c, 20biib, 20",3,Intermediate
68617b8a83d650bd78a4072b,"8c, 20biia, 20",3,Small
6862385dbed64f0c2219fdca,"27b, 27",2,Small
68628316be4aa0ff12e9bdbb,"27b, 27",2,Small
6862bfb1bed64f08f438801d,"8c, 20biia, 20",3,Small
6862c5c3c363b72e4a304b85,"20biia, 20, 27, 8c",4,Small
6862d48e369c7f596253c062,"8c, 20biia, 20, 27b, 27",5,Small
6862de51410d2247c1d7d4b7,"27b, 27",2,Small
6862e008214a300dd23ba868,"8c, 20biia, 20",3,Small
6862f164f4e84696ec21f311,"8c, 20biia, 20",3,Small
68636de6410d227b03df7e1c,"20biia, 20",2,Small
68636feabed64f8c02421bdf,"27b, 27",2,Small
6863b5976b310f68872c9618,"8c, 20biib, 20, 27b, 27",5,Intermediate
6863f4cf83d650e7d4f99e7e,27,1,Small
68640868be4aa09b0313d6e8,"3314, 331, 4, 305, 8c, 20biia, 20",7,Small
686438966b310feb6c36b63b,"8c, 20biia, 20",3,Small
68643b16214a30acbd6881ab,"8c, 20biib, 20",3,Intermediate
6864912d214a3070d26c5fe8,27,1,Small
6864b7fc214a303dcd6dcc06,"8c, 20biib, 20, 27a, 29",5,Intermediate
6864bc726b310fe2c73b8e68,"8c, 22c, 22, 20biia, 20, 27a, 27, 29",8,Commercial
68651de683d650232619c634,"27b, 27",2,Small
686537cc410d22794c2c8dd1,"8c, 20biia, 20",3,Small
68653db2410d22f7282d4691,"8c, 20biia, 20, 27b, 27",5,Small
68654b32214a308f4f8e5457,"20biia, 20",2,Small
68654b5c6b310ffdb350d5cc,"27b, 27",2,Small
6865670cc363b7620a834a3c,"8c, 20biia, 20, 27b, 27",5,Small
68656a88f4e84697ef788d24,"27b, 27",2,Small
6866751183d650371a3e2e9a,"8c, 27b, 27",3,Small
686684a683d650bb014146d7,"8c, 20b2a, 27",3,Small
6866a7946b310fdd6f6fb7b4,"8c, 20biib, 20, 29",4,Intermediate
6866b4c56b310fb4f77016ea,"8c, 20biia, 20, 27b, 27",5,Small
6866c848410d227f835a53a4,"8c, 20biia, 20",3,Small
6866d1eb369c7f5e71d3d86d,"8c, 20biia, 20, 29",4,Small
6866d370bed64f526ebe1fc7,"27b, 27",2,Small
68673527bed64fb3bbc24d86,"8c, 20biia, 20, 27",4,Small
686739d45651bd6289bf83a1,"8c, 20biia, 20, 27",4,Small
68673d92214a3059f3bd608f,"8c, 20biib, 20",3,Intermediate
68674fc094f3dae34e9eec39,"8c, 22b, 22, 27",4,Intermediate
68676bce94f3da236ba31c4c,"8c, 20biia, 20, 27",4,Small
68678a0eba375632383b5c30,"8c, 21b, 21, 27a, 27, 29",6,Intermediate
6867a1176ef5b48129568204,"20biib, 20, 8c",3,Intermediate
6867b312b9047ed4720aee70,"8c, 20biia, 20",3,Small
6867db39b9047e456e129a90,"8c, 20biic, 20",3,Commercial
6867e130a8d9817905547f39,"8c, 20biib, 20, 27a, 29, 27b, 27",7,Intermediate
6867f571b9047e291f14f26b,"8c, 20biia, 20",3,Small
6867fc8db9047e685a152c14,"20biib, 20",2,Intermediate
686809902fdbd15bd15b1950,"20biia, 20, 27",3,Small
686817b194f3da81abbe20f0,"8c, 20biib, 20, 29, 27",5,Intermediate
6868184c6ef5b44d73659fb1,"27b, 27",2,Small
68681ca189dc5c6f44b17967,27,1,Small
68681d1f94f3da123bbe530e,"8c, 20bii, 20",3,Intermediate
686831ea75ab1bbb1d930727,"20biib, 20, 27a, 27",4,Intermediate
68683340a7bc5ade3e0394fa,"8c, 20biia, 20, 27b, 27",5,Small
68683e1e61d47a784d9ca868,"8c, 20biia, 20, 27",4,Small
6868406d2fdbd17e465d74ec,"8c, 20biia, 20",3,Small
686841704d169d48558daab4,"8c, 20biia, 20, 27",4,Small
68684acea8d981ce915a790c,"27b, 27",2,Small
6868f273235a9ad4328eecde,"8c, 27b",2,Small
6868f2a994f3da27ccd3d99a,"8c, 20biia, 20",3,Small
6868f873b9047eee9b2aefd4,"8c, 20biia, 20, 27",4,Small
6869002e94f3dae3ebd762e2,27,1,Small
686903cf94f3da4bc3d84aa6,"8c, 27b, 27",3,Small
68693b382fdbd1744a835f18,"8c, 20biib, 20",3,Intermediate
68693f81235a9a03029c10a1,"8c, 27b, 27",3,Small
686965572fdbd14a558549b7,"8c, 20biia, 20, 27b, 27",5,Small
68697e5c61d47a2bbdc6c994,"22b, 22",2,Intermediate
6869fb1bb9047e773d3adc29,"27b, 27",2,Small
686a3bf1a8d981db5d8d3fa6,"25, 1b, 1, 8c, 20biib, 20, 27b, 27",8,Intermediate
686a3cf6ba37563ed18b5037,"8c, 20biia, 20, 29",4,Small
686a8ea1ba3756ec19929ed8,"8c, 20biia, 20, 27b, 27",5,Small
686aa77b94f3da238df6a80e,"8c, 20biia, 20",3,Small
686abb20a7bc5abaf14238cf,"27a, 27, 27b",3,Small
686af81d89dc5c3377f7f573,"8c, 20biia, 20, 27b, 27",5,Small
686b1300a7bc5a59df4584d6,"8c, 20biib, 20",3,Intermediate
686b6f24ba3756e118a10069,"8c, 20biia, 20",3,Small
686b8d9d6ef5b433a1a7b1b0,"8c, 20biia, 20",3,Small
686b97ada8d9812e82a96fcc,"27b, 27",2,Small
686ba27a94f3dab2fa0a8d6b,"8c, 20biib, 20, 27b",4,Intermediate
686ba2ec61d47abbdeedd50c,"8c, 20b, 20, 27",4,Intermediate
686bb040a7bc5ad6bc5f11d9,"27b, 27",2,Small
686bc6b96ef5b48d20af9d0b,"8c, 20biia, 20, 29",4,Small
686bcdffba37567f17b5af48,"8c, 20biic, 20",3,Commercial
686bd56961d47a1279f95c9a,"27b, 27",2,Small
686c0731a8d98151bdb9fefb,"8c, 20iia, 20",3,Small
686c133d89dc5c049d213f4a,"8c, 27b, 27",3,Small
686c189894f3da8d0b16f9af,"8c, 20biib, 20",3,Intermediate
686c1e6494f3da00141719ff,"8c, 20biia, 20, 27b, 27",5,Small
686c99d58d0ad1de379d03f6,"8c, 20biia, 20",3,Small
686cb0ff3eacb55fe073255b,"8c, 20biia, 20, 22a, 22, 22b, 27a, 27, 29",9,Intermediate
686cc607722c0c7321192c1d,"20biia, 20, 27",3,Small
686d076d2bea2aeb69207425,"20biia, 20, 27b, 27",4,Small
686d07fe2bea2ad01f214ca9,"8c, 20biia, 20, 27",4,Small
686d1a5f8fbaa64a33e237d1,"8c, 20biic, 20, 29",4,Commercial
686d45d38fbaa608ddea94dd,"8c, 20biia, 20",3,Small
686d49138fbaa67440eb241d,"27b, 27",2,Small
686d492708ee766ae612088a,"8c, 20biia, 20, 27",4,Small
686d5f4d6c862dd07320a96d,"8c, 22c, 22, 27b, 27, 29",6,Commercial
686d8048a7bd72b2a2914b8b,"8c, 20biia, 20, 27",4,Small
686dbd05a7bd722dab94bfd3,"8c, 22b, 22, 27a, 27, 27b",6,Intermediate
686dd7996c862d717624effb,"8c, 20biia, 20, 27b, 27",5,Small
686e0e4b2bea2a07f25118d7,"20biia, 20",2,Small
686e21f313f8f4719a5b7195,"8c, 20biia, 20, 27b, 27",5,Small
686e35196c862d2c6d4be073,"8c, 20biib, 20",3,Intermediate
686e3600234097245895c099,"8c, 20biia, 20",3,Small
686e43d4722c0cbb535ddf59,"8c, 20biia, 20, 27",4,Small
686e6d98722c0c2d236c8387,"8c, 20biib, 20",3,Intermediate
686e70d308ee769a3b71248c,"8c, 27",2,Small
686e77958fbaa6d53d3deb27,"8c, 20biia, 20",3,Small
686e78a38c075442c9746f9c,"111, 20biia, 20, 27",4,Small
686e7f8e08ee767d6e75e103,"8c, 27",2,Small
686e83966c862d1d7a68c14b,"8c, 20biia, 20, 27b, 27",5,Small
686e93de8d0ad10894ff3d31,"8c, 20biia, 20",3,Small
686e9a498c0754591678f7dd,"27b, 27",2,Small
686ee580722c0c362971e55b,"8c, 20biib, 20",3,Intermediate
686ee8a5234097685bba2b19,"8c, 20biia, 20",3,Small
686f22ed234097d859bda6c8,"8c, 20biib, 20, 29",4,Intermediate
686f4a3c2bea2aad6da2af31,"8c, 20biia, 20, 27b",4,Small
686f82b013f8f4102dc3f22c,"8c, 20biib, 20, 27b, 27",5,Intermediate
686f882f234097c776e61a63,"8c, 20biib, 20, 27b, 27",5,Intermediate
686f8b243eacb5e26033fa95,"20biib, 20, 29",3,Intermediate
686f9ed66c862dbf4ea05e67,"8c, 20biib, 20, 27",4,Intermediate
686fa5123eacb568f8412316,"27b, 27",2,Small
686fb5032340974395f87812,"8c, 20biib, 20",3,Intermediate
686fb5253eacb51521479792,"14, 4, 8c, 20biib, 20, 27",6,Intermediate
686ff58508ee761af7c93e31,"20biia, 20, 27b, 27",4,Small
686ffd378fbaa6c66c822050,"8c, 20biia, 20",3,Small
686ffea42bea2a93a9e356da,"8c, 20biia, 20",3,Small
687004048fbaa6bdf08258fe,"111, 20biia, 20",3,Small
6870124c13f8f4ae7ceb3a42,"8c, 20biib, 20, 27",4,Intermediate
687076ada7bd722fcb4ad88c,"8b, 20ai, 20",3,Cultivation
687077308c07545285c6de12,"8c, 20biib, 20",3,Intermediate
6870949cb003cb49c9f4336d,"29, 8c, 20biic, 20",4,Commercial
6870b9e993bbbe6d0ae047c1,"27b, 27",2,Small
6870cd8eb877a11469b84588,"8c, 20biib, 20",3,Intermediate
6870df235f000931a998dcaa,"20biia, 20",2,Small
6870ef904808353497051b66,"8c, 20biia, 20",3,Small
6870f30ab003cb10d8455653,"27b, 27",2,Small
6871003a3f28286d0a9330da,"8c, 20biia, 20",3,Small
68711c4a3f2828eb499ac850,"8c, 20biib, 20, 29",4,Intermediate
68711f264a1367ed775d7f0e,"27b, 27",2,Small
687122ec5f00096f38b6abd3,"27b, 27",2,Small
68713998b003cb5b365765e2,"27b, 27",2,Small
68714574b877a1f6b3e55ce2,"27b, 27",2,Small
68714939b003cbbf72580437,"8c, 20biib, 20",3,Intermediate
68714fe033df628d2d1d6eb5,"8c, 20biia, 20, 27",4,Small
6871d0f75f00098a97be9dea,"8c, 20biia, 20, 27",4,Small
6871e683b003cb56f5615efc,"8c, 20biib, 20",3,Intermediate
6871f5225f000922b5c5c4fe,"8c, 20biia, 20, 27b, 27",5,Small
68722c7b93bbbe053c31dd91,"8c, 20biia, 20",3,Small
68723043a9596f3f5a9392f4,"8c, 20biia, 20",3,Small
687233834a136760736f809b,"8c, 20biia, 20, 27",4,Small
6872526e480835c02b257a32,"27b, 27",2,Small
6872560d33df62fa1c3edd13,"8c, 27b, 27",3,Small
6872752299fd0e37ef7caba8,"27b, 27",2,Small
68729b41b003cb22b2836ef2,"8c, 20iia, 20, 27b, 27",5,Small
6872a82a480835c1ea2a018e,"27b, 27",2,Small
6872a951b003cb283b83bd60,"8c, 20biia, 20, 27b, 27",5,Small
6873527993bbbe933e441269,"27b, 27",2,Small
687354333f282809f1c91072,"8c, 20biib, 20, 27b, 27",5,Intermediate
68735ba993bbbe14fe453376,"27b, 27",2,Small
68736d37b003cba72d8de4bf,"8c, 20biia, 20, 27",4,Small
6873739599fd0e7d908aa59d,"8c, 20biia, 20, 27",4,Small
6873909b4a136717df81befb,27b,1,Small
6873a0fb1509d548d3e7b509,"8c, 20biib, 20, 27a, 27, 29",6,Intermediate
6873f1bb99fd0e4748938ebc,"20iia, 20, 27b, 27",4,Small
6873fa405f0009a7adf28018,27,1,Small
68746685a9596fd4cfaf9c23,"8c, 20biia, 20, 27",4,Small
68749ef83f2828f2efebe31a,"8c, 20biia, 20, 27a, 27",5,Small
6874e5d61509d5b98d19a3d6,"8c, 20biib, 20",3,Intermediate
6874fab0c6b6054596b2b3ac,"20biia, 20",2,Small
6875017db877a12f7665e618,"8c, 20biib, 20, 27a, 27, 27b",6,Intermediate
687507d94a1367887dd9b963,"8c, 20biia, 20",3,Small
6875256f99fd0e7c9bdfe133,"20bii, 20, 27b, 27",4,Intermediate
6875bade5f00096b5c50676a,"20biib, 20",2,Intermediate
6875cb371509d58f07318040,"20biia, 20",2,Small
6875d5f41509d5d0be31d474,"8c, 20biia, 20",3,Small
6875ebb099fd0e14eef308ad,"8c, 20biib, 20",3,Intermediate
687645c1a9596f507e29ed1a,"8c, 20biia, 20, 27",4,Small
68765c03b877a1a4bcccc861,"8c, 20biia, 20, 27b, 27",5,Small
6876633bb003cb25103b1955,"8c, 20biia, 20",3,Small
6876666493bbbe41f6e212b4,"8c, 20biia, 20, 27b, 27",5,Small
68766e79b003cb23d3406a96,"8c, 20biia, 20",3,Small
68769645b877a13902dbed54,"3085, 308, 5, 8c, 20biib, 20",6,Intermediate
68769e8f99fd0e37c74664bd,"8c, 20biib, 20, 27a, 27, 29",6,Intermediate
6876ac8d3f2828da638c9aa9,"8c, 20biib, 20",3,Intermediate
68775bc7eab78773b8ae405e,"8c, 20biib, 20, 27b, 27, 29",6,Intermediate
6877a419751fa36b229567ed,"8c, 20biic, 20, 29",4,Commercial
6877b079d0e55b58127fe123,"8c, 20biia, 20",3,Small
6877b42f0c8b82843c897137,"8c, 20biib, 20",3,Intermediate
6877bdafdc4b6a809e1685ed,"27b, 27",2,Small
6877c45b52b5aa0b0607fc6e,"8c, 20biia, 20",3,Small
6877cb9141876439013abd63,"8c, 20biia, 20",3,Small
6877f5f752b5aa027b094768,"1892, 189, 2, 1181, 118, 1, 3512, 351, 190, 27b, 27",11,Small
6877f7f76f437cdeb2f7f580,"8c, 20biib, 20",3,Intermediate
6877fb3152b5aa1d1b095cff,"8c, 22b, 22",3,Intermediate
6878a8dcfc037a6bddb076fd,"8c, 20biib, 20",3,Intermediate
6878edec19a4e5f61cd1a33e,"8c, 20biia, 20",3,Small
6878ff04a9c9ac120869d2ec,"27b, 27",2,Small
687904de17b8217464737a20,"8c, 20biia, 20, 27b, 27",5,Small
68791736d31917e5acdeefd0,"8c, 20biia, 20, 27",4,Small
68792e4019a4e5259fd842c3,27,1,Small
68793a7719a4e52a16d891af,"8c, 20biia, 20, 27b, 27",5,Small
6879468017b8213c29767676,"20biia, 20, 27",3,Small
6879471aaef8ec50af291bdc,"8c, 20biia, 20",3,Small
6879554fae7c3aba447194a4,"27b, 27",2,Small
6879aa88ae7c3a242d751d77,"27b, 27",2,Small
6879ac9619a4e51aeddca4d2,"8c, 22b, 22",3,Intermediate
6879ff9bfc037a3dc204793f,27,1,Small
687a046817b821506f908d77,"8c, 20biia, 20, 29",4,Small
687a287d17b8212a129d5362,"8c, 20biia, 20, 27b, 27",5,Small
687a354391d11d5245f5670f,"8c, 20biia, 20, 20biib",4,Intermediate
687a4072ae7c3a5b31c157fd,"8c, 27b, 27",3,Small
687a4ae5ed1375073b8a233d,"8c, 27b, 27",3,Small
687a7358a9c9ac6b8dba2cb7,"8c, 20biia, 20, 27b, 27",5,Small
687a884decc0bc540e3698ca,"8c, 17c, 17, 27b, 27, 29, 28",7,Commercial
687a9419aef8ece9937e4cdb,"8c, 20biib, 20",3,Intermediate
687ad02017b821cc85aeba7e,"8b, 8, 20ai, 20",4,Cultivation
687b07b6ecc0bc35103b0a27,"8c, 20biia, 20, 27b, 27",5,Small
687b1098d3191723e63e0967,"8c, 20biib, 20, 27b, 27",5,Intermediate
687b4a0319a4e5770b46250a,"27b, 27",2,Small
687b5ee3fc037a01cb52cda8,"8c, 20biib, 20",3,Intermediate
687b6d1c2f2c136e0c6083da,"8c, 20biic, 20",3,Commercial
687b7d3617b821e560e63cd8,"8c, 20biic, 20, 27a, 27, 29",6,Commercial
687b9b0dd3191705c08aa650,"8c, 22b, 22, 20biia, 20",5,Intermediate
687ba1e8d31917522a8bec8b,"8c, 20biia, 20, 27b, 27",5,Small
687bb55d2f2c1346ff74deca,"8c, 27b, 27",3,Small
687be7ecae7c3a2b8e16a81f,"8c, 20biia, 20, 27b, 27",5,Small
687c06d3d319173591906598,"8c, 20biib, 20",3,Intermediate
687c5092aef8ec53d0d49c2c,"8c, 20biia, 20, 27b, 27",5,Small
687c6080ecc0bc9a957de210,"8c, 20biia, 20",3,Small
687c6c8dd319170b17941c29,"20biia, 20, 27",3,Small
687cb1dd17b821b32809efcd,"20biia, 20",2,Small
687ccc4319a4e52d7570ec24,"8c, 20biia, 20, 27b, 27",5,Small
687cd51dd3191716359fd14a,"8c, 20biia, 20",3,Small
687d03122f2c134f6b8a2156,"8c, 20biia, 20, 27",4,Small
687d12a4fc037a3641839885,"20biia, 20",2,Small
687e056bed1375d44f1079ab,"8c, 20biia, 20",3,Small
687e4eeeed137537971b6dec,"8c, 20biia, 20, 27b, 27",5,Small
687e8e1419a4e5a7849ede4a,"8c, 20biib, 20",3,Intermediate
687f69df17b8210a576f4a38,"8c, 20biia, 20, 27",4,Small
687f785daef8ec472e45a074,"8c, 20biib, 20",3,Intermediate
687f8720ae7c3ae22eaf5efd,"8c, 20biia, 20",3,Small
687f9be7ae7c3a7a93b39876,"8c, 20biia, 20, 27b, 27",5,Small
687f9f22ed1375bd3752f4ab,"20biia, 20",2,Small
687fa9bcae7c3a9e5cb79973,"8c, 27b, 27",3,Small
687fae9aa9c9ac0cfe683132,"8c, 20biia, 20, 27",4,Small
687fc4f7ed1375714a54801c,"8c, 20biia, 20",3,Small
68801c19ae7c3a4fbfba020e,"8c, 22c, 22, 27, 27a, 29, 251a, 25, 1",9,Commercial
68804748ae7c3a2617bde417,"8c, 20iia, 20",3,Small
68807d8d17b8211f5a8f394d,"8c, 20biic, 20, 29",4,Commercial
68808e0e19a4e52906f041bf,"8c, 22c, 22, 27, 27a, 29",6,Commercial
6880aaabd319172d514b14ef,"8c, 20biib, 20",3,Intermediate
6880adf9ed1375addf8f460f,"8c, 20biib, 20, 27b, 27",5,Intermediate
6880d821d3191708675aefc5,"8c, 22b, 22, 27a, 27",5,Intermediate
6880f92b17b821b693c66673,"20biib, 20",2,Intermediate
6880fd1fd319178d185f9cfb,"8c, 20biia, 20, 27b, 27",5,Small
688101c6a9c9ac3a09b13af2,"20biia, 20, 8c",3,Small
68810e2afc037a7db4191b8c,"8b, 8, 20ai, 20",4,Cultivation
688116952f2c13aab024235f,"20biia, 20",2,Small
6881331417b8214433c8ccfb,"27a, 27",2,Small
68815000ed13757fd8a69061,"8c, 20biia, 20",3,Small
6881860c646de2f0d85e7b98,"8c, 20biia, 20",3,Small
6881bb4b19a4e5ff6212cbc7,"8c, 20biib, 20",3,Intermediate
6881bd4cd319175504682695,"8c, 20biia, 20, 27b, 27",5,Small
6881d5dad319170d467d5f6b,"8c, 20biia, 20",3,Small
6881e8e491d11d73eb6388b6,"8c, 20biib, 20",3,Intermediate
6882313e91d11d0ce57d8cdf,"8c, 22b, 22, 27a, 27",5,Intermediate
68823a7e2f2c132ceb645387,"8c, 20biia, 20, 27",4,Small
68823e1bd319174005abf055,"8c, 20biia, 20, 27b, 27",5,Small
6882639ba9c9ac65cdfe3968,"8c, 20biic, 20, 29, 78",5,Commercial
688265fcae7c3a018a6a9268,"8c, 20biia, 20, 27b, 27",5,Small
6882dfb7a9c9acb541042de2,"8c, 20biia, 20",3,Small
6882f307646de2c881753b87,"8c, 20biia, 20",3,Small
688321e191d11d4ed194da12,"8c, 20biia, 20",3,Small
6883467991d11d4489b9be5f,"27b, 27",2,Small
68836c0bed13754d522a8272,"8c, 20biia, 20, 27",4,Small
6883adda19a4e56de5956166,"8c, 20biia, 20, 27b, 27",5,Small
6883b6052f2c13ed00a4207b,"8c, 20biic, 20, 27a, 27, 29",6,Commercial
6883b81517b8214e2d517d54,"20biib, 20, 8c",3,Intermediate
6883c4ecd319174731f6b18e,"27b, 27",2,Small
6883c980aef8ec50f13a0985,"8c, 20biib, 20",3,Intermediate
6883dfe1ed1375f8b4317e9a,"8c, 20biib, 20, 27b, 27",5,Intermediate
68843604d31917a2a2fb97b6,"20biia, 20",2,Small
68845f2917b82163b3588ab2,"8c, 20biia, 20",3,Small
68848681ae7c3a59d6db9549,"8c, 20biia, 20",3,Small
6884b081fc037afcf4d27b54,"8c, 20biib, 20",3,Intermediate
6884b5822f2c137a35c8d3d3,"8c, 20biia, 20",3,Small
6884c4c4ed1375534b64f1ba,"27a, 27, 27b",3,Small
6884e58f2f2c137ef5d4fce7,"8c, 20biia, 20, 27b, 27",5,Small
68851db92f2c13b4e6d7bc5e,"20biia, 20, 27b, 27",4,Small
6885812b17b821011691ec7f,"8c, 20biia, 20",3,Small
688592e3ae7c3a0e4eff9b15,"8c, 20biia, 20",3,Small
6885a153ed1375b11f71a286,"8c, 20biib, 20, 27b, 27",5,Intermediate
6885b526ed13751717729be8,"8c, 20biic, 20, 27a, 29",5,Commercial
6886060dae7c3ac9640ea284,"8c, 20biia, 20, 27b, 27",5,Small
68865258ae7c3a922214f8a7,"8c, 20biib, 20, 29",4,Intermediate
688656f12f2c13be6dee9586,"8c, 21c, 21",3,Commercial
688669d0fc037a868ff93a59,"20biia, 20",2,Small
6886fed7ae7c3ac9a21b385c,"8c, 20biib, 20",3,Intermediate
688720f42f2c1334330bf0f3,"8c, 20biib, 20",3,Intermediate
6887338da9c9ace8bcbc94aa,"8c, 20biia, 20, 27b, 27",5,Small
6887376691d11da5136f9b80,"8c, 20biib, 20",3,Intermediate
68875fb0ecc0bc420a291aea,"8c, 20biia, 20, 27b, 27",5,Small
688766da91d11d42d4a6dac6,"8c, 20biia, 20, 27b, 27",5,Small
688779abfc037a19e5632c63,"8c, 20biib, 20, 27, 29",5,Intermediate
6887832faef8ec855a0b9b05,"125, 305, 35, 3, 5, 18c, 18, 27bii, 27, 8c, 20biia, 20, 22a, 22",14,Commercial
68878bcbae7c3a215c9807a9,"8c, 20biic, 20, 29",4,Commercial
68878bedfc037ae6f4664a93,"8c, 20biia, 20, 27b, 27",5,Small
6887bb20ae7c3a948e9ad70f,"8c, 20biia, 20",3,Small
6887e68cae7c3a5d2f9b7395,"20biib, 20",2,Intermediate
68884aa817b821c0f417282f,"20biib, 20",2,Intermediate
6888745617b8216f322e0251,"8c, 20biia, 20",3,Small
688891dd2f2c13e0b4940515,"8c, 20biia, 20, 27",4,Small
6888b6dfaef8ec87275ab201,"8c, 20biia, 20",3,Small
6888cc27a9c9ac8e6d312422,"8c, 27b, 27",3,Small
6888e998a9c9acb99734ed68,"8c, 20biia, 20, 27a, 27",5,Small
6888ea44fc037a39a2b0d34c,"20biia, 20, 27",3,Small
6888fc0d91d11d014f2029de,"20biia, 20, 27b, 27",4,Small
6889105419a4e5847ba0fe6a,"8c, 20biia, 20, 27b, 27",5,Small
68891f55d319172ffd0bb3b8,"20biia, 20, 27, 34a, 34",5,Small
688923b8fc037a77d6b33daf,"292, 1151, 115, 1, 1181, 118, 132, 27b, 27",9,Small
68896175fc037a0dabb6ae84,"20biib, 20",2,Intermediate
688963b0646de2632d07e2bf,"8c, 20biia, 20",3,Small
6889dc2aed137550de5cdd25,"8c, 20biib, 20, 27a, 27, 29",6,Intermediate
688a04d891d11d778291b4c9,"8c, 27",2,Small
688a0547aef8ecfee6d7398b,"8c, 20biib, 20",3,Intermediate
688a098317b8213fe6b21e80,"8c, 20biib, 20",3,Intermediate
688a635eed1375e038aee96e,"27b, 27, 20biia, 20",4,Small
688a6981fc037a75152e0f9c,"8c, 20biib, 20",3,Intermediate
688abbbbfc037a356a31bebb,"8c, 20biia, 20",3,Small
688ac09b91d11d0ffda5b1f9,"8c, 20biia, 20",3,Small
688b328caef8ec931825339f,"8c, 20biia, 20, 3032, 303, 2",6,Small
688b57d9aef8ecbb2b568f3f,"8c, 20biia, 20, 27",4,Small
688b5b3317b8214fb50ad735,"8c, 20b2b",2,Intermediate
688b94ff17b82155bf161fb3,"8c, 20biib, 20",3,Intermediate
688be1c7d31917bdd2ee40e4,27,1,Small
688c266caef8ec1b1b707e57,"8c, 20biib, 20",3,Intermediate
688c5d2e19a4e5b69778c1a5,"8c, 20biib, 20",3,Intermediate
688ca2d3fc037a917ad07143,"8c, 20biib, 20, 27",4,Intermediate
688cec0a17b821c4b0540fd0,"27b, 27, 8c, 20iia, 20",5,Small
688cecaded137554c7676a25,"27b, 27",2,Small
688cfedcecc0bcdc0db8506a,"8c, 20biib, 20, 27b, 27",5,Intermediate
688d73eeaef8ec170acc2b83,"8c, 20biia, 20, 27b, 27",5,Small
688dbfcc2f2c13af3dd63c86,"20biia, 20, 27, 8c",4,Small
688de1d4fc037a16750f2186,"8c, 20biia, 20",3,Small
688df69cecc0bcd9c2e48802,"8c, 20biib, 20, 27b, 27",5,Intermediate
688dfcb291d11d21489db24a,"8c, 27b, 27",3,Small
688e036c91d11d19f8a1a26c,"8c, 20biia, 20, 27b, 27",5,Small
688e3d94d3191754fd789239,"20ai, 20",2,Cultivation
688e429c91d11df41ca7068b,"27b, 27",2,Small
688e444afc037aa880281130,"27b, 27",2,Small
688e4c32a9c9ac1cdf516c27,"27b, 27",2,Small
688e5641aef8ec72ec177e6c,"20biia, 20, 27b, 27",4,Small
688f302519a4e5209ce506a1,"8b, 8, 20bi, 20",4,Intermediate
688f7375ae7c3a55486dc6e6,"27a, 27",2,Small
688f7996fc037a8bb745c540,"8c, 20biia, 20, 27b, 27",5,Small
688f79eaecc0bcc03503c544,"8c, 20biib, 20, 27b, 27",5,Intermediate
688f8192a9c9aca5bd65002b,27,1,Small
688f9a20ae7c3a1d5d6f8d0e,"20biia, 20",2,Small
688f9a9019a4e5e517eba60e,"8c, 20biia, 20, 27b, 27",5,Small
688f9de2ecc0bc4dd0058b60,"8c, 20biia, 20, 27",4,Small
689001a3ecc0bc6f370b9bde,15,1,Small
68904ef119a4e5150af4d0ab,"8c, 20biia, 20, 27b, 27, 21a, 21",7,Small
68907d66a9c9ac715f87e3de,"8c, 20biia, 20, 27b, 27",5,Small
6890919bae7c3a339c989c4f,"8c, 20biia, 20, 27",4,Small
6890a1c9d31917789ab95486,"8c, 20biic, 20",3,Commercial
6890a4e0ae7c3a4c319e7300,"8c, 20biia, 20, 29",4,Small
6890b31d91d11d0ce0fb2b2d,"8b, 20ai, 20",3,Cultivation
6890b576646de25f9ca1b319,"8c, 20biia, 20, 27b, 27",5,Small
6890b965aef8ec014973caa2,"8c, 20biic, 20",3,Commercial
6890c312ae7c3a2503a2d230,27b,1,Small
6890d66019a4e58f0729a93a,"8c, 20biia, 20, 29",4,Small
6890e5e5fc037a62148eba56,"8c, 20biib, 20",3,Intermediate
6890fbe8ecc0bc51df45ecbc,"8b, 8c, 20ai, 20, 20biia",5,Cultivation
68916324ae7c3a855fa9e2c0,"20biib, 20",2,Intermediate
68917d466a7bf22fa44ddcd3,"8c, 20biia, 20",3,Small
689196e5c5ecfd3061f621b9,"8c, 20biia, 20, 27",4,Small
6891a9ba12c36789f60951b8,"8c, 20biic, 20, 27a, 29, 251bb, 25",7,Commercial
6891c92fe8f9d86a6ef37009,"8c, 20biib, 20, 27b, 27, 77",6,Intermediate
6891f560d46c4232e3f63e29,"8c, 20biia, 20",3,Small
6891fddb29215d6236d5fe4b,"27b, 27",2,Small
6892008f73e5ceb3412bb16e,"15b, 15, 27, 8c",4,Intermediate
68923d27c5183b22a27b2621,"8b, 8, 20ai, 20",4,Cultivation
689242ece8f9d8a69119372a,"8c, 20biib, 20",3,Intermediate
689250e8e8f9d8727f1990fa,"20biia, 20",2,Small
68925f47c5183b96bb7bc3a6,"8c, 20biia, 20",3,Small
68929d6c490c0643301e7fe7,"8c, 20biia, 20, 27b, 27",5,Small
6892aea37aa2c9a6e87da85b,"20biia, 20",2,Small
6892c06e490c0628301edf80,"8c, 20biia, 20, 27",4,Small
6892c577c5183b76547f8aea,"8c, 20biia, 20, 27b, 27",5,Small
6892f8f9c5183b079f8c886c,"8c, 20biia, 20",3,Small
68931b2629215df8781cd7b8,"8c, 20biib, 20, 27",4,Intermediate
68931c60c5183bac8d9bb4bb,"22b, 22, 27",3,Intermediate
689336ffc5ecfd045e751121,"8c, 20biib, 20",3,Intermediate
6893530ffec2e04f1b7d80fc,"8c, 20biia, 20",3,Small
689353c7e8f9d82e655f9d0d,"8b, 8, 20ai, 20",4,Cultivation
68936de412c3671bc283c479,"8c, 20biia, 20",3,Small
68937673490c06a65a69985f,"8c, 27b",2,Small
68938555490c0634836b5e48,"20biia, 20",2,Small
68938fabc5ecfd84e684e3b4,"8c, 20biia, 20",3,Small
689394406a7bf2c275effda7,"8c, 20biia, 20, 27",4,Small
68939666368ee1fe5999e424,"8c, 20biia, 20, 27",4,Small
6893b37c73e5ce293f4d62b8,"8c, 20biia, 20",3,Small
6893b9617aa2c9298ad59d15,"8c, 20biia, 20",3,Small
689408ab490c06a53c6fdade,"8c, 20biia, 20, 27a, 27",5,Small
6894220e6a7bf2d29bf5622b,"8c, 20biib, 20",3,Intermediate
68948043d46c4259a35f040c,"8c, 27b, 27",3,Small
68948a4212c3670418ac1684,"8c, 20biib, 20, 132, 35, 3, 5",7,Intermediate
6894d2f9d46c429c106bdc35,"8c, 20biia, 20, 27b, 27",5,Small
6894d2fd6a7bf2f6ea29c9e6,"8c, 20biib, 20, 27b, 27",5,Intermediate
6894da0929215de92181ecf1,"20biia, 20, 27b, 27",4,Small
6894e09bc5ecfd63c5c6d479,"8c, 20biib, 20",3,Intermediate
6894f94629215d244282aa31,"8c, 20biib, 20",3,Intermediate
6895542d368ee17d7eddb3da,"8c, 20biic, 20, 29",4,Commercial
6895659a368ee1ceefde2d16,"8c, 20biia, 20, 27a, 27",5,Small
6895699dfec2e0f50fb42ee1,"27b, 27",2,Small
68956c487aa2c980fc278335,"20biia, 20",2,Small
6895b0ea368ee19713f066fd,"8c, 20biia, 20, 27b, 27",5,Small
6895dbc0d46c4214368eca5c,"8c, 20biia, 20, 27b, 27",5,Small
6895fa966a7bf215a555c29d,"8c, 20biib, 20, 27a, 27, 29",6,Intermediate
689609747aa2c91f3d5b20ba,"20biia, 20",2,Small
68960de26a7bf258a7578405,"20biia, 20, 27",3,Small
689611cad46c42ba0c95379f,"8c, 20biib, 20, 27b, 27",5,Intermediate
6896153ed46c426681957f9d,"8c, 20biia, 20, 27b, 27",5,Small
689615eb6a7bf2d39f580713,"8c, 27",2,Small
68962100490c065944cc2d78,27,1,Small
68962de7d46c4259a39652ef,"8c, 20biia, 20",3,Small
68962df012c3677ab0dde7dd,"8c, 20biia, 20, 27",4,Small
689641bf12c367890bde7746,"8b, 8, 20ai, 20, 20biia",5,Cultivation
689693e36a7bf22ebd5d1f01,"8c, 27a, 27, 18",4,Small
6896a5a5490c061e4ed0c0f4,"27a, 27",2,Small
6896c0ee12c3675181e1ff75,"27b, 27, 8c, 20biia, 20",5,Small
6896daca73e5ceb3ff750fb2,"8c, 20biia, 20, 27b, 27",5,Small
6896ea6f6a7bf21eed5fe4f0,"8c, 20biia, 20, 27b, 27",5,Small
68971984c5ecfde7450dc227,"8c, 20biib, 20, 29",4,Intermediate
68972874c5ecfdc6a20e767f,"8c, 20biia, 20",3,Small
689786d629215d041cd46e4a,"8c, 20biia, 20, 27",4,Small
6897f45129215d0495d806b7,"20bi, 20",2,Intermediate
6898929112c367640204100c,"8c, 27b, 27",3,Small
68989be612c367fa810503c2,"27b, 27",2,Small
6898a031c5183b823b235c6a,"8c, 15b, 15, 21b, 21",5,Intermediate
6898a0937aa2c91c5d8919a9,"8c, 22b, 22, 27b, 27",5,Intermediate
6898a53d29215d2d7ae3edf1,"8b, 8, 20bi, 20",4,Intermediate
6898a8267aa2c98fba89ae20,"8c, 20biib, 20",3,Intermediate
6898ccae7aa2c9d5a78b42df,"8c, 20biic, 20, 27a, 29",5,Commercial
6898d741c5183bc87f24fb74,"8c, 20biia, 20, 27a, 27",5,Small
6898da3529215d5844e5b72c,"8c, 20biia, 20",3,Small
6898e96812c3676cfa0769e6,"8c, 27a, 27, 20biia, 20",5,Small
68998657190577e6d5f97922,"8c, 20biia, 20, 27a, 27",5,Small
6899fb5ea2c4bcaa78518973,"8c, 20biib, 20, 27b, 27, 29, 251a, 25, 1",9,Intermediate
689a0008374d675c44fa0766,"8c, 20biia, 20, 29",4,Small
689a001219057775c91b4243,"8c, 20biia, 20",3,Small
689a2497a2c4bc05d0553848,"8c, 20biib, 20, 27b, 27, 29",6,Intermediate
689a54eb4a2ebd836e552205,"8c, 20biic, 20",3,Commercial
689a9dec190577ec9e207c0b,"8b, 8, 20a, 20, 20bi",5,Cultivation
689b21870044decc07ce16ce,"20biia, 20, 8c, 27",4,Small
689b2fd40c60135f7fea35ff,"8c, 20biia, 20",3,Small
689b43a6c230aa0c184e16c5,"8c, 20biia, 20",3,Small
689b4528de93547c6680b8f6,27,1,Small
689b563c90a559881e7dc141,"8c, 20biia, 20",3,Small
689b5bad190577783e6f66c3,"8c, 20biia, 20, 27b, 27",5,Small
689b8fc33965dc30fca5b201,"8c, 20biia, 20",3,Small
689c0b4fa2c4bce264b85743,"8c, 20biia, 20, 27b, 27",5,Small
689c75705a382a18832e9dd4,"8c, 20biib, 20, 27",4,Intermediate
689c795a90a5597719abe8d7,"8c, 20biia, 20, 27b, 27",5,Small
689cd5ee90a559992db43f08,"8c, 20biib, 20",3,Intermediate
689cda75a2c4bc6e6cec30ba,"8c, 20biib, 20",3,Intermediate
689ce5524a2ebd8959c61277,"8c, 20biia, 20",3,Small
689d3e4a374d6779b89521c9,"20biia, 20, 8c, 27",4,Small
689d4bf1a2c4bc4e02efb989,"8c, 20biia, 20, 27",4,Small
689d70e490a5591103bd7290,"8c, 20biib, 20, 27, 29",5,Intermediate
689d807b4a2ebd5646e2f57d,"8c, 27b, 27",3,Small
689d8f90a2c4bce7bb0b1bf6,"8c, 22b, 22",3,Intermediate
689d9db13965dc79150dd255,"8c, 20biib, 20",3,Intermediate
689dc158de9354414adb6e1e,"8c, 20biib, 20, 29",4,Intermediate
689dcd5590a5593c2fdefd21,"8c, 20biib, 20",3,Intermediate
689e0133374d676fdbcd071d,"8c, 20biia, 20",3,Small
689eea66190577c905f2c902,"8c, 20biia, 20, 27",4,Small
689efd7f0c6013d20d6cdb74,"8c, 20biia, 20, 27b, 27",5,Small
689f07f73965dcd8ff303c6b,"8c, 20biic, 20",3,Commercial
689f0db0d8e52d073dc49e98,"8c, 20biib, 20",3,Intermediate
689f202e374d67bf15eb73fb,"8b, 8, 20ai, 20, 8c, 20biia",6,Cultivation
689f4286a2c4bca8c130ceb1,"8c, 20biia, 20, 27b, 27",5,Small
689f4e970c6013ad3072a5fe,"8c, 20biia, 20, 27",4,Small
689f50bfde9354253bf9d102,"8c, 20biia, 20",3,Small
689f74ae374d675c65f164ea,"8c, 20biia, 20",3,Small
68a018814a2ebd1af42395a4,"8c, 27b, 27, 20biia, 20",5,Small
68a03d524a2ebd2f2c31c4b9,"8c, 20ai, 20",3,Cultivation
68a06c7490a55909521e377e,"8c, 20biib, 20",3,Intermediate
68a0929d5a382abc96bad4af,"8c, 20biia, 20",3,Small
68a1a8f790a5594a683378ff,"8c, 20biib, 20",3,Intermediate
68a1fc0490a5594543397c9a,"8c, 20biib, 20",3,Intermediate
68a2044a0c6013967aa14023,"8c, 20biic, 20",3,Commercial
68a22d305a382a0fc8d59805,"8c, 20biia, 20, 27b, 27",5,Small
68a301a65a382a56e80c8953,27b,1,Small
68a301db3965dc5b3bbffb2d,"8c, 20biia, 20",3,Small
68a308c34a2ebdb1f998b8d5,"8c, 20biia, 20, 27a, 29, 27b, 27",7,Small
68a327510c6013404ff32a3b,"8c, 20ai, 20, 27b, 27",5,Cultivation
68a33bfd0c601350a3fbbd71,"8c, 20ai, 20, 27b, 27",5,Cultivation
68a399eb5a382a6cc7302043,"8c, 20biia, 20",3,Small
68a3d68c0c6013e92e04ede5,"8c, 27b",2,Small
68a3ff7f5a382a15e9369bb5,"8c, 20biib, 20",3,Intermediate
68a419345a382a2e80437c69,"8c, 20biia, 20, 27",4,Small
68a45cbe90a5591b6fb508a3,"8c, 20biib, 20",3,Intermediate
68a474353965dc681635ff0a,"8c, 20biib, 20, 27",4,Intermediate
68a4a42319057799df1e2e92,"8c, 20biia, 20",3,Small
68a4b32b90a559ce8dce2975,"8c, 20biia, 20",3,Small
68a4e4cb4a2ebd8ded27d498,"8c, 20biib, 20",3,Intermediate
68a52aa0d8e52de8cf986830,"8c, 22c, 22, 20biib, 20",5,Commercial
68a56923374d67280f02c964,"8c, 20biia, 20",3,Small
68a57380c230aa157cbd2001,"8c, 20biia, 20",3,Small
68a59b7d4a2ebdc2ca682da5,"27b, 27",2,Small
68a59dd2d8e52da0becc1200,"8c, 20biia, 20",3,Small
68a5ed3819057733ed657310,"8c, 20bii, 20",3,Intermediate
68a5f2910044dec631a5555c,"8c, 20biib, 20",3,Intermediate
68a5f2b64a2ebd131a7ac144,"8b, 8, 20ai, 20",4,Cultivation
68a5f56890a5593f4212403e,"8c, 20biib, 20",3,Intermediate
68a5ffe5374d6761343ad01c,"27b, 27",2,Small
68a6803f19057771c169d023,"8c, 20biia, 20",3,Small
68a6b00c374d67b8e7499ffb,"8b, 20ai, 20",3,Cultivation
68a6b1cfde9354231239bffc,"8c, 20biia, 20",3,Small
68a6ca795a382a071821e567,"8c, 27b, 27",3,Small
68a6f0fa4a2ebd73c9f4fa6b,"8c, 20biia, 20, 27a, 27",5,Small
68a73ae190a559993f836ff1,"27a, 27",2,Small
68a772cfde93540f96a2c667,"20biia, 20",2,Small
68a7f6c0190577b7b7dc5901,"8c, 20biic, 20, 27a, 29",5,Commercial
68a883050c60133fca60574e,"8c, 20biic, 20, 27a, 29",5,Commercial
68a89aaaa2c4bc65c71b4873,"8c, 20biia, 20, 27b, 27",5,Small
68a8aba6190577ea0e31d1f2,"8c, 20biia, 20, 27",4,Small
68a8bf2d5a382a4a0ab2b5d7,"8c, 20biia, 20, 27",4,Small
68a97447a2c4bc5b633f901b,"8c, 20biia, 20",3,Small
68a990dd3965dcd9518cf8c1,"8c, 20biib, 20, 27",4,Intermediate
68a99694a2c4bc4d6f4d9412,"8c, 20biia, 20, 27b, 27",5,Small
68a9ba4d90a5592d6b24540e,"8c, 27b, 27, 20ai, 20",5,Cultivation
68a9cb7c3965dc57d89b5315,"8c, 20biib, 20",3,Intermediate
68a9cf070c60130b018e5161,"20biib, 20",2,Intermediate
68a9e9c73965dc5f039d5515,"8c, 20biia, 20",3,Small
68aa0240374d67b59707aa46,"8b, 8, 20ai, 20",4,Cultivation
68aa1e71de93543d3b2df18d,"8c, 20biib, 20",3,Intermediate
68aa78aade9354852731b5a7,"8c, 20biia, 20",3,Small
68aa83ac4a2ebd4593c5ffd9,"8c, 20biia, 20, 27",4,Small
68aadedac230aa43f5efc85e,"8c, 20biia, 20",3,Small
68ab2b700c60134b93a0f31c,"8c, 20biia, 20",3,Small
68ab34d20c6013edd0a12cb6,"27b, 27",2,Small
68ab37b7a2c4bccb9470c922,"8c, 20biia, 20",3,Small
68ab406a1905775a95808e31,"8c, 20biia, 20",3,Small
68ab42e4a2c4bc4151711111,"20biib, 20, 8c",3,Intermediate
68abbc90d8e52d1f0bb3441a,"8c, 22c, 22, 29",4,Commercial
68abbffa374d67866d1a8b18,"8c, 20biia, 20",3,Small
68abc60cde9354c9644194c5,"8c, 20biib, 20",3,Intermediate
68ac084c90a5599dcf850d5a,"8c, 22c, 22, 22b, 27a, 29",6,Commercial
68ac122c0c60136d7ed8638d,"8c, 20biia, 20, 27b, 27",5,Small
68ac1d7ec230aa8a3a2d896a,"8c, 20biia, 20, 27b, 27",5,Small
68ac57e23965dc0e0f3e12af,"8c, 20biia, 20",3,Small
68ac60bf0c6013dc0a0d3019,"8c, 22b, 22, 27a, 27",5,Intermediate
68ac6bc00c601362c90e93cf,"8c, 20biia, 20",3,Small
68ac71cd190577077115d085,"8c, 20biia, 20",3,Small
68ac749fa2c4bc226cee5458,"8c, 20biib, 20",3,Intermediate
68ac7f680044de22b58bc477,"8c, 20biia, 20",3,Small
68ac875b19057761941c3baf,"8c, 20biia, 20",3,Small
68acb1740044de7a25a17758,"8c, 20biib, 20",3,Intermediate
68acc71d374d6768718f1cb4,"8c, 20biib, 20",3,Intermediate
68ad2141132a057780b8d60b,"8c, 20biia, 20, 29",4,Small
68ad4a4648d66a672348df43,"8c, 20biia, 20, 22b, 22, 22c, 27a, 27, 29, 27b",10,Commercial
68ad6d315560960fef3d69c3,"8c, 20biib, 20, 20biia, 27b, 27, 29",7,Intermediate
68ad9fab44e5658d93afb175,"8c, 20biia, 20, 27",4,Small
68ada419057183bcc7ed6d7a,"20biia, 20",2,Small
68adab14db910444836e276e,"27a, 27, 20biia, 20, 8c",5,Small
68adbfda48d66a4f0879631a,"27b, 27",2,Small
68adc140db910440b671ae54,"8c, 20biib, 20, 27b, 27",5,Intermediate
68add4d0b61d5d81045afd04,"8c, 20biia, 20",3,Small
68ae0252b63df72adae82314,27,1,Small
68ae0ca40571838a60f72e3a,"8c, 22c, 22, 27a, 29",5,Commercial
68aee8e048d66a26c98a4ccf,"22a, 22, 27",3,Small
68b00811556096a877866fbf,"8c, 20biia, 20, 27b, 27",5,Small
68b0426d5560963a8c9d5da5,"8c, 20biia, 20, 27b, 27",5,Small
68b04c3248d66a4737cf5e47,"20biib, 20, 29, 27a, 27",5,Intermediate
68b05d8b0571836d0760c6f5,"8c, 20biia, 20, 27",4,Small
68b076a5132a052b825d9421,"8c, 20ai, 20, 27b, 27",5,Cultivation
68b0772bb35b5e3d67cc4e47,"8c, 20biic, 20",3,Commercial
68b0a9e3b63df766b737f0f7,"8c, 20biia, 20, 27b, 27",5,Small
68b127050bba7282f838856e,27,1,Small
68b16a7b05718356589ba876,"8c, 20biia, 20",3,Small
68b18e13b63df7201d628201,"8c, 20biib, 20, 27b, 27",5,Intermediate
68b1963848d66a582111dc5a,"8c, 20biic, 20, 27a, 27, 29",6,Commercial
68b1bde7db91040d244fa2e1,"8b, 8, 20ai, 20",4,Cultivation
68b1cdfdb61d5d76a4fd2166,"8c, 20biia, 20",3,Small
68b1e70db61d5d3564fdec72,"8b, 20a, 20",3,Cultivation
68b1e9d7b35b5e78de11d362,"8c, 21c, 21, 22c, 22, 27a, 27, 25, 29",9,Commercial
68b244cee3dfeca6f3bcb106,"8c, 15b, 15, 22b, 22, 27a, 27, 29",8,Intermediate
68b2463ab35b5ee6b01598e4,"27b, 27",2,Small
68b28b6b556096fa22dc07b3,"8c, 20biib, 20",3,Intermediate
68b2aece057183272edc29aa,"8c, 20biia, 20, 27b, 27, 29",6,Small
68b2f7c0e3dfec958efcff97,"20biia, 20, 27a, 27",4,Small
68b30cf081a5faae5d908a64,"8c, 20biic, 20, 29",4,Commercial
68b3343f132a05df32cbf787,"8c, 20biib, 20",3,Intermediate
68b33ba8b35b5e23d751c300,"8c, 20biia, 20, 27b, 27",5,Small
68b362c1b63df714c3a1cba5,"8c, 20biib, 20, 27b, 27",5,Intermediate
68b39b55b63df70c6ea54277,"27a, 8c",2,Small
68b3cd17e3dfec094605f5c3,"8b, 8, 20ai, 20",4,Cultivation
68b3d19ab63df7ca1ca64f90,"8b, 8, 20ai, 20",4,Cultivation
68b4436081a5fa9bea9f8d85,"8c, 20biia, 20",3,Small
68b447f05560961fcd1bbfa6,"8c, 20biib, 20, 27b, 27",5,Intermediate
68b4f79a0bba721e9bd587e5,"20biib, 20, 27a, 27",4,Intermediate
68b54eb6b63df7f05dddde3e,"8c, 20biib, 20",3,Intermediate
68b5c5720571835445694eb2,"8c, 20ai, 20, 20biia",4,Cultivation
68b5f5d4132a052fd41b80a7,"8c, 20biic, 20",3,Commercial
68b64c110bba723302109459,"20biia, 20",2,Small
68b67a91b63df76a3bf63288,"8c, 20biia, 20, 27",4,Small
68b6c5a648d66a5851b61902,"8c, 20biia, 20, 29",4,Small
68b6ca1c132a055af4482baa,"8c, 20biia, 20",3,Small
68b6cba3e3dfec24dc767a33,"8c, 20biia, 20",3,Small
68b6dc5e132a0590cd4b4195,"8c, 20biia, 20, 27b, 27",5,Small
68b7a74948d66a518cc8f884,"8c, 20biia, 20",3,Small
68b7c32448d66a3083c99f24,"8b, 8, 20ai, 20",4,Cultivation
68b84e4081a5fa4b955c2aff,"8c, 20biia, 20",3,Small
68b858a55560961281d2a5cb,"8c, 20biib, 20, 27",4,Intermediate
68b86bfc0bba7271cfa830fd,"20biia, 20, 27",3,Small
68b872ecb35b5e0d6f1f5c34,"8c, 20biib, 20",3,Intermediate
68b87b3ce3dfec1a02efa2a7,"8c, 20biia, 20",3,Small
68b8998581a5fa1d135f22a0,"8c, 22c, 22, 27",4,Commercial
68b9031081a5fa3136633e00,"8c, 20biia, 20",3,Small
68b94895b35b5e0ed02ee1e0,"27b, 27",2,Small
68b99e610571830e543ea796,"8c, 20biia, 20",3,Small
68b9ab4fb35b5e5cab3d03f6,"20biia, 20, 27",3,Small
68ba2b8bb35b5ea463415746,"8c, 20biia, 20",3,Small
68ba402d81a5fa8a8d7f70d7,"20biia, 20",2,Small
68bad0ba05718349345abb9e,"8c, 20biia, 20",3,Small
68bb11feb63df78418c381ac,"8c, 20biia, 20, 27",4,Small
68bb132f44e56556404f1492,"8c, 20biib, 20, 27",4,Intermediate
68bb351548d66a75c3596b91,"8c, 20biia, 20",3,Small
68bc172605718389b46ef4c4,"8c, 20biib, 20, 106",4,Intermediate
68bc31780bba72f515032511,"8c, 20biia, 20, 27",4,Small
68bc37a644e565793e63b6a8,"8c, 20biib, 20",3,Intermediate
68bc3b1181a5fa9050a9fc55,"8c, 20biia, 20, 27b, 27",5,Small
68bca83f48d66a023c71e740,"21a, 21, 27a, 27",4,Small
68bd9574b61d5d339b793298,"8c, 20biia, 20, 27b, 27",5,Small
68bdb60a48d66a62d47c4615,"8c, 20biic, 20, 29",4,Commercial
68be3b19e3dfecff8f608fb3,"8c, 20biia, 20, 27a, 27",5,Small
68be517648d66a2a35804b24,"8c, 20biia, 20, 27",4,Small
68bef55448d66a19cbc54683,"8c, 20biia, 20, 27b, 27",5,Small
68bef93cb35b5e3f2fa9cadd,"8c, 20ai, 20, 27b, 27",5,Cultivation
68bf0d67e3dfec7fcda48be9,"8c, 20biic, 20, 27a, 29",5,Commercial
68c0017c44e5656756d0dde1,"8c, 20biia, 20, 27b, 27",5,Small
68c0490f0571834a4710d5f1,"8b, 8, 20ai, 20",4,Cultivation
68c04a2405718337ee10e5b4,"8b, 8, 20ai, 20",4,Cultivation
68c04e4fe3dfec9639d6979f,"8c, 20ai, 20, 27b, 27",5,Cultivation
68c054e0b61d5d1ca3f8627b,"8c, 20ai, 20, 27b, 27",5,Cultivation
68c060b85560961ce19b6145,"20biib, 20, 27b, 27",4,Intermediate
68c06b3b057183137411de67,"20ai, 20",2,Cultivation
68c11a6c81a5fa4400548f9d,"8a, 20ai, 20",3,Cultivation
68c19392db9104388ad20032,"8b, 8, 20ai, 20",4,Cultivation
68c1b40e48d66a311a1cc1eb,"20biia, 20",2,Small
68c1bd993f7f80c4da027e8d,"8c, 20biia, 20",3,Small
68c21f015560963afdcfea92,"8c, 20biia, 20, 27b, 27",5,Small
68c227e2556096bb63d0020b,"8c, 20biia, 20",3,Small
68c242b72c3346bd580d48a9,"8c, 20biia, 20, 27b, 27",5,Small
68c24b502c3346762c0d7893,"8b, 20b1, 1",3,Intermediate
68c2a9e15560962a32f5bd6d,"8c, 20biib, 20",3,Intermediate
68c2d1d65525c83f7403b5c0,"8c, 20biib, 20",3,Intermediate
68c2d44455609623a5011e9f,"20biib, 20, 27, 29",4,Intermediate
68c2daa12c3346044849fac7,"8c, 20biia, 20, 27",4,Small
68c2dc31db91046e1e0f129a,"8c, 20biia, 20, 27b, 27",5,Small
68c2eaeeb63df7a8b8e1d12b,"8c, 20biia, 20, 27",4,Small
68c2efb8b63df728fde20fa7,"8b, 8, 20ai, 20",4,Cultivation
68c2f4ca5525c8f172062812,"8c, 20biia, 20",3,Small
68c2f88a132a053bf1d4fb1e,"8c, 17b, 17, 29",4,Intermediate
68c3171d31b7d988f9355442,"8c, 20biib, 20, 29",4,Intermediate
68c3a1815525c83f000b45bf,"8c, 20biia, 20, 27",4,Small
68c3b9c207d8c635b453df3f,"8c, 20biib, 20, 27a",4,Intermediate
68c3d7cc5525c88864300deb,"8c, 20biia, 20, 27b, 27",5,Small
68c3dbc3556096221322a430,"8b, 8, 20ai, 20",4,Cultivation
68c3e59681a5fa3b1bc1da89,"8b, 8, 20ai, 20",4,Cultivation
68c402cd132a0539e5fa1fc5,"8c, 27a, 27, 20biic, 20",5,Commercial
68c40f01789005080ee285e7,"8c, 20biia, 20",3,Small
68c4370931b7d9c32d613001,"8c, 20biia, 20",3,Small
68c44e4b31b7d939f46206ad,"8c, 20biib, 20",3,Intermediate
68c44ffc2c334689d69195f6,"8b, 8, 20bi, 20",4,Intermediate
68c47c40fe0c8c143b3f549c,"8c, 20biib, 20, 29",4,Intermediate
68c544e881a5fae3f4eb3dec,"8b, 20ai, 20",3,Cultivation
68c588b5b63df71ef335feb5,"8c, 20biia, 20",3,Small
68c5bbc3fe0c8c585e66f970,"8c, 22c, 22, 27a, 29",5,Commercial
68c6a2a607d8c61787addc22,"8c, 20biia, 20, 27b, 27",5,Small
68c6d534132a0519f22b9c6a,"8c, 20biia, 20",3,Small
68c70a5de3dfec72b1ae730d,"20biib, 20",2,Intermediate
68c803992c334635f11a7036,"8c, 20biib, 20",3,Intermediate
68c816952c3346e84c1e88ec,"8c, 20biia, 20, 27",4,Small
68c82615db9104e96dda21bc,"8c, 20biib, 20",3,Intermediate
68c85dcab63df755498b8421,"20biia, 20, 27",3,Small
68c861c431b7d92e6fce532b,"8c, 20ai, 20, 27b, 27",5,Cultivation
68c8cb67db910450d7e582af,"8c, 20iia, 20",3,Small
68c8cb8fe3dfec7662f802ea,"8c, 20biia, 20, 27b, 27",5,Small
68c8cbd75525c82a2adb3cc1,"8c, 20biib, 20",3,Intermediate
68c8d4e0b63df74201914cf6,"8c, 20biic, 20",3,Commercial
68c91d4007d8c612542f0f8a,"8c, 20biia, 20, 27b, 27",5,Small
68c9475d556096e9e9e11392,"8c, 20biib, 20, 27b, 27",5,Intermediate
68c96ee6e3dfec41b23c9526,"8c, 22c, 22, 29",4,Commercial
68c97c8855609646d3f5be66,"8b, 8, 20ai, 20",4,Cultivation
68c995f12c33466c0e58bba0,"20biia, 20, 27b, 27",4,Small
68c9a1ccb63df7472ecb07c5,"8c, 20biia, 20, 27b, 27",5,Small
68c9a70a7890054320b5e739,"8c, 22b, 22, 27a, 27",5,Intermediate
68c9ad5a5525c84efd1e10b3,27,1,Small
68c9c43207d8c6f08054da72,"20biia, 20, 27b, 27",4,Small
68ca3477e3dfec0aab462a80,"8c, 20biia, 20",3,Small
68ca95be2c33461a817df163,"8c, 20biia, 20, 27",4,Small
68caa2dc81a5fab40fd26e7b,"8c, 20biia, 20, 27",4,Small
68caaa9c81a5fa61fcd3ec8c,"8c, 20biia, 20",3,Small
68cac63178900515a7e8c01c,"8c, 20biia, 20, 27b, 27",5,Small
68cad025b63df713ab033a79,"8c, 27, 20ai, 20",4,Cultivation
68caeaba5560961e7e38005a,"8b, 8, 20a, 20, 20bi",5,Cultivation
68caec29e3dfec803982737f,"27b, 27",2,Small
68cb6f1d556096a2e83cfc6b,"8c, 18b, 18, 15b, 15",5,Intermediate
68cb77322c33462c7b8d0728,"8c, 20biib, 20",3,Intermediate
68cbb20c55609610ee5b7cad,"8c, 20biib, 20, 27b, 27",5,Intermediate
68cbc78831b7d9721676ad82,"8c, 20biic, 20",3,Commercial
68cbfc5db63df71f84424cfc,"8c, 20biib, 20",3,Intermediate
68cbfe75132a050ca921924a,"8c, 20biia, 20, 27b, 27",5,Small
68cc0978132a055f1e23361b,"27b, 27",2,Small
68cc112b07d8c6cb60d794b4,"8c, 15b, 15, 21b, 21",5,Intermediate
68cc230731b7d90c78950bdc,"20biia, 20",2,Small
68cc3d3ddb9104bbd1c7b1a8,"8c, 20biia, 20, 27b, 27",5,Small
68cc4d0e2c3346380ec929a3,"27b, 27",2,Small
68cc50de132a05573828f33a,"27b, 27",2,Small
68ccb55b5525c84779aaa48d,"8c, 20biia, 20, 27b, 27",5,Small
68cd129c55609619d6b5bd42,"8c, 20biib, 20",3,Intermediate
68cd6343e3dfec9541126f7f,"8c, 20biia, 20, 27",4,Small
68cd7c9a78900530be74659f,"20ai, 20, 8b, 8",4,Cultivation
68cd92bf07d8c69d452c7e26,27b,1,Small
68cda17f7890058ee576f85e,"8c, 20biic, 20, 29",4,Commercial
68cdb469556096323dce7bef,"8c, 18b, 18",3,Intermediate
68cddeb1789005184e77ac0c,27,1,Small
68ce13e731b7d93b61d581aa,"8c, 20biia, 20, 27a, 27, 29",6,Small
68ce59a9132a05ef309963de,"8c, 20biic, 20",3,Commercial
68ce784c5525c8379a0a5f11,"8c, 20biia, 20",3,Small
68ce81b4132a0514b1af669f,"8c, 27b, 27",3,Small
68ce8ec7e3dfeca96c6f1a36,"8c, 20biia, 20, 27b, 27",5,Small
68ce9049556096f33b149a41,"8c, 20biia, 20, 27",4,Small
68ce966d2c334667ee7bebff,"8b, 8, 20ai, 20",4,Cultivation
68cead6bdb9104ba5578450c,"8c, 20biia, 20, 27b, 27",5,Small
68cec4c77890054244da66fb,"8c, 20biic, 20",3,Commercial
68cedf7b7890056794dbfbbf,"8c, 20biib, 20",3,Intermediate
68cf0d732c33467b168979d8,"8c, 20biia, 20",3,Small
68cf56eb5525c8457f2f0458,"8c, 20biic, 20",3,Commercial
68cf824cdb91047139822ae1,"8c, 20biia, 20, 27b, 27",5,Small
68cf8b7a2c3346152e8fd3c3,"8b, 20ai, 20",3,Cultivation
68cfcbf8132a05bb3ee1c0d4,"8c, 20biib, 20",3,Intermediate
68d12115556096dd9b5e6cb5,"8c, 18b, 18",3,Intermediate
68d1327831b7d90a78616730,"8c, 20biib, 20",3,Intermediate
68d1387d5525c8956e64a97a,"8b, 8, 20ai, 20",4,Cultivation
68d185585525c841686ce277,"20biia, 20, 27b, 27",4,Small
68d27b7efe0c8c98f4c29c95,"8c, 22b, 22, 20biia, 20",5,Intermediate
68d28c25db91041f990446ec,"8c, 17b, 17, 27",4,Intermediate
68d2c400e3dfec16ce0893af,"8c, 20ai, 20, 27b, 27",5,Cultivation
68d2cdf2db9104a10f0cdbfe,"8c, 20biic, 20",3,Commercial
68d2d3b031b7d94c409a9c71,"8c, 20biib, 20, 27a, 27, 29",6,Intermediate
68d2d50e81a5fa3d0c38afe6,27,1,Small
68d2e7e05525c88a9e997f4c,"8c, 20biia, 20, 27, 29",5,Small
68d374201041322a5acd0317,"8c, 20biia, 20, 29",4,Small
68d39e7fd26cf2476b3a209c,"20biib, 20, 8c",3,Intermediate
68d3cdc2dfd60a021039f700,"8c, 20biia, 20, 27",4,Small
68d3d3de4b8c9f13bae2f31f,"8c, 22c, 22, 20biia, 20, 29",6,Commercial
68d3f2c1104132820803ff65,"8c, 20biia, 20",3,Small
68d3fc6fbc44b152629a1e93,"8c, 20biia, 20, 27",4,Small
68d3fd4adf152838b74f9006,"8c, 20biib, 20",3,Intermediate
68d406addfd60a4971418376,"20biia, 20, 27b, 27",4,Small
68d40bd7dfd60ad3e441c562,"8c, 20biia, 20",3,Small
68d41e502d4b0e0ba10322a1,"8b, 8, 20ai, 20",4,Cultivation
68d4f99628a50e299e451fb6,"8c, 20biia, 20, 27b, 27",5,Small
68d509152d4b0e4e982daad5,"8c, 20biib, 20",3,Intermediate
68d51b6528a50e519a538eb8,"8c, 20biib, 20",3,Intermediate
68d5219b72ee8be1755dd46a,"8c, 20biia, 20",3,Small
68d5245edf152829ce8e7bf0,"8c, 20biib, 20, 27",4,Intermediate
68d5391f28a50e27b45acb70,"8c, 20biia, 20, 27a, 27",5,Small
68d547482d4b0e5fdb42b18a,"8c, 20biib, 20",3,Intermediate
68d55d7cbc44b16a3ad67063,"8c, 20biia, 20",3,Small
68d55f6f28a50e8ffe5df936,"8c, 20biia, 20, 27b, 27",5,Small
68d581d272ee8b09fc68b445,"8c, 20biia, 20, 27b, 27",5,Small
68d5851b1041324b0b602922,"8c, 20biib, 20",3,Intermediate
68d5ad36d26cf2d5f89a49c5,"20biia, 20",2,Small
68d5bafc72ee8bf27268fe9f,"8c, 20biia, 20",3,Small
68d5f902e55a3cafd00e3bb5,"8c, 20biib, 20",3,Intermediate
68d61c38a3ffbd695b123c8c,"8c, 20biia, 20, 27",4,Small
68d66ba72d4b0e44d9828cc5,"8c, 20biia, 20, 27b, 27",5,Small
68d69d6c28a50eb48ba086e4,"8c, 20biia, 20, 27b, 27",5,Small
68d6b155d26cf2bd81d5854a,"8c, 20biia, 20, 27",4,Small
68d6bfcb4b8c9f7169518c47,"20biia, 20",2,Small
68d6d26e2d4b0eb9999dd381,"20b2a, 8c",2,Small
68d6ed2dd26cf22356d6de67,"8c, 20biib, 20, 27",4,Intermediate
68d76ab71041322daca7e8a4,"8c, 29, 22c, 22",4,Commercial
68d77ed4dfd60a4fc2d0b915,"8c, 20biib, 20",3,Intermediate
68d7becd109abd5cf0ffab10,"8c, 20ai, 20, 27b, 27",5,Cultivation
68d813b7e55a3c7f8078e3b6,"8c, 20ai, 20",3,Cultivation
68d81df810413235d3d5829e,"8c, 20ai, 20, 20biia",4,Cultivation
68d8841d2d4b0e6689e67d4c,"8c, 20biia, 20, 27b, 27",5,Small
68d8f884109abd103b1a09c1,"27a, 27, 20biia, 20, 8c",5,Small
68d950e1109abd6dd922d250,"8c, 20ai, 20",3,Cultivation
68d96310dfd60a5aad0e3087,"27b, 27",2,Small
68d9709a2d4b0e01dcfc3836,"20biia, 20, 27a, 27",4,Small
68d979b0d26cf24377241bd0,"8c, 20biib, 20, 27b, 27",5,Intermediate
68da4a014b8c9f6708d147b4,"8b, 8, 20a, 20, 20biia",5,Cultivation
68da51ada3ffbdb080dfaff8,"8c, 20biib, 20, 29",4,Intermediate
68da75fbbb2c546ee5e87d33,"8c, 20biia, 20, 27b, 27",5,Small
68dab457b1785bfad5115440,"8c, 20biic, 20, 29",4,Commercial
68dae4fc4b8c9f6602f0e99f,27,1,Small
68db25fce55a3cc9a5ed1bba,27,1,Small
68db34fcbb2c540f06f2e42b,"27, 8c, 20biia, 20",4,Small
68db3e4ebd806f5475eb12ec,"8c, 20biia, 20",3,Small
68db6560b1785b2022191713,"8c, 20biic, 20, 27a, 29",5,Commercial
68dbc9cce55a3ced9afe8d11,"8b, 8, 20ai, 20",4,Cultivation
68dc1098bd806f3c4325aaa0,"8c, 20biia, 20",3,Small
68dc23384b8c9f8ad218c867,"8c, 20biic, 20, 29, 27a, 27",6,Commercial
68dca5f4346a1c04b9681a2f,"8c, 20biia, 20, 27b, 27",5,Small
68dcc04edf15288770d44128,"27b, 27",2,Small
68dcc9b9d26cf23e2eea81e3,"8c, 20b2b",2,Intermediate
68dcf6e22fbd2a2b0bdf581a,"8c, 20biia, 20, 27b, 27",5,Small
68dd12e0b0359f4420a56790,"27b, 27",2,Small
68dd180b6846581e2afc4315,"8c, 20biib, 20",3,Intermediate
68dd2c206846583196fe524d,"8c, 22c, 22, 27a, 27b, 29",6,Commercial
68dd2eb51fd7a8d3886c1f39,"8c, 20biib, 20",3,Intermediate
68dd3bab81b576168b8df5ee,"8c, 20biib, 20, 27",4,Intermediate
68dd4b8281b5761e418ec859,"8c, 20biib, 20",3,Intermediate
68dea67ff6711b25f2cf0fc6,"20biia, 20, 27b, 27",4,Small
68dfc66e683a08656f3724e7,"8c, 20biia, 20",3,Small
68dff3f2683a087a783ae515,"8c, 20biib, 20",3,Intermediate
68dfff3c68465841562d036e,"20biib, 20",2,Intermediate
68e02a6f683a086dcb3ca8e6,"8b, 8, 20ai, 20",4,Cultivation
68e04566df15552480d3ad20,"20biia, 20",2,Small
68e06789df155587fcd6dc4d,"8c, 20biia, 20, 27b, 27",5,Small
68e0922e3789c26c1701d343,"8b, 8, 20ai, 20",4,Cultivation
68e0a382cce91c8e9cda40a3,"20a, 20biib, 20, 29",4,Cultivation
68e0c90ddf1555944ced44f8,"27a, 27",2,Small
68e13e794ab91298b2b01fce,27,1,Small
68e26be6515d745067567276,"8c, 20biia, 20",3,Small
68e2b3a668465856e7820506,"8c, 20ai, 20, 27b, 27",5,Cultivation
68e2b77cb0359f30641cbf6e,"8c, 20ai, 20, 27b, 27",5,Cultivation
68e2b9c84ab9124f61c71aba,"8c, 20biia, 20, 27",4,Small
68e2cf8f4ab91258f3c734f3,"27b, 27",2,Small
68e31bdc683a0811288c09d2,"27, 34, 223, 292, 293",5,Small
68e32a22515d745033600c14,"20biia, 20, 27, 8c",4,Small
68e35d76b0359f597c3219d2,"8c, 20biia, 20, 27",4,Small
68e3c823df15551a0973967f,"8c, 20biia, 20, 27",4,Small
68e3d264b0359f11646e29f7,"8c, 20biib, 20",3,Intermediate
68e3dbc74ab912707e029b45,"8c, 20biib, 20, 29",4,Intermediate
68e3e44adf155512747595b2,"8c, 20biib, 20",3,Intermediate
68e40f5eb0359f4ed1713083,"8c, 20biia, 20",3,Small
68e471c4684658ef25c304f0,"8c, 20biia, 20, 27a, 27",5,Small
68e4d78b81b57624554da10a,"8c, 20biia, 20, 27b, 27",5,Small
68e4fb26515d740435d4b8f2,"8c, 20biic, 20, 29",4,Commercial
68e4fe24683a086a3c178e73,"8c, 20biib, 20, 27, 29",5,Intermediate
68e4ff5481b5761f1b5d76c1,"8c, 20biic, 20, 29",4,Commercial
68e51f3f3789c2206ca97c24,"8c, 20biia, 20",3,Small
68e5b33281b576d7636d05c4,"8c, 15b, 15",3,Intermediate
68e5e0593789c23c25b036b5,"27b, 27",2,Small
68e5eb1cb0359faa09b5e641,"8c, 20biib, 20",3,Intermediate
68e63b5ecce91c6906dbb491,"8c, 20biia, 20",3,Small
68e640bd68465811773f8066,"8c, 20biib, 20, 27b",4,Intermediate
68e6466d23a3d16bc7296f26,"8c, 20biia, 20, 27b, 27",5,Small
68e6652923a3d13cd6395d2c,"8c, 20biia, 20",3,Small
68e6acc781b576156bc30915,"8b, 8, 20bi, 20",4,Intermediate
68e6af061fd7a8dab06ad2f1,"8c, 20biib, 20",3,Intermediate
68e70a074ab9129f568ed796,"20biia, 20",2,Small
68e725ea3789c28705059ff4,"8c, 22c, 22, 27a, 29",5,Commercial
68e72e40b0359f333207a685,"20biib, 20",2,Intermediate
68e7477223a3d13d1b49217f,"8c, 20biia, 20, 27b, 27",5,Small
68e787c8df1555b451255f87,"8c, 20biib, 20, 27",4,Intermediate
68e7f1ee1fd7a84b4ba9c827,"8c, 20ai, 20, 27b, 27",5,Cultivation
68e7f48edf1555473c42ae65,"8c, 20biia, 20",3,Small
68e8014481b57646e9173c33,"20biia, 20, 27b, 27",4,Small
68e861d3684658489d9f66fc,"8b, 8, 20ai, 20",4,Cultivation
68e894623789c2b85f620b34,"8c, 21c, 21, 25, 25a, 27a, 27, 29",8,Commercial
68e89be668465893a3a585ed,"8b, 8, 20ai, 20, 20biia",5,Cultivation
68e8ad3d3789c2c6e56ee109,"8c, 20biic, 20",3,Commercial
68e8b559b0359f01ec558a63,"8b, 8, 8c, 20ai, 20, 20b",6,Cultivation
68e8da43515d740b12adb60d,"8c, 20biia, 20, 27b, 27",5,Small
68e9072e81b576dc665e35cf,"8c, 27, 20biia, 20",4,Small
68e90e5b683a0863eb0505fe,"17c, 17, 18b, 18",4,Commercial
68e921f5b0359f36b682bef0,"27b, 27",2,Small
68e943f33789c2ada8ac993b,"8c, 20biia, 20",3,Small
68e9476c81b57617c562a056,"8c, 20biia, 20",3,Small
68e9489223a3d1c7a8e3b71c,"8c, 20biia, 20",3,Small
68ea28a623a3d1825501362e,"8c, 20biib, 20, 27b",4,Intermediate
68ea342d3789c24ecddd8e99,"8c, 20biic, 20, 27a, 29",5,Commercial
68ea37bc4ab91259435732e5,"8c, 20biib, 20, 29",4,Intermediate
68ea3f4d1fd7a8e6aa19391b,"8c, 20biia, 20",3,Small
68ea415c81b576fedd8c64fb,"8c, 20biia, 20",3,Small
68ea578a683a087f324626e2,"20biia, 20",2,Small
68ea60aa23a3d16c2b0ac868,"8c, 20biia, 20, 27b, 27",5,Small
68ea6781515d74e07a05f752,"20biia, 20",2,Small
68ea95104ab91286fd620c41,"27b, 27, 8c, 20biia, 20",5,Small
68eaa6ad684658d85625cb27,"8c, 20biia, 20, 27b, 27",5,Small
68eb32963789c28b0ded2b4f,27,1,Small
68eba36edf1555595bce8cfa,"8c, 20ai, 20, 27b, 27",5,Cultivation
68ebba13f6711b3359d72c52,"8c, 20ai, 20, 27b, 27",5,Cultivation
68ebce7d684658f5e13bb963,"8c, 20ai, 20, 27b, 27",5,Cultivation
68ebf0db515d7494661d64cf,"8c, 22c, 22, 29",4,Commercial
68ec547581b576b6b5b65a31,"8c, 20biia, 20, 27",4,Small
68ec80fa683a082bd6656bef,"8c, 20biib, 20",3,Intermediate
68eccc7cf60ed78b622efcdc,"8b, 8, 20ai, 20",4,Cultivation
68ece099d30cf24de5c1927a,"8c, 20biic, 20, 27a, 29",5,Commercial
68ed1b2c82356722e67e8083,"8c, 20biia, 20, 27b, 27",5,Small
68ed21e35079fe2e2a09c851,"8c, 20biia, 20",3,Small
68ed3bc4ab5a366fd6f7e373,"20biia, 20, 27b, 27",4,Small
68ed4046c549055acbe83746,"8c, 20biia, 20",3,Small
68ed67e16f585d70130c0b4a,"20biib, 20",2,Intermediate
68ee052d908c746fb08db94d,"8b, 8, 20ai, 20",4,Cultivation
68ee3f96e3add455d4bcc0c0,"8c, 20biia, 20, 27b, 27",5,Small
68ee57db6f585d932571a2c5,"8c, 20biia, 20, 27b, 27",5,Small
68ee6c23c54905c32744b040,"8c, 20biic, 20, 27a, 27",5,Commercial
68ee778f5079fef0e2677c16,"8c, 20biib, 20",3,Intermediate
68ee8335ab5a36e3675b3393,"8c, 20biia, 20",3,Small
68ee9f90d64ad8fefe4536b3,"8c, 20biic, 20",3,Commercial
68ef4b3b8bedf71ee23d2593,"27b, 27",2,Small
68ef5e5f45a806b21175eec7,"8c, 20biia, 20, 27b, 27",5,Small
68ef998545a8067802903fd2,"8c, 20biia, 20",3,Small
68efa501e3add4280d08511b,"8c, 20biic, 20",3,Commercial
68efb27745a80627c6947f59,"8c, 20biia, 20, 27",4,Small
68efbc7c6f585d9ab4b20ec2,"8c, 20biia, 20",3,Small
68efc83dab5a361eb5aa526f,"20biia, 20, 27b, 27",4,Small
68efca22d64ad8e191896963,"8c, 20biia, 20, 27",4,Small
68eff2226f585dc1e2b59590,"8c, 20biia, 20, 27b, 27",5,Small
68effb77c54905c50282b02d,"20biia, 20",2,Small
68f00543c54905042482b995,"8c, 20biia, 20, 27b, 27",5,Small
68f07cdec549051fe8883c44,"8c, 20ai, 20, 27b, 27",5,Cultivation
68f08185f60ed72e9e02d812,"8c, 20biia, 20, 27b, 27",5,Small
68f09957c549055a6da326f3,"8c, 20biib, 20",3,Intermediate
68f0b63aab5a3642d9edf1f4,"3314, 331, 4, 305, 27",5,Small
68f0ba0e5079fe4799e414cd,"8c, 20biia, 20, 27",4,Small
68f0c0896f585d0fb1f57191,"8c, 20biia, 20",3,Small
68f0c58f823567f5415af82f,"8c, 20ai, 20, 27b, 27",5,Cultivation
68f0cbbce3add43929634416,"8c, 20biia, 20",3,Small
68f0f0235079fead9f1d6fbb,"8c, 20biia, 20",3,Small
68f101cb6f585d10092178bd,"8c, 20biia, 20",3,Small
68f10917908c74a31e5fd418,"8c, 20biia, 20, 27b, 27",5,Small
68f11069e3add442e791452e,"8c, 20biia, 20, 27b, 27",5,Small
68f11bc5d30cf25cfde8f1af,"8c, 20iia, 20, 27b, 27",5,Small
68f11cb88235673abb89f6b3,"27b, 27",2,Small
68f14ba3c549050686eb04bc,"8c, 20biia, 20, 27b, 27",5,Small
68f14bb4e3add40c76944fa1,"8c, 20biib, 20",3,Intermediate
68f153835079fed37a2a0a88,"8c, 20biia, 20, 27",4,Small
68f19e54f60ed7d6e56c6f1f,"8c, 20biia, 20, 27a, 27",5,Small
68f1dd5ee3add4242faf192a,"8c, 20biia, 20, 27b, 27",5,Small
68f1f64bd30cf224d018ed90,"8c, 20biic, 20, 27b, 78",5,Commercial
68f21e60ab5a36bc446c729b,"8c, 20biib, 20, 27",4,Intermediate
68f2214af60ed7e7dfa59960,"8c, 27",2,Small
68f2559fc5490534074997da,27b,1,Small
68f2730c6f585d50788f555c,"8b, 8, 20ai, 20",4,Cultivation
68f27a958bedf7cb663c5e56,"8b, 8, 20ai, 20",4,Cultivation
68f27ea28bedf712723c6a6c,"8c, 20biia, 20, 27b, 27",5,Small
68f2804c5079fe5822808946,"8b, 8, 20ai, 20",4,Cultivation
68f2885e908c7440e7b62fcb,"8c, 20ai, 20, 27b, 27",5,Cultivation
68f28cc7d30cf278e74c43c8,"8c, 20ai, 20, 27b, 27",5,Cultivation
68f28ed38bedf726d43c9909,"8c, 20ai, 20, 27b, 27",5,Cultivation
68f2b5518235677a3bd166ee,"27b, 27, 8c, 20biia, 20",5,Small
68f32d4ed30cf22bd35a96e1,"8b, 8, 20ai, 20",4,Cultivation
68f347db6f585d8020b48cb1,"27b, 27",2,Small
68f348b845a8060f7e6e8e9b,"8c, 20biia, 20",3,Small
68f36ca9ab5a363603b6ab83,"8c, 20biib, 20",3,Intermediate
68f373feab5a36d774b9d0b1,"8c, 20biib, 20",3,Intermediate
68f3765cf60ed7e543da61b1,"8c, 27b, 27",3,Small
68f3905de3add477a40da533,"8c, 20biia, 20",3,Small
68f3b6ca45a806893b7f8cf3,"8c, 20ai, 20, 20ba",4,Cultivation
68f3eb5ac5490536f88f046a,"8c, 20biib, 20",3,Intermediate
68f440e645a806367883dfd7,"20biia, 20",2,Small
68f478c6ab5a36c1cfd1dff3,"8c, 20biic, 20",3,Commercial
68f479de6f585d7cbdd0cabc,"3102, 310, 2, 1262, 126, 1181, 118, 1, 292, 111, 1894, 189, 4, 190, 25, 1b, 27",17,Intermediate
68f4ed36f60ed7ccacf1f098,"27b, 27, 8c, 20biib, 20",5,Intermediate
68f4eec3ab5a366904deaf1b,"8c, 20biia, 20, 27",4,Small
68f4fa66d30cf218688d62c6,27,1,Small
68f5c7aef60ed7258afd4815,"3032, 303, 2, 27b, 27",5,Small
68f5cd61908c745031051932,"8c, 22c, 22, 27, 29",5,Commercial
68f6332a6f585d8e28eb2b7c,"8c, 20biia, 20, 27b, 27",5,Small
68f71119d30cf2258fa71667,"22c, 22, 27a, 27, 29",5,Commercial
68f787445079fec1902c2297,"8c, 20biia, 20",3,Small
68f7c424ab5a36f1613e9d92,"8b, 8, 20ai, 20",4,Cultivation
68f84c94ab5a36d9d2456613,"8c, 20biia, 20, 27a, 27",5,Small
68f85eefe3add4dd2e705670,"8c, 20biia, 20, 27b, 27",5,Small
68f8be5f45a8062b9c080906,"8c, 20biib, 20",3,Intermediate
68f8e55dab5a361b407f691b,"20biib, 20",2,Intermediate
68f8f1c245a8060ec710f68c,"8c, 20ai, 20, 27b, 27",5,Cultivation
68f8fe316f585d880365bdde,"8c, 20biia, 20",3,Small
68f900e1ab5a361f4b830c22,"27b, 27",2,Small
68f906858bedf7f2662cb11a,"8c, 20biia, 20",3,Small
68f91755823567c3758eebdb,"8c, 20biia, 20",3,Small
68f9323245a8066c1815730c,"8c, 20biia, 20, 27b, 27",5,Small
68f93b1ae3add410f7a500f0,"8c, 20biia, 20, 27b, 27",5,Small
68f9a0cae3add46883aa1d91,"8c, 20biic, 20, 27a, 27, 29",6,Commercial
68f9dfb6e3add4dc03c41f1f,"8c, 20biia, 20",3,Small
68f9e9ee8bedf71c4651f441,"8c, 20ai, 20",3,Cultivation
68f9f591908c744391ace229,"8c, 20biia, 20",3,Small
68fa0efc6f585d6ad98f985f,"8b, 20a, 20bi, 20",4,Cultivation
68fa32e4c5490532535e6504,"8c, 20biic, 20, 111",4,Commercial
68fa370f45a806fa3e5cc131,"22b, 22",2,Intermediate
68fa480eab5a3681dbc69621,"8b, 8, 20ai, 20, 27b, 27",6,Cultivation
68fa609f5079fe5207adf867,"8b, 8, 20ai, 20",4,Cultivation
68fa690345a80624225ee26d,"8c, 20biia, 20",3,Small
68fa6c2b908c746213d413d0,"8b, 8, 20ai, 20",4,Cultivation
68fa75acc5490545c4614501,"8c, 20biib, 20",3,Intermediate
68fa777d5079fe1519ae80ff,27,1,Small
68fa77e4908c7426d5d44d16,27,1,Small
68fb94d884ec640f16c1293a,"8c, 20biia, 20",3,Small
68fba6723762f799142caae4,"8c, 20biia, 20, 27b, 27",5,Small
68fbba8b3762f722b92d78e3,"8c, 20biia, 20, 27b, 27",5,Small
68fbc3a93762f724392dab92,"8c, 20ai, 20, 27b, 27",5,Cultivation
68fc604fa9ebd2035f7d90ce,27,1,Small
68fc7ddfd444d44fab10ba96,"8c, 27b, 27",3,Small
68fc83c193f3c62166545e6a,"8c, 20biib, 20",3,Intermediate
68fcb213a9ebd236f38b1a35,"8c, 20biia, 20",3,Small
68fd2a2c74b9e31b4643074b,"8c, 27b, 27",3,Small
68fe216c197d4f1d68f56a28,"8c, 20biia, 20, 27b, 27",5,Small
68fe3e45197d4f0a66f68935,"20biia, 20, 27",3,Small
68fe4040d444d4dc3e33f162,"8b, 8, 20bi, 20",4,Intermediate
68fe44a684ec647396ebc5b0,"8c, 20iia, 20, 27b, 27",5,Small
68fe474c93f3c6e2316d6c8e,"8c, 20biia, 20",3,Small
68fe6a33f14e38075fb1a3dd,"8c, 20biia, 20, 22b, 22",5,Intermediate
68fe7ca9197d4f3b04f76d92,"8c, 20biib, 20, 29",4,Intermediate
68fecd6f24d5c615e18a1963,"8c, 22c, 22, 27a, 29",5,Commercial
68fed67d197d4f7526fb28e5,"8c, 27b, 27",3,Small
68fee43a24d5c61b228a4a1b,"8c, 20biia, 20, 27b, 27",5,Small
68fee85993f3c63487719636,"8b, 8, 20ai, 20",4,Cultivation
68ff7d11240e767853872763,"8c, 20biia, 20, 27b, 27",5,Small
68ff86493762f7a3407646ad,"8c, 20biia, 20",3,Small
68ff8b0ed10c358694f8066d,"8c, 20biia, 20, 27b, 27",5,Small
68ff9bd6197d4f4d2117aab5,"8c, 20biia, 20",3,Small
68ffcf4f240e769f5a89440c,"8c, 22c, 22, 29",4,Commercial
69005334d10c3565d5007851,"8c, 20biia, 20",3,Small
69005612197d4f56111fce1f,"8c, 27",2,Small
690078f8197d4f0ec629aef1,"8c, 20biic, 20, 27b, 27",5,Commercial
6900bcfdd10c35736e13fc3f,"8c, 20biia, 20",3,Small
6900d7d7d10c350fa716feaf,"8c, 27b, 27",3,Small
6900f6943762f772bb902aa2,"109, 27b, 27",3,Small
6901001293f3c65e44a8931b,"8c, 20biia, 20",3,Small
69010717d444d41a1b7878ac,"20biia, 20, 8c",3,Small
69015fc7f14e38822cec02f7,"8c, 20biib, 20",3,Intermediate
69018bdff14e38d9f1ec6619,"8c, 20biia, 20",3,Small
69019c653762f7659395509a,"8c, 20biia, 20",3,Small
6902095ed444d492d59d6593,"8c, 20biia, 20, 27b, 27",5,Small
690224b2d444d42d5ba0daba,"8b, 8, 20bi, 20",4,Intermediate
6902514a197d4f1699602d87,"8c, 20biib, 20",3,Intermediate
690258993762f75f11b2a8d3,"8c, 20biib, 20, 27a, 27",5,Intermediate
6903269824d5c61038041c35,"8c, 20biia, 20",3,Small
69033d74197d4f30be71a404,"8c, 20biib, 20",3,Intermediate
69036144240e76e847e52862,"8c, 20biia, 20",3,Small
6903623c240e76ddcde552af,"8c, 20biia, 20",3,Small
69037d33f14e385da8221845,"20biia, 20, 8c",3,Small
6903c1713762f71b06cc8c2d,"8c, 20bii, 20, 22b, 22, 22c, 27a, 27, 29",9,Commercial
690411add011035420b0e617,"27b, 27",2,Small
6904859624d5c629b3249aab,"8c, 20biia, 20, 27b, 27",5,Small
69048ac374b9e3bebad88afb,"27a, 27, 20biia, 20, 8c",5,Small
6904c10e24d5c66cd5303f4e,"8c, 20biia, 20, 27",4,Small
6904cd5584ec64ed4b824b79,"8c, 20biia, 20",3,Small
6904d0d193f3c62c980108da,"20biib, 20, 8c",3,Intermediate
6904ed173762f780f2e44974,"27b, 27, 8c, 20biia, 20",5,Small
6904f41bd444d49149e0344e,"8c, 22c, 22, 29",4,Commercial
690510e9d10c359abc7bca5c,"8c, 27",2,Small
690526d8d011032eabcba233,"8c, 22c, 22, 21b, 21, 20biia, 20, 27a, 27, 29, 27b",11,Commercial
69059f64f96aa32c488f2489,"27b, 27",2,Small
6905d6d31154571d28641fb4,"8c, 20biia, 20",3,Small
6905e815f96aa32bee9b4f84,"8c, 20biia, 20, 27b, 27",5,Small
690607d280bade4cc2f60348,"8c, 20biib, 20",3,Intermediate
690619d31d6648bea4438a6b,"8c, 27a, 27, 27b",4,Small
69061b71dfcea93b6b8dd84f,"8c, 20ai, 20, 27b, 27",5,Cultivation
6906444ad55025ebe567df7f,"8c, 20biia, 20",3,Small
6907496650731923bc7331eb,"8c, 20biib, 20",3,Intermediate
690775bdb4af872395d4e9c8,"8b, 8, 20ai, 20",4,Cultivation
6907a86adfcea9588d9f25e2,"20biia, 20, 8c, 78",4,Small
690803b9dfcea983e4a2bded,"8c, 20biib, 20",3,Intermediate
69081d4f115457229086086c,"8c, 20biia, 20, 27",4,Small
69082a9d82209f9370ab095b,"8c, 20biia, 20, 27b, 27",5,Small
690844c911545752bb8b7099,"8c, 20biib, 20",3,Intermediate
6908a51c91eaff34ef682808,"8c, 20biia, 20",3,Small
6908aebd115457b946ae2533,"8c, 20biib, 20",3,Intermediate
6908c49a507319e6a49a153a,"8c, 20biic, 20, 27b",4,Commercial
6908fc4cdfcea9f0aad489ea,"27b, 27",2,Small
690936fc1d664860cb788242,"8c, 20biib, 20, 27b, 27",5,Intermediate
690938a3f96aa3626bddcbb2,"8c, 20biic, 20, 22c, 22, 27, 29",7,Commercial
6909c265b4af87b99b178ff0,"20biib, 20",2,Intermediate
690a28045073194d22b651f1,"8c, 20biib, 20, 29",4,Intermediate
690a38725073193239b6b5d4,"8c, 20bi, 20",3,Intermediate
690a56be82209fbfb7fc0781,"20biib, 20",2,Intermediate
690a838e1154579473da30c7,"8c, 20biia, 20, 25, 1b, 1",6,Intermediate
690ab01df96aa325fa03bb2d,"8c, 20biib, 20, 27",4,Intermediate
690afdab80bade54bf6a8c12,"20bii, 20",2,Intermediate
690b026adfcea9eb74f7aaaa,"20bii, 20",2,Intermediate
690b060adfcea955fcf7f12a,"27a, 27",2,Small
690b86d7e85eee840d4ff237,"8b, 8, 20ai, 20, 20biia",5,Cultivation
690c7b91f96aa3240c2f0803,"1372, 137, 2, 782, 78, 11, 2012, 12, 27, 29, 9, 10",12,Small
690c8177e85eee4b6f6b7d35,"8c, 20biib, 20",3,Intermediate
690c956fe85eeee3586e1de5,"8c, 20biib, 20",3,Intermediate
690c95a291eafff39ec9a1b2,"20biib, 20",2,Intermediate
690c9e6f1504b1c1f8a6b2f0,"312, 313, 111, 1894, 189, 4, 190, 25, 1b, 1, 27",11,Intermediate
690cac38e85eee74b1715118,"8c, 20biia, 20, 27b, 27",5,Small
690cae47b3e644fc2657ea98,"8c, 20biia, 20, 29",4,Small
690caf55dfcea9c84f18052b,"8c, 20biib, 20",3,Intermediate
690cba5880bade1df8a0a094,"8c, 20biia, 20",3,Small
690cbda3e85eee5719723232,27,1,Small
690cc13580bade66dba0f1ef,"8c, 20biib, 20, 27a, 27, 29",6,Intermediate
690cc7c51d66485489c4c2f1,"8c, 22c, 22, 20biia, 20, 27, 29",7,Commercial
690d08ca1504b1330ca9c432,"8c, 20biia, 20",3,Small
690d5d6df96aa3eab83af59f,"8c, 20biia, 20, 27b, 27",5,Small
690d8b0f80bade0543ae8867,"8c, 20biia, 20, 27a, 27",5,Small
690ddbf9d550251a881ef9e4,"8b, 8, 8c, 20ai, 20",5,Cultivation
690ddd3a80bade71fac25449,"8c, 20biib, 20, 27a, 29",5,Intermediate
690de9ff1d66480ea3de8750,"8c, 20ai, 20, 27b, 27",5,Cultivation
690e235882209f4f8650ec21,"8c, 27b, 27",3,Small
690e23fb1d66485d3ce122ec,"8c, 27b, 27",3,Small
690e2b6f82209f78ce512268,"8c, 20iia, 20, 27b, 27, 78",6,Small
690e3af991eaff69d1f13876,"20biib, 20",2,Intermediate
690ec7aadfcea91e0539eaf1,"8c, 20biia, 20",3,Small
690ecd9911545718a242f256,"8c, 20biic, 20, 29",4,Commercial
690eef921d664884d4eac843,"8c, 20biib, 20",3,Intermediate
690efd9ae85eee826a9f763a,"3184, 318, 4, 3162, 316, 2, 22b, 22, 27a, 27, 29",11,Intermediate
690f4261b3e6447e8a96cc0a,"8c, 20biia, 20, 27b, 27",5,Small
690f49bf1504b1ff01e420ea,"8c, 20iia, 20",3,Small
690f64ad1504b1f731e60756,"8c, 20biia, 20, 27b, 27",5,Small
690f98941d6648d7c0f52843,"8c, 20biia, 20",3,Small
690ff9c81504b108cdeae916,"20biia, 20",2,Small
691006e01504b1cccfeb261e,27,1,Small
69100e23b3e64490f59e4343,"22b, 22, 27a, 27, 29",5,Intermediate
69102ecb80badef398e6348d,"8c, 20biia, 20",3,Small
6910386e1d6648b61cfc1bc2,"8c, 20biia, 20, 27b, 27",5,Small
691078751154578d6c673e34,"8c, 20biic, 20, 29",4,Commercial
691087a01d6648c87801a79c,"8c, 20biia, 20, 29",4,Small
691093aa1504b1242bf5c38e,"8c, 20biia, 20",3,Small
6910947591eaff9a4313ff15,"8c, 20biia, 20",3,Small
69109c9d11545714e369f993,"8c, 20biia, 20, 27b, 27",5,Small
6910c9a71504b11afef7df8f,"20biib, 20",2,Intermediate
6910cf7bd550252f6d4ce814,"20biia, 20",2,Small
6910d1f7f96aa3d60d7f5e43,"20biia, 20, 27b, 27",4,Small
6910de1ad55025acb04d1a90,"20biia, 20",2,Small
691156db1504b132defc3e10,"8b, 8, 20ai, 20",4,Cultivation
69119fadf96aa3b6f5954e58,"8c, 27b, 27",3,Small
6911aae21154578dd1858e8f,"8c, 20biia, 20, 27",4,Small
6911e03fb3e64423bdcf19a0,"8c, 20biia, 20",3,Small
6911ee5df96aa30cb8a453dd,"8c, 20biia, 20",3,Small
6911f6d01d66484038266efc,"8c, 20biia, 20, 27b, 27",5,Small
69120012b3e644941ad2bbd8,"8c, 20biia, 20",3,Small
6912349a507319d88142ca01,"8c, 20biib, 20, 27, 29",5,Intermediate
6912a63d1d664828262d4df3,"27a, 27",2,Small
6912acbed550256588764f2b,"1401, 140, 1, 1272, 127, 2, 1152, 115, 3512, 351, 35, 3, 5, 25, 8c, 20biib, 20",17,Intermediate
6912dd0491eaff3ed5440777,27,1,Small
6912ef19e85eee6367eccb0a,"8c, 20biib, 20, 27b, 27",5,Intermediate
6913192880bade268a343c2a,"8c, 27b, 27",3,Small
691351d391eaff1f1652e3b1,"8c, 20biib, 20",3,Intermediate
69141530d5502512f79fb394,"8c, 20biib, 20",3,Intermediate
6914222e91eaff57835a987f,"27b, 27",2,Small
69145e3a82209f74fcce5eb2,"8c, 20biia, 20, 27b, 27",5,Small
6914652980bade665d649f4e,"8c, 20biia, 20, 8b, 8, 20ai, 27b, 27",8,Cultivation
691492581504b127d574a564,"8c, 20biia, 20",3,Small
6914a05ab3e644b3e01be343,"8c, 20biib, 20, 27, 29",5,Intermediate
6914a7e91d6648329680b5c9,"8c, 20biib, 20",3,Intermediate
6914aedf1154570f5af9ae1d,"8c, 27b, 27",3,Small
6914cd061504b1854177e82b,"20biib, 20",2,Intermediate
69158687f96aa3505e07780c,"8c, 27b, 27",3,Small
69158da591eaff15a284b247,"8c, 20biib, 20",3,Intermediate
6915971511545732c00c622f,"8c, 27b, 27",3,Small
6915a48b1504b1c4ee8d6d30,"20biic, 20, 29, 8c",4,Commercial
6915f03a064eb462f3ec2227,"8c, 20biib, 20, 27, 29",5,Intermediate
6915f34c28ca4485aa2db0a3,"8c, 20biia, 20",3,Small
6915fca30e4d7fb014815a96,"20biia, 20",2,Small
69160e44386af897d40cf576,"8c, 20biia, 20, 27b, 27",5,Small
69162490dfdcd5775f00f723,"8c, 20biib, 20",3,Intermediate
6916783f386af82c4b110fd0,"27b, 27",2,Small
6916822d8c0d8e5c5164e44c,"27b, 27",2,Small
6916a9bcb5a9c2bda7945c5b,"8c, 22c, 22, 29",4,Commercial
6916b95d28ca446f9a32e970,"8c, 20biia, 20, 27b, 27",5,Small
691720a85941dea536ae849a,"8c, 22b, 22",3,Intermediate
69172c050af9f4507b174a83,"8c, 20biia, 20",3,Small
69172d510af9f40622176572,"27a, 27",2,Small
69173ffc640c0f58303755cc,27,1,Small
691769f12a4c8a4921f01756,"8c, 20biia, 20",3,Small
691786ddd143a845cd6d975a,"8c, 20biia, 20",3,Small
6917cb7d3174ac13d24dc115,"8c, 20biia, 20, 27a, 27",5,Small
69180cb1169716d8d8687ba2,"20biia, 20",2,Small
69186cc65941de6e57ddab85,"8c, 20biia, 20, 27b, 27, 29",6,Small
691883003718991db7a77203,"8c, 27b, 27",3,Small
6918b54a0af9f4b8ce58138b,"8c, 20biib, 20, 20biia",4,Intermediate
6918b7246bb51bb19bd8f004,"8c, 27b, 27",3,Small
6918bceb2bf959c8143614c3,"8c, 20biib, 20",3,Intermediate
691959e02bf95994db3bee75,"8c, 20biia, 20, 27b, 27",5,Small
69196c0f6bb51b1bc4e0ebea,"8c, 20biib, 20, 27, 29",5,Intermediate
6919dce20af9f45b0967b142,"8c, 20biib, 20",3,Intermediate
691a02752a4c8ae2aa3a7675,"8c, 20biia, 20",3,Small
691a1301169716be5db3ed62,"8c, 20biia, 20",3,Small
691a8c5a2bf9594b754b47fc,"8c, 20biib, 20, 29",4,Intermediate
691ac5666bb51b5343fbe4ec,"8c, 20b2a",2,Small
691aede32a4c8a401559d98a,"8c, 20biib, 20",3,Intermediate
691b0f3a0af9f4dcbe8e3c5e,"8c, 20biib, 20",3,Intermediate
691b26a52bf95981466d7cd1,"8c, 20biib, 20",3,Intermediate
691b31d93174acace8afa733,"8c, 20biia, 20, 29",4,Small
691b39cc3174ac7e82b01d9d,"8c, 20biia, 20, 27b, 27, 28",6,Small
691b42c65941debd790d0b5d,"8c, 20biia, 20",3,Small
691b8a923718991b69eae204,"8c, 20biia, 20",3,Small
691b9c522bf95985b1726571,"8c, 27b, 27",3,Small
691c1356d143a8b7a7e5c767,27,1,Small
691c6c0416971676b005c3f7,"8c, 20biia, 20",3,Small
691c71530af9f4472cb68f21,"8c, 20biia, 20, 27b, 27",5,Small
691c763f9e9d3f32da0b2a3d,"8c, 20biia, 20",3,Small
691c914d2bf95937b9973b84,"8c, 20biia, 20, 27",4,Small
691cc2ac640c0fa825c98f7a,"8c, 20biia, 20, 27b, 27",5,Small
691cc6d3169716785f0a9471,"8c, 20biia, 20",3,Small
691ccd497e9d622e0dad497e,"8c, 20biia, 20",3,Small
691ccd5ed143a888b2fd038f,"8c, 20biia, 20",3,Small
691d307e37189914e613a8af,"8c, 20biib, 20",3,Intermediate
691d6adb6bb51b64ab4ce5f5,"8c, 20biia, 20",3,Small
691da3899e9d3f47312b1117,"8c, 20biia, 20, 27b, 27",5,Small
691de1c63174acec44f13a13,27,1,Small
691e03139e9d3f5e4c359ca3,"8c, 20biib, 20",3,Intermediate
691e05ca0af9f422e8e47c04,"8c, 20biia, 20, 29",4,Small
691e2603371899331e375b1a,"8c, 27b, 27",3,Small
691e72879e9d3fb66a39a630,"8c, 27, 20biia, 20",4,Small
691e86436bb51b101b686907,"8c, 20biia, 20, 27",4,Small
691eb8f07e9d62bd5be3ef5b,"27a, 27",2,Small
691f0dc95941de39cf7b14b2,"8c, 20biib, 20",3,Intermediate
691f213c3174ace3c611e9da,"8c, 20ai, 20, 27b, 27",5,Cultivation
691f26a7640c0f1331111763,"8c, 20biia, 20, 27",4,Small
691f3b282a4c8a4e0fd633d3,"8c, 22c, 22, 29",4,Commercial
691f485416971656165b54e6,"8c, 20biia, 20",3,Small
691f4c185941de13e07e404c,"110, 125, 281, 184, 185b, 185, 27",7,Intermediate
691f4d4b9e9d3f93405c0a75,"8c, 27",2,Small
691f5759640c0f779c130699,"8c, 27",2,Small
691f6413640c0f5fa4133987,"8c, 20biia, 20",3,Small
691f69b7371899d9985881c1,"20biib, 20, 27",3,Intermediate
691f7ef86bb51b270389a078,"27b, 27, 8c, 20biia, 20",5,Small
691f80bc2a4c8a5d5dd6fdbb,"8c, 20ai, 20, 20biib",4,Cultivation
69200bcb7566965d7b76efff,"8c, 20bii, 20",3,Intermediate
69204a810fa7a1c888f8b57c,"8c, 20biia, 20",3,Small
6920861f5bf1e52f1fb9e623,"8c, 20biia, 20, 27a, 27",5,Small
692096644661835f044971f2,"8c, 20biib, 20, 106",4,Intermediate
6920981f472b8ca732bfd717,"8c, 20biib, 20, 27",4,Intermediate
6920aec82b4d3572faa4c0cd,"20biia, 20, 27",3,Small
6920f86a0fa7a10fca03ea4b,"8c, 20biia, 20",3,Small
692124d45bf1e53db1bec89e,"8c, 20biia, 20",3,Small
69217d946ffd1733a7821d98,"8c, 20biia, 20",3,Small
6921c27f5bf1e50f03d7aef8,"8c, 20biia, 20",3,Small
6921c8c344eb621d50853bba,"8c, 22c, 22",3,Commercial
6921d4802b4d35d244c7e35a,"27b, 27",2,Small
69221e066965ba656f5deeb6,"20biia, 20, 27, 29, 8c",5,Small
69221f9044eb6251f38793d2,"20biia, 20, 8c, 27",4,Small
692308ca6ffd17ff379c2318,"8c, 20biia, 20",3,Small
692337a36ffd17f8cd9eb95b,"8c, 20biib, 20, 27a, 29",5,Intermediate
69235458466183c0d07aacb5,"8c, 22c, 22",3,Commercial
69236f894661838b307acb0b,"8c, 20biic, 20",3,Commercial
6923b46f756696de5eb13244,"8c, 21a, 21, 22, 27, 29",6,Small
69242e904661830edc924664,"8c, 20biic, 20",3,Commercial
6924373d466183055e950895,"8c, 20biib, 20, 27b, 27",5,Intermediate
692464226ffd1715eec266c4,"8c, 20biia, 20, 27b, 27",5,Small
69247acf5bf1e5a44c099297,"8c, 27b, 27",3,Small
69247e8f0fa7a19f33438247,"8c, 20biia, 20",3,Small
69249db26965ba967b976ba4,"8c, 20biia, 20, 29",4,Small
6924af1744eb62547db9a4e6,"8c, 20biia, 20, 27b, 27",5,Small
69255f185bf1e5c94d1b150d,"20biia, 20, 27a, 27",4,Small
692589f6472b8c42dc26e4d8,"274, 275, 35, 3, 5, 8c, 22c, 22, 34a, 34, 34e",11,Commercial
6925ec007566968039e3a23a,"8c, 20biia, 20",3,Small
69260aa005f0ea826b6b2e52,"8c, 20biia, 20",3,Small
69265c41fa8e0b3503c7d7d0,"8c, 20biia, 20",3,Small
69270a3afa8e0b0430eae751,"8c, 27b, 27",3,Small
692724e36ffd17b9d40fbdf4,"8c, 20biia, 20",3,Small
6927314b6ffd1717260ffd2c,"8b, 8, 8c, 20bi, 20, 20biia",6,Intermediate
692747fafa8e0b6d69ed16d5,"27b, 27",2,Small
69274b8405f0eaf25a91bbbc,"20biia, 20",2,Small
69275bda44eb6262ebfcc49b,"8c, 20biia, 20",3,Small
6928317305f0eacb17bc14b3,"8c, 20biia, 20, 27",4,Small
692838e56ffd1780983e47b7,"8c, 20biia, 20, 22b, 22, 27",6,Intermediate
692842546965ba5af30eeb64,"8c, 22c, 22, 27a, 29",5,Commercial
69288da52b4d3544996f79d0,"8c, 20biib, 20",3,Intermediate
692897da44eb6229672ac3f8,"20biia, 20, 27b, 27",4,Small
6929b653472b8c247aa3fbb1,"8c, 20biia, 20, 27b, 27",5,Small
692a07490fa7a1d062cbc4bb,"20biia, 20, 27a, 27, 8c",5,Small
692a0fa7f64a2bca06f3bc42,"15b, 15",2,Intermediate
692a98db9def3339c9494488,"20biia, 20",2,Small
692aa8e19def33d5384c5d46,"8c, 20biib, 20",3,Intermediate
692aa8eee2a6b7796cf44cb3,"8c, 20biib, 20",3,Intermediate
692ac69b9def33bead52728c,"8c, 20biib, 20",3,Intermediate
692ad4729301861f3373247e,"8c, 20ai, 20, 27b, 27",5,Cultivation
692b2bc2505b0fe7adec6bc3,27,1,Small
692b4ebee2a6b78336067111,"8c, 20biic, 20, 27a, 29",5,Commercial
692bd7c41566c2522309f479,"8c, 20biia, 20, 29",4,Small
692c1ec8d1bd126e3342c98b,"27b, 27",2,Small
692c2001540eb475f5fa3f0c,"20biia, 20",2,Small
692c28f2e2a6b71753141256,"20biia, 20, 27b, 27",4,Small
692d2422d1bd1209754e1e1a,"20biia, 20",2,Small
692d5a70267a90d4cc95ac47,"8c, 20biib, 20, 27",4,Intermediate
692d7bb5c9c9998ed0d5c11b,"8c, 20biib, 20, 27b, 27",5,Intermediate
692e39e61f21a83905d94e66,"8c, 20biib, 20",3,Intermediate
692e5d594cdaf0ade4eba890,"20iia, 20, 27a, 27, 8c",5,Small
692eb703c9c999761ff0462f,27,1,Small
692ed80e267a900c3ac08531,"8c, 27",2,Small
692f118e267a9079f8c5200e,"8c, 20biia, 20",3,Small
692f1343697cca06bf940d54,"8c, 20ai, 20, 20biib",4,Cultivation
692f13e4267a90308fc533f1,"8b, 8, 20a, 20, 20bi",5,Cultivation
692fc7b8697ccae6809ba131,"20biia, 20",2,Small
693041ddbcf16b4a41959ce1,"8c, 15b, 15",3,Intermediate
693045b6588c090108393cf8,"8c, 20biia, 20",3,Small
69309fb1e770ef9e4fb7f96b,"8c, 20biib, 20",3,Intermediate
6930a2cfd2d89163619bc269,"8c, 20biia, 20",3,Small
69316ac8588c09339c689400,"8c, 20biia, 20, 27b, 27",5,Small
693180dee770ef0147d747a7,"20biib, 20, 8c, 27",4,Intermediate
693186231b940a259790b585,27,1,Small
69319094fcac055b76656918,"8c, 20biib, 20, 21b, 21, 27a, 27, 27b",8,Intermediate
69319cfb69b6437a69837bcd,"8c, 20biia, 20, 27b, 27",5,Small
6931a69c69b64324d884033f,"8c, 20biia, 20",3,Small
6931d51a588c0970e17480a0,27,1,Small
69323f83cc86b29f52a6363f,"8c, 20biib, 20",3,Intermediate
693279e1787ba560ed6bbff8,"8c, 27, 20biib, 20",4,Intermediate
6932e41dcc86b24903bca9ad,"8c, 20biib, 20",3,Intermediate
693312971b940a5557abf56c,"8b, 8, 20ai, 20",4,Cultivation
69332898787ba5622f834b2b,"8c, 20biia, 20, 27b, 27",5,Small
6933375cf4c2f4a4d65064ce,"8c, 20biib, 20, 27a, 27",5,Intermediate
69333c42cc86b20d18c1393e,"8c, 20biia, 20",3,Small
6933886d787ba565cb874d94,"8c, 20biib, 20",3,Intermediate
69338f31e770efb3abf4ee3c,"27b, 27",2,Small
69343d29bcf16be2fe0cf9a9,"8c, 20biib, 20, 27a, 27b, 27, 29",7,Intermediate
693444e0d2d891e9b8f339aa,"8c, 20biia, 20, 27b, 27",5,Small
6934470cf81ba126f35c2b94,"8c, 20biib, 20",3,Intermediate
6934592369b64300a0c0986e,27,1,Small
6934612bf81ba115bc5cca4a,"8c, 20biia, 20, 27b, 27",5,Small
693470f4787ba505079d75f2,"27a, 27",2,Small
6934db49e770ef0909097600,"8c, 20biia, 20",3,Small
6934fbf8e770ef4fd909a8be,"27b, 27",2,Small
6935024ae770ef8a9909b8d4,"8c, 20biia, 20, 27b, 27",5,Small
69356f9b1b940a6003cebafd,"8c, 20biia, 20, 27b, 27",5,Small
6935cb73787ba5186dad8b22,"20biia, 20, 27b, 27",4,Small
693669e7bcf16bf9a3261ae3,"8c, 20biic, 20, 27a, 27, 29",6,Commercial
69369febd2d8914dbd172572,"8c, 20biib, 20",3,Intermediate
6936a031588c09167ffdba9b,"8c, 20iia, 20, 27b, 27",5,Small
69371e28f81ba102028edb6b,"20biib, 20",2,Intermediate
69373739588c0957ee0fbcc8,"8c, 20biic, 20",3,Commercial
6937ceb31b940a4f23013467,"8c, 20biia, 20, 27",4,Small
6937ed65fcac054083f66653,"8c, 20biib, 20",3,Intermediate
693806c2bcf16b8f4e52f9d8,"20biia, 20",2,Small
69382982e770ef84413ada0b,"8c, 20biia, 20, 27b, 27",5,Small
69385ae8cc86b22a10267a85,27,1,Small
693869b6f81ba1e4dea3aa00,"132, 8c, 27b, 27, 20biia, 20",6,Small
6938d60469b643d0250fca6c,"8c, 20biia, 20",3,Small
6938d989bcf16b305c5c2ef7,"8c, 27b, 27",3,Small
693949d7d2d891780445b47b,"8c, 20biib, 20, 27a",4,Intermediate
69395c2dbcf16b83a46a0e96,"8c, 20biia, 20",3,Small
693963cb787ba5d159097f6a,"8c, 22c, 22",3,Commercial
693989d0cc86b28bfb39dde1,"8c, 22c, 22, 29",4,Commercial
6939a711f81ba1231fb8dbbf,"8c, 20biia, 20",3,Small
6939b4a7f81ba1e857b90a24,"8c, 20biib, 20, 27",4,Intermediate
693a7378cc86b26a524477a2,"8c, 20biia, 20",3,Small
693bea52d2d89169ab63dd01,"27b, 27",2,Small
693bf806fcac052cca446b78,"8c, 20biia, 20, 27",4,Small
693ce876d195555326a36a6e,"8c, 22c, 22, 27a, 27, 35, 3, 5",8,Commercial
693cf8fa588c0963288d84ff,"20biia, 20, 29, 240, 248, 612, 61, 2, 35, 3, 5",11,Small
693d0ef4e770ef766f773196,"8c, 20biia, 20, 27",4,Small
693d2fb3d19555129aa73991,"8c, 15b, 15",3,Intermediate
693d466af81ba17a3ce59755,"8c, 20biib, 20, 20biic, 27a, 27b, 27, 29",8,Commercial
693d88c3f4c2f4217520334d,"8c, 20biia, 20, 27b, 27",5,Small
693daeea69b64345a85277cd,"8c, 20biia, 20, 223, 125, 5, 15",7,Small
693e09ced195552f94b0f249,"8c, 22c, 22, 27, 29",5,Commercial
69405c2ecc86b26cba971131,27,1,Small
6940665dcc86b2cf3d9727d0,"20biia, 20",2,Small
69413768f4c2f4a17472d475,"8c, 20biib, 20",3,Intermediate
69419987cc86b25ae8bf5a8e,"8c, 20biia, 20",3,Small
69422369cc86b21fdfc371ca,"8c, 20biia, 20, 27",4,Small
694258e71b940a1341ad4d40,"8c, 20biia, 20, 27b, 27",5,Small
69426bf0fcac0544dfc8aacd,"20biia, 20, 27b, 27",4,Small
6943ab27f707a92fae2a565f,"8c, 20biic, 20",3,Commercial
6943bdf5f707a9defa2c6fd1,"20biia, 20, 27a, 27",4,Small
6943d23dce61216909d1c0a6,"20biia, 20",2,Small
694462a71adb7476a17cdcc8,"8c, 20biia, 20, 27b, 27",5,Small
6944b69950cc115b76db3edb,"8c, 20biib, 20, 22b, 22, 27",6,Intermediate
6945074d92a4d7302b5740dd,"8c, 22b, 22",3,Intermediate
69452f06ce61214338ebd870,"8c, 20biia, 20",3,Small
6945626203b6cdd30864c7dc,"8c, 20biia, 20",3,Small
694587fe97d0154f24a0a614,"8c, 22b, 22",3,Intermediate
6945ad72993c414326a71d17,"20biia, 20, 8c",3,Small
6945b01131baaae581ea6046,"20biia, 20",2,Small
6945c50e92a4d77d4161fde1,"8c, 20biia, 20",3,Small
6945ecaa993c411097aaa67d,"8c, 20biia, 20",3,Small
6945fc5b1638086c243cd1fe,"8c, 22b, 22, 22c, 27a, 27, 29, 35, 3, 5",10,Commercial
69461da21adb74bbe89b5cb7,"8c, 20biia, 20, 27b, 27",5,Small
6946556831baaad011f8ffb5,"8c, 20biib, 20",3,Intermediate
6946b3edf707a9908a6c8fdd,"20biia, 20, 8c, 27",4,Small
6946b7bff707a926926ccb54,"8c, 20biia, 20",3,Small
6946b83b92a4d75704809163,"8c, 20biib, 20, 27a, 27, 29",6,Intermediate
6946bb035b875a6badd06982,"8c, 20biia, 20",3,Small
6946be7a03b6cd3f848598f6,"8c, 20biia, 20, 27",4,Small
6946c22f5f5e72ea206054a8,"8c, 20biia, 20, 27b, 27",5,Small
6946d9d51adb746234b8e62c,"8c, 27",2,Small
6946edd550cc11cc0b1387a8,"8c, 20biia, 20",3,Small
6946f6ec03b6cd7c3386e4e4,"8c, 20biia, 20",3,Small
6947cccc993c4140ead66b53,"8c, 20biia, 20, 27b, 27",5,Small
6948148a03b6cdab5995bf9b,"8c, 20biib, 20",3,Intermediate
6948282bce6121176f177258,"27b, 27",2,Small
694832171adb74ee30ca82c2,27,1,Small
69483b5592a4d7c9ba8fa88d,"8c, 20biia, 20",3,Small
694892ae97d0153a8cdbccb0,"8c, 20biib, 20",3,Intermediate
6948b5d250cc110d79271b80,"8c, 20biia, 20, 22c, 22, 27, 29",7,Commercial
6948e1be5b875a7385f04844,27,1,Small
6949048d03b6cd2cc3a81904,"22b, 22",2,Intermediate
69491d87f707a9164b9566cb,"8c, 20biia, 20, 27b, 27",5,Small
69495c30ce612106552f4eea,"8c, 20biib, 20",3,Intermediate
694962df31baaadfbf449e44,"8c, 20biic, 20, 27a, 29",5,Commercial
694965ab5b875acb64034560,"8c, 20biia, 20, 22c, 22, 27a, 27, 29, 27b",9,Commercial
6949734631baaa6d4b45818a,"8c, 20biia, 20",3,Small
6949741c163808e7c97b4d58,"20biia, 20, 27b, 27",4,Small
6949a5d65f5e72c0e08f94b1,"8c, 22c, 22, 29, 27, 27a",6,Commercial
694a21d492a4d72504b0c0f0,"8c, 20biia, 20",3,Small
694a336392a4d737ddb3c092,"8c, 22c, 22, 27b",4,Commercial
694ab4db50cc11470a538142,"8c, 20biia, 20",3,Small
694ab718f707a9284fb547e7,"27b, 27",2,Small
694bbdb797d01543cf2d2089,"8c, 20biib, 20, 27, 29",5,Intermediate
694bc75f5b875a9e1236a13a,"8c, 20biib, 20",3,Intermediate
694be7415b875ae5cd3cbf9e,"27a, 27, 20biia, 20, 8c",5,Small
694bfbdd92a4d71b53dcb60e,"8c, 20biia, 20, 27b, 27",5,Small
694c06e4993c416fc03c852c,"8c, 20biia, 20",3,Small
694c2bdcce6121697b5d50c9,"8c, 20biic, 20, 27a, 29",5,Commercial
694c31a297d015b3c1398faf,"20biia, 20",2,Small
694c47dc31baaaf50a89e989,"8c, 20biia, 20",3,Small
694ca4c85b0ff26a43cde34a,"8c, 20biib, 20, 29",4,Intermediate
694d4858a65e7168087491c4,"8c, 22b, 22, 29",4,Intermediate
694d63080a18cf228101ad6a,"8b, 8, 20bi, 20",4,Intermediate
694d65e2d38cb6ed87388c5c,"8c, 20biia, 20, 27b, 27",5,Small
694d7e70002dcd84575f9b1c,"8c, 20biia, 20",3,Small
694d8b640a18cf20d002897f,"8c, 20biib, 20",3,Intermediate
694df88dc8d585886b9584fe,"8c, 22c, 22, 27a, 27",5,Commercial
694e625530ab5057cfe90fc3,"8c, 20biib, 20",3,Intermediate
694e9d395b0ff2219df346ae,"8c, 20biia, 20, 27",4,Small
694ea86b0a18cf020e1b26de,"8c, 22b, 22, 27a, 27, 29",6,Intermediate
694eb1fc30ab503444eebbb2,"20biia, 20",2,Small
694f66fff2087749312c76f4,"8c, 20biib, 20, 27, 29",5,Intermediate
694f6f4b0a18cf4c2525602f,"8c, 20biia, 20, 27",4,Small
694f8141a65e71534292fd62,"8c, 27",2,Small
694f81ef0a18cf148c2bce18,"8c, 20biia, 20",3,Small
694fbe34f248eca4a5f80ae7,"8c, 20biia, 20, 29",4,Small
694fdfbf6a1f9875eb0af9c5,"8c, 22c, 22, 20biia, 20, 27b, 27, 29",8,Commercial
694febd7c8d58502e7b5f02e,"8c, 20biib, 20",3,Intermediate
694feea65b0ff22de10f2efa,"27b, 27",2,Small
694ff1760a18cfcdd4399c30,"8c, 20biia, 20",3,Small
695001a10a18cf578b3a55e6,"8c, 27b, 27",3,Small
695003cc6a1f9834520e17c6,"8c, 20biia, 20, 27b, 27",5,Small
69500487d38cb64ace6db7ca,"8c, 20biia, 20",3,Small
695015286a1f9811cc0f1f3d,"20biia, 20, 27",3,Small
69501ce4f20877e8ec403450,"27a, 27",2,Small
69503f69f248ec5d10ffc2dc,27,1,Small
695046e40a18cfacbb3cf23b,"8c, 27b, 27",3,Small
69505692a65e71500f9f1454,"8c, 20biia, 20, 22b, 22, 27a, 27, 29",8,Intermediate
69508908c5b5690a9c3cd9e3,"8c, 22b, 22",3,Intermediate
6950a5c8f2087728be445b5d,"8c, 20biia, 20",3,Small
6950c95af208774b1c4688c3,27,1,Small
6950e2a66a1f98b3b81a5f99,27,1,Small
69510b9df248ec1fa60a79e3,"8c, 20biib, 20",3,Intermediate
695184ecd38cb6150e826e13,"27a, 27",2,Small
6951c885f208776cd3579a2f,"8c, 22c, 22",3,Commercial
695275d86a1f981aae43afd9,"8c, 20biib, 20",3,Intermediate
695281def248ec50c52c321d,"27b, 27",2,Small
69528dfac8d5851dd7e6fb5e,"8c, 20biib, 20, 27, 29",5,Intermediate
69529400c8d585e1a2e7472f,"8c, 20biia, 20, 27",4,Small
6952c39d002dcd4b1fc735e2,"8c, 20biib, 20",3,Intermediate
69533c2af20877e1e27d5654,"8c, 22a, 22, 27a, 27, 29",6,Small
69536e8bc756edb63cfff35b,"20biia, 20",2,Small
6953756230ab5090e14ff057,"20biib, 20",2,Intermediate
695393b25b0ff2151967e760,"8c, 27, 20biib, 20",4,Intermediate
6953aa580a18cfdd4e9adf07,27,1,Small
6953bea9f248ec11a8409848,"8b, 8, 8c, 20ai, 20, 20biia",6,Cultivation
6953e5c5a65e7187d4eeb95c,"18b, 18",2,Intermediate
6953f282c756ed854415c0e4,27,1,Small
695406685b0ff220bd7571f4,"8c, 20biic, 20, 29",4,Commercial
6954131b002dcd0333ec80e1,"8b, 8, 20ai, 20",4,Cultivation
69542afdd38cb6b6c5c487e7,"8c, 27",2,Small
6954b02cc756ed24eb1b0211,"8c, 20biib, 20, 27b, 27",5,Intermediate
6954b3a5f248ec53444acf59,"8c, 20biia, 20",3,Small
69550169a65e710a1711a83d,"20bi, 20",2,Intermediate
69552a3aa65e71765318d07f,"8c, 20biia, 20, 27",4,Small
6955498dc756ed4910378276,"27b, 27",2,Small
69555e4bf248ec464f67a3b9,"8c, 22b, 22, 29",4,Intermediate
6955881df208776867bb66b8,"27b, 27",2,Small
6955e0bdd38cb669b2ef95cd,"8c, 21b, 21, 22b, 22, 29",6,Intermediate
69560d04f248ec6a9f6ce9ea,"8c, 20biia, 20, 27b, 27",5,Small
6956153e5b0ff2c792a55a4d,27,1,Small
6956225f30ab50e8198967c1,27,1,Small
6956760e002dcd5ddb2b925e,"27b, 27",2,Small
695689195b0ff24f2cafb5d6,"27b, 27",2,Small
6956a48f5b0ff2d964b0e416,"27b, 27",2,Small
6956a7d2a65e71046d34abbe,"8c, 27b, 27",3,Small
6956b1e6f208776823d18542,"20ai, 20",2,Cultivation
6956ba8c30ab507f21943313,"8c, 21a, 21, 27",4,Small
69572e105b0ff23a7bb5227b,"20biia, 20",2,Small
6957a79fc8d5852d484b5af1,"20biia, 20",2,Small
6957c493002dcdfe024fc123,"8c, 20biib, 20",3,Intermediate
6957cbb2f2087757a7f6cbdd,"28, 29, 30",3,Small
6957e132a65e71a26759d34e,"8c, 20biia, 20, 27",4,Small
6957e6f10a18cfb0bf119387,"8c, 22c, 22, 29",4,Commercial
695801d7f248ecae8e9ba24a,"8c, 20biia, 20, 27b, 27",5,Small
69581dc76a1f98c934c482eb,"8c, 20biia, 20, 27b, 27",5,Small
6958a37ec5b569cde8f7ff93,"8c, 20biia, 20, 27b, 27",5,Small
6958a892f248ec5a3fa48da5,"8c, 20biia, 20, 27b, 27",5,Small
695914fea65e714db18c5c4d,"8c, 20biic, 20, 29",4,Commercial
695925b5c8d585a1a37dc07a,"8c, 27b, 27",3,Small
6959439d002dcd3dd386f54a,"20biia, 20",2,Small
69595e04002dcd2770879361,"27a, 27",2,Small
695975f7c8d585b9a58002ef,"8c, 20biic, 20, 29",4,Commercial
6959d294c8d585313483c494,"8c, 20biia, 20",3,Small
6959f3f8f248ec2873d057ac,"8c, 20biia, 20",3,Small
695a1ecfc5b5696f0f34d310,"8c, 20biia, 20, 27b, 27",5,Small
695a67eac756ed79b59e22ee,"20biia, 20, 8c",3,Small
695ada25c756ed83b5a0464a,"22c, 22, 27, 8c",4,Commercial
695b88666a1f988b2027220d,"8c, 20biib, 20",3,Intermediate
695bb588c8d58513d0af3c9b,"8c, 20biia, 20",3,Small
695bc97b0a18cf3a4d8a69e9,"20biib, 20",2,Intermediate
695bcdc2002dcd0316ba717a,"8c, 20biia, 20, 27b, 27",5,Small
695be7d8d38cb65ad5811608,"8c, 20biib, 20, 29",4,Intermediate
695bfbe1d38cb6323c819419,"8c, 20biia, 20, 27b, 27, 27bii",6,Small
695c0d5fc8d58533fcb4328d,27,1,Small
695c60976a1f98c6d43cbe91,"8c, 22b, 22, 29",4,Intermediate
695cd982a65e7143c5f3ff38,"8c, 20biib, 20, 29, 78",5,Intermediate
695ceebff20877fc40877909,"8c, 20biia, 20, 27b, 27",5,Small
695d06ebc5b569462a84f707,"8c, 20ai, 20, 20biia, 27b, 27",6,Cultivation
695d1284f248ec2ed62964ad,"8c, 20biia, 20, 27a, 27",5,Small
695d20e4c8d585b829e18e2a,"8c, 20biib, 20, 29",4,Intermediate
695d20f6f248ec5dbc2a5aed,"8c, 20biia, 20, 27a, 27, 251a, 25, 1",8,Small
695d24075b0ff206b578edc5,"8c, 20biia, 20, 27",4,Small
695d2ef230ab5067d9381301,"8c, 20biib, 20",3,Intermediate
695d53f16a1f98bb9f5f7d2d,"8c, 20biia, 20",3,Small
695d5f0dc756ed639cf92ecc,"8c, 20biia, 20",3,Small
695d7667f2087720bc938438,"8c, 20ba, 20, 27b, 27",5,Small
695d7acf002dcd92d2e79c8e,"8c, 20bb, 20",3,Intermediate
695db3c032504e6f62861db2,"8c, 20biia, 20, 27",4,Small
695df157f0e28733b4137935,"8c, 20b2a",2,Small
695dfe5e56db4e6fc1911bbd,"8c, 27b, 27",3,Small
695e23332991f23639e41a7e,"8c, 20biia, 20, 27b, 27",5,Small
695e2d533f21074cc378cdd9,"8c, 20biia, 20, 27a, 27",5,Small
695e57bcecc9ee46c280a8a3,"8c, 20biia, 20, 27b, 27",5,Small
695e7d33ecc9ee9d8f88e915,"8c, 20biib, 20",3,Intermediate
695e92fa32504e8d4bb49513,"8c, 20biia, 20, 27b, 27",5,Small
695e97a8ff69b20e51c0bd8f,"8c, 17b, 17",3,Intermediate
695ea1dd56db4ee9d4b85656,"8c, 20biia, 20, 27a, 27",5,Small
695ea9fdf0e287b0b845cb9a,"8c, 17b, 17, 22c, 22, 27a, 29, 27",8,Commercial
695ec95d25e0d32263ee9170,"8c, 20biib, 20, 27a, 27, 27b, 29",7,Intermediate
695effb4f0e287a9c649c209,"27b, 27",2,Small
695f2f1132504e033bba0e6f,"8c, 20biib, 20",3,Intermediate
695f3b0bb9128f78369ead99,"8b, 8, 20ai, 20",4,Cultivation
695f8fb732504e40bed1e8a8,"20biib, 20",2,Intermediate
695fa62f3f210782edc2f819,"8c, 20biib, 20, 29",4,Intermediate
695fe4b2ff69b280e4e9fd7f,27,1,Small
695fed3cb9128f5188c39641,"8c, 20biia, 20, 27b, 27",5,Small
695ff1c02991f2550d29d316,"8c, 20biia, 20",3,Small
696006813f210731ddc88e0d,"27b, 27",2,Small
696023839ecbd36d8ec44374,"8c, 22c, 22, 29",4,Commercial
696025d1f69d3d70f6276580,"20biia, 20",2,Small
6960537132504e5286db5ad1,"8c, 20biia, 20, 27",4,Small
6960667eb9128f605ec7a2d7,"8c, 20biib, 20",3,Intermediate
696069cfff69b284c1ee89fe,"27b, 27",2,Small
69606f85f69d3d63d62b61cf,27,1,Small
6960aad52991f21aee3dede5,"8c, 20biia, 20, 27b, 27",5,Small
6960d65230e40681cb0e1728,"8c, 20biia, 20, 27b, 27",5,Small
6960ed6925e0d319b01b61a9,"8c, 20biia, 20, 27b, 27",5,Small
69612c0532504e7dbef65ee6,"8c, 20biib, 20",3,Intermediate
69612df3b9128ffc4ce9e522,"8c, 20biia, 20",3,Small
69616e0c30e40606421653a9,"27a, 27",2,Small
6961ae5eecc9eeb2acce8a45,27,1,Small
6961dcf53f210799a2f81ac9,"8c, 20biia, 20, 29",4,Small
6961e9d33f2107db73fb37f7,"8c, 20biib, 20",3,Intermediate
6961eeadb9128fb360f3383c,"8c, 15b, 15, 21b, 21",5,Intermediate
696202aaff69b2441421ac7d,"20biia, 20",2,Small
696243db32504eff7d0ae43f,"8c, 20biia, 20, 27",4,Small
6962525a56db4e2e6f27833d,"8c, 20biia, 20, 27",4,Small
696256562991f2410568d034,"8c, 20biib, 20",3,Intermediate
696263e7f0e2876823ad2017,"8c, 20biia, 20, 27b, 27",5,Small
6962708e32504e247a0e4531,"8c, 22c, 22, 27, 29",5,Commercial
69631b1825e0d334ef36306e,"20biia, 20",2,Small
69633dde56db4e1967320317,"8c, 20biia, 20",3,Small
696355972991f22ece771b6e,"8c, 20biia, 20",3,Small
6963bd12b9128f7c9f18f052,"8c, 20biia, 20",3,Small
6963fedbb9128f6a371a6b85,"8c, 20biib, 20, 27b, 27, 29",6,Intermediate
6964a439ff69b215ad5494b4,"8c, 20biib, 20, 27b, 27",5,Intermediate
6964a534c5ae960282821cae,"8c, 20biic, 20",3,Commercial
6964cd8430e40647554e657b,"8c, 20biic, 20, 27b, 27, 29",6,Commercial
6964e765b9128f969037d308,"8c, 20biib, 20",3,Intermediate
6964e96f6a69483344277022,"8c, 21b, 21",3,Intermediate
6964f1c484aad1758d5b4436,"8c, 20biia, 20, 20ai, 27b, 27",6,Cultivation
6965188cc5ae96d01f9425eb,"8c, 20biia, 20, 27b, 27",5,Small
696527d184aad1ca9b5c7fa4,"8c, 20biia, 20, 27b, 27",5,Small
6965599d554831836422e0ce,"20biib, 20",2,Intermediate
69657b312991f233d2a83c56,"8c, 20ba, 20",3,Small
6966004c84aad1fe266905bc,"8c, 20biib, 20",3,Intermediate
69662f522991f216d1bf9bb9,"8c, 20biib, 20",3,Intermediate
696638303f21076ecf5d9d8e,"8c, 20biic, 20",3,Commercial
69665f57c5ae96102cae3e54,27,1,Small
69667527b9128f40e756e45d,"27b, 27, 20b, 20",4,Intermediate
696682d5554831e56f3ca269,"8c, 20biib, 20, 29",4,Intermediate
6966b66d9ecbd31b900f4f46,"8c, 20biia, 20, 27, 29",5,Small
6966e525ff69b200c38260d2,"8c, 20biic, 20, 29",4,Commercial
69673d733f210794496b0f8c,"8c, 20biia, 20",3,Small
69674f1732504ed3726fdb5f,"8c, 20biia, 20, 27b, 27",5,Small
69679560f0e287c89e0924d4,"8c, 15b, 15, 21b, 21",5,Intermediate
6967b2aa2991f23fd2d38c40,"8c, 20biia, 20, 27b, 27",5,Small
6967e3eb6a69487f474aa5fa,"8c, 20biib, 20",3,Intermediate
696885ab32504e11f37d0d32,"8c, 20biia, 20, 27",4,Small
6968d5b930e406beb4880744,"8c, 21c, 21, 22b, 22",5,Commercial
696925fcf0e2876353164aa1,"8c, 20biia, 20, 27",4,Small
69696e29ff69b21141983aa0,"8c, 20biia, 20, 29",4,Small
69698a2ac5ae966bebcee0d8,"27a, 27",2,Small
6969c3aaf0e2878c0a1ab383,"8c, 20biib, 20",3,Intermediate
696a2dce32504eb2caa00a1c,"111, 3082, 308, 2, 8c, 20biia, 20, 29",8,Small
696a6680f0e287c64a2ee7ed,"8c, 20biia, 20, 27b",4,Small
696a77a6c5ae96163ce5b098,"8c, 20biib, 20",3,Intermediate
696afa8530e406be5ca30e30,"8c, 20biia, 20, 27",4,Small
696b129bb9128f4611879129,"8c, 20biia, 20",3,Small
696baf10f0e287d08a45a045,"8c, 20biia, 20",3,Small
696bd3ceb9128f69149cb9b3,27,1,Small
696d030432504e1e50d255a4,27,1,Small
696d09c69ecbd3519668a9e7,"8c, 20biia, 20, 27b, 27",5,Small
696d25696a6948527a86a169,"8c, 17b, 17, 27",4,Intermediate
696d436484aad12cbba2db6c,"8c, 20biia, 20",3,Small
696d8d5530e4063c45c8bdeb,"8c, 20biia, 20",3,Small
696e32b184aad1d5ffb127e5,"8c, 20biia, 20, 27b, 27",5,Small
696ee488b9128f2b16cb8c3c,"20biia, 20, 27",3,Small
696f0281c5ae9680e73466c6,"8c, 20biia, 20, 27b, 27",5,Small
696f3aa830e406222ff4c651,"8b, 8, 20ai, 20",4,Cultivation
696f8eac554831ba68d94aae,"8c, 20biib, 20, 21c, 21, 27, 29",7,Commercial
696f965e6a6948545bbb3e29,"8c, 20biib, 20",3,Intermediate
696f9b78f0e28799e09542b2,"8c, 20biia, 20",3,Small
696fee5a9ecbd3bc50aea657,"8c, 20biia, 20, 27",4,Small
69703e409ecbd3e7a7b333da,"8c, 20biia, 20",3,Small
69704080c5ae9625cf58d90c,"27b, 27",2,Small
6970b91984aad16f5bdc74bc,"8c, 20biib, 20",3,Intermediate
6970c218c5ae965f897d3284,27,1,Small
6971151e84aad119afe456e6,"8c, 22b, 22, 29",4,Intermediate
69711baaf0e2871d84c068a4,27,1,Small
69712ef9c5ae966c9a83fbc1,"20biia, 20, 27a, 27",4,Small
69716b716a69485fe9e569ad,"8c, 27",2,Small
6971bed75548310bc31190d8,"8c, 20biib, 20",3,Intermediate
697204246a69485ff4f74a6f,"8c, 20biia, 20",3,Small
69721c9f3f2107d9f74c0349,"8c, 20biia, 20, 29",4,Small
697239012991f2ef1da85661,"8c, 20iia, 20, 27b, 27",5,Small
697246ef30e406ba6853a0fa,"8c, 20biia, 20, 27",4,Small
69727c143f210716ef510d14,"20b, 20, 27",3,Intermediate
697280952991f248f1a9f7ff,"8c, 20biic, 20, 27a, 27",5,Commercial
6972826e32504ee8b8839e2c,"8c, 20biic, 20, 27a, 27",5,Commercial
6972fb21bf7e4407423efdfe,"8c, 20biia, 20",3,Small
697325cdf416804bce825c84,"8c, 20biia, 20",3,Small
69735929c2702a119f1a0219,"8c, 20biia, 20, 27",4,Small
697391b97e702703c736fb65,"8c, 20biia, 20",3,Small
6973bdca3f10dc44e928ea62,27,1,Small
697456f7c62e7f60f463fb27,"8c, 20biia, 20, 27b, 27",5,Small
69745f11399a802e7a81a1e7,"8c, 20biia, 20, 27b, 27",5,Small
6974a23ed6e2d1517ed60c3a,"8c, 20biib, 20",3,Intermediate
6974a93098e4f36182b9e524,"8c, 20biib, 20",3,Intermediate
6974ac32c2702a831d36ed4b,"8c, 20biib, 20",3,Intermediate
6974cc96f6dd24e9c44b5000,"8c, 20biia, 20",3,Small
6974fa957e70277627524e6d,"20biia, 20, 27b, 27",4,Small
6974fbda399a80d95d9cc9e0,"8c, 20biib, 20, 27",4,Intermediate
697536257e70279f9c530dc7,"8c, 20biia, 20, 22c, 22, 27a, 27b, 27, 29",9,Commercial
69761bd07e7027814f5d5876,"8c, 20biia, 20, 27, 29",5,Small
69775014bf7e4445eb966b94,"8c, 20biia, 20, 27b, 27",5,Small
69777438399a806430bdcadd,"8c, 20biia, 20, 27",4,Small
697896fb3f10dc75b97959e5,"8c, 22c, 22, 27b, 27",5,Commercial
6978a7d8d6e2d14f9a213125,"8c, 20biia, 20, 27b, 27",5,Small
6978ba3e98e4f3cc34fe68ab,"8c, 20biib, 20, 29",4,Intermediate
6978fde9c2702a374b79a7a0,"20biia, 20",2,Small
69791333c62e7f5613bd616a,"8c, 20biib, 20",3,Intermediate
6979be417e70273e6f90437e,"8c, 22c, 22, 20biia, 20, 29",6,Commercial
697acf54f368ef740de5a208,"8c, 20biia, 20",3,Small
697b5e55ebed699fa140bb0e,"8c, 20biia, 20, 27b, 27",5,Small
697b6d70ebed69323a4264d6,"8c, 20biia, 20, 27b, 27",5,Small
697b7423280329e55c9056ed,"8c, 20biia, 20, 77, 78",5,Small
697b784d196bf5f6740c06fe,"8c, 27b, 27",3,Small
697b971b280329fed8914829,27,1,Small
697c12aa2803293e16958892,"27a, 27, 8c",3,Small
697d05ca879e96160d8e8a72,"8c, 20biib, 20",3,Intermediate
697d65a746c154dd08220a08,"20biia, 20",2,Small
697d7e5ef368ef4cdf2137bf,"8c, 20biib, 20, 27",4,Intermediate
697da47bf368ef853026747d,"8c, 20biib, 20, 27a, 27b, 27, 29",7,Intermediate
697da82acfe64097b16e4bd1,"8c, 20biia, 20, 27",4,Small
697da918db6fad1ffc7c11bb,"8c, 20biia, 20",3,Small
697dc561879e96827da05c76,"8c, 20biib, 20, 27b, 27",5,Intermediate
697e028fcfe640b65f79146b,"8c, 22c, 22",3,Commercial
697e3816280329740cd598e4,"8c, 20biib, 20",3,Intermediate
697e540993d9a09412404f0d,"8c, 20biib, 20, 27a",4,Intermediate
697eef33cfe6404094810bcb,"8c, 20biib, 20, 27b, 27",5,Intermediate
697f1360f368ef43403d8a12,"8c, 20biib, 20",3,Intermediate
697f7374e6008197706f66fb,"20biia, 20, 8c, 27",4,Small
697f81b246c154520948858e,"8c, 20biib, 20",3,Intermediate
697f85d5cfe640a8c8864a9c,"8c, 20biia, 20",3,Small
6980230acfe6407d2a8a7b3d,"8c, 20biia, 20, 27",4,Small
69808615ebed697ffcbf21bd,"8c, 20biia, 20",3,Small
6980902d9fb0c085b76f410e,"8c, 20biia, 20, 106",4,Small
6980afe3422b36767a390fad,"8c, 20biib, 20",3,Intermediate
6980d354bcb33815c1503e9d,"8c, 20biia, 20, 27a, 27",5,Small
6980e4a740c8c5fac7a791cd,"8c, 20biia, 20, 27",4,Small
6980e64d48a75e37688ac7ae,"8c, 20biia, 20, 27",4,Small
6980ecd03413cd395a4ef131,"8c, 20biib, 20",3,Intermediate
6981566834c18458f4846ab8,"8c, 20biia, 20, 27b, 27",5,Small
698162ed40c8c58c01abc8b3,"8c, 20biia, 20",3,Small
69817fd0422b36ecce4733c3,"8c, 20biia, 20",3,Small
6981a417cbab443009a39302,"20b, 20, 8c",3,Intermediate
6981fd2e9ef19011b7f49676,"22b, 22, 8c",3,Intermediate
69820166c21014f19930f0d0,"8c, 20biib, 20",3,Intermediate
6982223940c8c5564fdb122e,"8c, 20biic, 20, 29",4,Commercial
69822dff48aea88a295e4f95,"8c, 27b, 27",3,Small
6982a913502f803ecb359dc4,"20biib, 20",2,Intermediate
6982f26875caa57646a9e8a4,"8c, 20biic, 20, 27a, 29",5,Commercial
6982faa1bcb33814dda116de,"8c, 22",2,Small
69830c3c3413cdab239fc043,"8c, 20biib, 20, 27, 29",5,Intermediate
6983382440c8c51514f78aa3,"8c, 20biic, 20",3,Commercial
69835d39b49d8e6f80d8a3f6,"8c, 20biia, 20, 27",4,Small
6983666b75caa544dcbbd9bb,"8c, 20biic, 20",3,Commercial
698495d475caa5c2b2e83956,"8c, 20biia, 20, 27",4,Small
6984aa5dbcb338855acf0f13,"8c, 20biia, 20",3,Small
6984b86875caa5bfd8ed65d8,"8c, 20biia, 20, 27b, 27",5,Small
6984ef1ebcb3386a0ad35852,"8c, 20biia, 20, 27b, 27",5,Small
6985caf93413cdbf75ddc38b,"8c, 20biib, 20",3,Intermediate
6986375848a75e5ed61029d6,"8c, 20biia, 20, 22b, 22, 27b, 27",7,Intermediate
69868f8e9ef19067cb67d9d5,"8c, 20biib, 20",3,Intermediate
69869887ec5757ab9b2c1066,"8c, 20biib, 20, 29",4,Intermediate
6986c6b675caa54dde169be2,"8c, 20biib, 20",3,Intermediate
6986f6f1c210143137a2c4c7,"8c, 20biib, 20, 27a, 27, 29",6,Intermediate
69874b1f502f8017eabede20,"8c, 20biib, 20, 29, 27",5,Intermediate
6987767348aea80652f847c0,"20biia, 20, 27",3,Small
69881dc548aea8bc6ffea0b4,27,1,Small
6988c86eec57570f95663e52,"8c, 20biia, 20",3,Small
6988eb53b49d8ef69a526762,27,1,Small
69894279b49d8eaeff561563,"8c, 20biia, 20",3,Small
6989666acbab44099550caa6,27,1,Small
69897fce502f804b1fdbf6d8,"8c, 20biia, 20",3,Small
6989afaf48a75eb1fd4993dc,"8c, 20biia, 20, 27b, 27",5,Small
6989b5a7b49d8e634767ef29,"8c, 20biia, 20, 27, 29",5,Small
6989bbeb40c8c561895856fb,"8c, 20biib, 20, 27b, 27",5,Intermediate
6989de0448a75edc77513398,"8c, 20biib, 20, 27a, 27",5,Intermediate
6989ee8c48a75e3c9d52220f,"8c, 20biia, 20, 27b, 27",5,Small
698a3ab948aea8b9722d8027,"8c, 20biia, 20",3,Small
698a3dbbbcb33856c04e4e30,"8c, 20biia, 20",3,Small
698a9c4a3413cdcff4397d00,27,1,Small
698aa16a3413cd064239883f,"8c, 20biib, 20, 27a, 27, 27b",6,Intermediate
698b9886c21014d542006356,"8c, 20biia, 20",3,Small
698ba0623413cdd1724fa940,"8c, 20biia, 20, 27b, 27",5,Small
698bca20ec57570918b99bab,"27, 8c, 20biib, 20",4,Intermediate
698bee82b5a9d00cf9290b99,"22a, 22, 27",3,Small
698cc65df06f538a2bfeee93,"8c, 27",2,Small
698d3db1c5fe9a3aa7b6a347,"8c, 20biia, 20, 27b, 27",5,Small
698dcf64340d4fd7a6905046,"8c, 20biia, 20, 27",4,Small
698dcfc5f06f538eef191866,"8c, 20biib, 20",3,Intermediate
698dd539c428e3ff5c2188b9,"8c, 27",2,Small
698e173d479065e6aab2d81c,"8c, 20biib, 20",3,Intermediate
698e281c659989ada2101f5b,"8c, 20biic, 20, 27a, 29",5,Commercial
698e33f6b5a9d0c42a55bcc3,"8c, 20biia, 20, 27",4,Small
698e7515340d4f4c7f9790b7,"8c, 20biia, 20",3,Small
698ebb5af06f53d11f264fea,"8b, 8, 20ai, 20, 20biia",5,Cultivation
698f1d4d4a13235364efbe75,"8c, 20biib, 20",3,Intermediate
698f47a0f06f53e88f385d4f,"8c, 20biib, 20",3,Intermediate
698f6bb165998912c72e8061,27,1,Small
698fcdba53822354200a444a,"20biia, 20",2,Small
698fe66bc428e37532436bfa,"8c, 20biia, 20",3,Small
699066ed4a132316b8025933,"8c, 20biia, 20",3,Small
6990c52e340d4f5b92c54f3d,"8c, 27b, 27",3,Small
6990eee2f0772d5b926ccd75,"8c, 20biib, 20",3,Intermediate
69911c6ca3d333403f066192,"20biia, 20",2,Small
6991d7fcc428e36a4a5cf226,"8c, 20biia, 20",3,Small
69920ad65382235b8f1bdc16,"8c, 20biic, 20, 27a, 29",5,Commercial
699226b94a13233ba811c02d,"8c, 20biib, 20",3,Intermediate
69931962340d4f854debdea7,"8c, 22b, 22, 29, 27a, 27",6,Intermediate
699323bf65998989786b635c,"8b, 8, 20ai, 20",4,Cultivation
69932785f0772d82ee90e6c9,"27b, 27",2,Small
69932dc7e6ac11a1c46a118f,"8c, 20biib, 20",3,Intermediate
69935f69659989d6126d9336,"8c, 20biia, 20",3,Small
6993b446659989f4cb71540b,"8c, 20biic, 20",3,Commercial
69948daef06f53f7db912763,"27, 34, 223, 35, 3, 5",6,Small
699492cfa3d3331bfa49a59b,"8c, 20biia, 20",3,Small
699496894a1323f5794ab5bd,"8c, 20biib, 20, 27b, 27",5,Intermediate
6994c418f06f53054c9272a4,"27b, 27",2,Small
69951fcac428e3e39eae3fba,"8c, 20biia, 20",3,Small
699520f7f0772d05b4b3bb26,"8c, 20biib, 20",3,Intermediate
6995935f4a132329a65ae08c,"8c, 20biia, 20",3,Small
6995de27659989ada1ad479c,"8c, 20biia, 20, 27b, 27",5,Small
6995ed76e6ac118d2bade819,"8c, 20biia, 20",3,Small
69960641f06f533370a9e18a,"8c, 27b, 27",3,Small
69961fd6a3d333f3c7616fd8,"8c, 27b, 27",3,Small
69962579e6ac1101c3aecf22,"8c, 20biia, 20, 29",4,Small
699680ca4a132306eb68a32a,27,1,Small
6996c84e340d4f01ac41799d,"22c, 22, 8c",3,Commercial
699719fcf06f53f8f3ce20a7,"8c, 20biia, 20, 27b, 27",5,Small
69974ac1479065d8697628ba,27,1,Small
699753e4c5fe9a4a969a92da,"20biia, 20, 27",3,Small
6997570fb5a9d00ea4051617,"8c, 20biib, 20, 27b, 27",5,Intermediate
69975a6e53822362817b7d80,"8c, 20biia, 20",3,Small
6997bf65b5a9d04dc509382e,"8c, 20biia, 20",3,Small
6997f64f479065512d7f90e7,"8c, 20biia, 20, 27b, 27",5,Small
69982e65c428e3651103780b,"20biib, 20",2,Intermediate
69984465b5a9d011081bde1d,"8b, 8, 20bi, 20, 8c, 20biia",6,Intermediate
6998564fb5a9d062551eaad0,"8c, 20biib, 20, 29",4,Intermediate
69985ac0c428e347510bcb9b,"8c, 20biib, 20, 27b, 27, 77",6,Intermediate
699896c4538223495e97bfde,"27a, 27",2,Small
6998e4bb5382230dc19835d3,"20biia, 20, 27",3,Small
69991827479065a9ba9b9cad,"27b, 27",2,Small
69993926c5fe9a589dbeb5f3,"8c, 18b, 18, 27a, 27, 35, 3, 5",8,Intermediate
69993a09f06f535546ee8ddd,27,1,Small
6999603353822347dbaa21f6,"8c, 20biib, 20",3,Intermediate
6999e715f0772d7cec2f2433,"8c, 20biib, 20, 27b, 27",5,Intermediate
6999f2b2c5fe9a6ce4d84cca,"8c, 20biia, 20, 27b, 27",5,Small
6999f6966599893a042992f1,"8c, 20biib, 20",3,Intermediate
699a001cc5fe9a34bad89303,"20biia, 20, 27",3,Small
699aa1e6b725ea3dd66b92b1,"8c, 20biib, 20",3,Intermediate
699b15b573d37225a8027fe1,"8c, 20biib, 20",3,Intermediate
699b37ec6d49ca7773386faf,"8c, 20biia, 20",3,Small
699b3cd94618e336b6111769,"8b, 8, 20ai, 20",4,Cultivation
699b4b386d49ca758e38c89b,"20biia, 20",2,Small
699c540eb725ea6536976e20,"8c, 20biia, 20, 27b, 27",5,Small
699c6199a66355f20b7b2e60,"8c, 20biia, 20, 27",4,Small
699c704d7f1fa63d4710e53b,"8b, 8, 20ai, 20, 27b, 27",6,Cultivation
699c9be7df7d62b84bde7477,"8c, 20biia, 20, 27",4,Small
699d02535d0c256463cc4680,"27a, 27",2,Small
699d7a135d0c257d61d7bb31,"111, 8c, 20biia, 20",4,Small
699ddcdf7b30304e915caf54,"8c, 20biic, 20",3,Commercial
699de3e873d3723de23fb526,"8c, 20biia, 20",3,Small
699dee327b303089a95d2bee,27,1,Small
699df3fb5d0c25a8f1df1e85,"8c, 20biia, 20",3,Small
699e702e72b5839d59fce5f5,"8c, 20b2a",2,Small
699e951c9b9fa87bc0a8a84e,"8c, 20biia, 20",3,Small
699eb2f8e3e3316227cc4c5b,"8c, 20biib, 20",3,Intermediate
699ed00c72b58349741e981e,"8c, 20biia, 20",3,Small
699ed32a5439af1beb383f28,"8c, 20biia, 20, 27b, 27",5,Small
699f02e0c5fe936101299fa9,"8c, 22c, 22, 29",4,Commercial
699f1bdc6ef9991e511f19a7,"8c, 20biia, 20",3,Small
699f1e94641f31f3eec13ec8,"8c, 20biib, 20, 27",4,Intermediate
699f2465e3e331610be0b770,"8b, 8, 20a, 20, 20biib",5,Cultivation
699f276ce3e3313cf9e15fa7,"8c, 20biia, 20",3,Small
699f29c4a2111e65e91ec2e8,"8c, 20biia, 20, 27b, 27, 77",6,Small
699f31809b9fa802a7bc510d,"8c, 20biic, 20, 27a, 29",5,Commercial
699f3717e7246fa99556b2c4,"8c, 20biia, 20, 27",4,Small
699f402de3e3314a09e1dc8b,"20biia, 20, 27",3,Small
699fb3ba160a4d4cfc4decb9,"8c, 20biic, 20, 29",4,Commercial
69a08157160a4dab3b6c0096,27b,1,Small
69a086f1b54b6b2eefaa00f3,"8c, 20biic, 20, 27a, 27, 29",6,Commercial
69a0955914edc40bc5c0830d,"8c, 20biib, 20",3,Intermediate
69a09d4214edc43b85c09615,"8c, 20biia, 20, 27b, 27",5,Small
69a117c671725548c974854b,27,1,Small
69a137a3b54b6beceeb604d2,"8c, 20biib, 20, 27a, 29",5,Intermediate
69a16a2eeced2d85a5ae520a,"111, 8c, 20biia, 20",4,Small
69a19f892f5cc8ab78afd2e5,"8c, 20biia, 20",3,Small
69a1a3a1160a4dd0a399966a,"20biia, 20",2,Small
69a26976160a4d0ea8a3373b,27,1,Small
69a29bcb0d41582b951ee27e,"8c, 20bii, 20",3,Intermediate
69a2b1340d4158173021b7f9,"8c, 20biia, 20, 27b, 27",5,Small
69a2ba7066ea9e30f821f6fb,"8c, 20biia, 20, 27b, 27",5,Small
69a2bd0266ea9e1aee224599,"27b, 27",2,Small
69a2de8d2f5cc8d730d7d695,"8c, 20biia, 20",3,Small
69a2fd2b2f5cc80573defd94,"20biia, 20",2,Small
69a307338dc9bf79adf2c991,"111, 8c, 20biib, 20",4,Intermediate
69a3109b66ea9e57722f29cf,"8c, 20biib, 20, 29",4,Intermediate
69a3310a0d415865ff2eaf26,"27b, 27",2,Small
69a336a5eced2db473e59773,"8c, 20biia, 20",3,Small
69a4756faa39e4b67cf9e6d8,"20biia, 20",2,Small
69a48217b54b6b3064219c45,"20biia, 20",2,Small
69a4e3312f5cc826f2f81612,"8c, 20biia, 20",3,Small
69a5115eeced2d7b0e008021,"8c, 20biic, 20, 29",4,Commercial
69a5380e66ea9eaf2e567a6a,"8c, 20biia, 20, 27b, 27",5,Small
69a562560d41580fc362ef28,"8c, 20biia, 20",3,Small
69a56b162f5cc8bb3b168fff,"27b, 27",2,Small
69a57d856343bfddc459ccb4,"8c, 20biia, 20",3,Small
69a5bf44e7787e449bd82d9c,"20biia, 20",2,Small
69a5d424160a4da7a8061979,27,1,Small
69a5d66c2f5cc8092322e53c,"8c, 20biia, 20, 27b, 27",5,Small
69a5ffc2aa39e47f843479a0,"21c, 21, 27a, 27, 29, 30",6,Commercial
69a60b110d41583e2970b03e,"8c, 20biia, 20",3,Small
69a6295de7787e87abdc8adf,"8c, 20biic, 20",3,Commercial
69a64622bb3676816deb0fac,"8c, 20biia, 20, 27b, 27",5,Small
69a69927b85edddb9bec03f1,"8c, 20biia, 20, 27b, 27",5,Small
69a6e04debfe4853cdec16ac,"8c, 20biia, 20, 27b, 27, 77",6,Small
69a7086db0f2b09fa848f40b,"8c, 20biib, 20",3,Intermediate
69a73448fc6f183b906f076b,"8c, 27b, 27",3,Small
69a785420b7cf1436dd3a0a7,"27a, 27",2,Small
69a799b0b85edd7dbefe6dc1,"8c, 22c, 22, 27",4,Commercial
69a7dc8d35e43a5cae4b8c63,"8c, 22c, 22, 29, 14, 251, 25, 1",8,Commercial
69a88cbf80b85d1b9154c387,"8c, 18b, 18",3,Intermediate
69a912cd4e48f07a428b5ce8,"8c, 20biib, 20, 29",4,Intermediate
69a914ff5c545a4cc7420456,"8c, 20biia, 20, 27",4,Small
69a96ae12ce16179ae4f3a1d,"8c, 22c, 22, 27a, 27",5,Commercial
69a99551a475742f65ad5777,"27b, 27",2,Small
69a9d70d8459a271b8be618b,27,1,Small
69aa1aaca475740cadb22902,"8c, 20biia, 20, 27b, 27",5,Small
69aabd5442667e470f79bf2b,"8c, 20biib, 20",3,Intermediate
69aae3258459a2903bf6a2de,"8c, 20biia, 20, 27b",4,Small
69aaed2c42667e223e8119a4,"20biib, 20",2,Intermediate
69ab0fa9a475742d67d796c5,"8c, 20biia, 20",3,Small
69ab1428a517b47a47a02dfa,"20, 20biib",2,Intermediate
69aca3faed0ca88857d11371,"8c, 20biib, 20, 27b, 27, 29",6,Intermediate
69ad1995a7856b4d640aa2a9,"8b, 8, 8c, 20biib, 20",5,Intermediate
69adb802ed0ca8280addf3e1,"8c, 20biia, 20",3,Small
69ae2781ed0ca84fd5e226a5,"8c, 20biia, 20",3,Small
69aefd63b12b3b66bbffe9c7,"8c, 27",2,Small
69af0a13b12b3b2e0100708a,"8b, 8, 20ai, 20",4,Cultivation
69af0d7a0d52408ae4acf41c,"8c, 20biib, 20",3,Intermediate
69af10560d524016a0acfec3,"8c, 20biia, 20, 27",4,Small
69af1a010d52405ad8ad2c66,"8b, 8, 20bi, 20",4,Intermediate
69af2f580d5240fb81ad650d,"22a, 22, 8c",3,Small
69b0163f2ce1614bbefdbf76,"8c, 20biib, 20",3,Intermediate
69b039a38459a226118c3859,"8c, 20biia, 20",3,Small
69b03d832ce1613b760117b2,"20biia, 20, 8c",3,Small
69b05de7b12b3b126a30f19c,"20biia, 20",2,Small
69b07a228459a263cb8d8103,"8c, 20biib, 20",3,Intermediate
69b0c74bb12b3b127a363173,"8c, 27a, 27, 22c, 22",5,Commercial
69b0d3678459a22b1d9192d5,"27, 20biia, 20",3,Small
69b0ecc10d5240b521d22f87,"8c, 20biia, 20",3,Small
69b105f2a7856b48ae6ca056,"8c, 20biia, 20",3,Small
69b121e9be64b944b5eb7cd3,"27b, 27",2,Small
69b140ec42667e42af1350b2,"27b, 27",2,Small
69b153bf2a75364fae97535e,"8c, 20biia, 20",3,Small
69b158b1be64b97ea2f57bc8,"8c, 20biib, 20, 27b, 27",5,Intermediate
69b15b5742667e78591940b2,"8c, 20biib, 20",3,Intermediate
69b16bb46f09fdea1248283e,"8c, 20biia, 20",3,Small
69b16dd06f09fd3f70487c74,"8c, 20biib, 20",3,Intermediate
69b181926f09fd2b8c4b4b01,"8c, 20biib, 20",3,Intermediate
69b1955e42667ea0ed22d973,"8c, 20biia, 20",3,Small
69b1b8d8e85951f121d110a7,"8c, 20biib, 20",3,Intermediate
69b1c4a20a691d7dd6dde796,"8c, 20biia, 20",3,Small
69b1d0720a691df343de0d4e,"8c, 20biib, 20",3,Intermediate
69b251dad27d258f75ed44e8,"8c, 20biia, 20, 27",4,Small
69b2a0b9af6f517bf6ba639e,"8c, 20biia, 20",3,Small
69b2c740747a026f45eabd72,"8c, 20biia, 20, 27a, 27",5,Small
69b2fc53c0505f1781986637,"8c, 20biia, 20",3,Small
69b2fede3f941b2b04bfbb3e,"8c, 21c, 21",3,Commercial
69b3012a2b4741cd1e5743d8,"22b, 22",2,Intermediate
69b30dca747a0235b6edc57f,"20biia, 20, 8c, 27",4,Small
69b35d98d27d258d490ceaf0,"8c, 20biib, 20, 27b, 27",5,Intermediate
69b3ded42244667143de6f62,"8c, 20biib, 20",3,Intermediate
69b455582244665264f4def0,"8c, 20biia, 20, 27",4,Small
69b4c8274865941ce6cb9941,"8c, 20biia, 20",3,Small
69b4efb8a7a3796a28a17086,"20biia, 20, 27",3,Small
69b55c8a48659456a3de3e47,"8c, 20biib, 20, 27a, 27",5,Intermediate
69b561eebd2207439f3200fc,"8c, 20biia, 20, 27b, 27",5,Small
69b57c11d349581a8620bc05,"8c, 20biia, 20, 27",4,Small
69b5893715078916a134dce7,"8c, 27b, 27",3,Small
69b6052db90b1db42199b501,"8c, 22a, 22, 27, 29, 25, 1b, 1, 30, 34a, 34, 109, 131, 35, 3, 5",16,Intermediate
69b61d6cd34958ab99273a6f,27,1,Small
69b64ddda7a3795837c00a3e,"8c, 20biia, 20, 27",4,Small
69b67d662244667fea1f9ef1,"8c, 20biib, 20",3,Intermediate
69b6a339a7a379250dc692d1,"27b, 27",2,Small
69b6bd58a7a3799b61c84894,"27b, 27, 8c",3,Small
69b6db5c700dc767ad634366,"8c, 20biia, 20, 27b, 27",5,Small
69b6eb0c9b0431fe03d7d12e,"8c, 20biia, 20",3,Small
69b6f90bbd22075b294c2039,"8b, 8, 20ai, 20",4,Cultivation
69b7560b9b04314ec7dc4801,"27b, 27",2,Small
69b77fff18c568182d421d1e,"20biia, 20, 27",3,Small
69b7ae37b5848b2981b5d06a,"8c, 20biib, 20, 27a, 27",5,Intermediate
69b7ba992244667e6b4168a8,"8c, 20biib, 20",3,Intermediate
69b7d59cb90b1d4b94c9aa60,"8c, 20biia, 20, 27a, 27b, 27, 29",7,Small
69b7e6afbd2207eb03725e58,"8c, 20biia, 20",3,Small
69b8186b700dc7325b86e5ce,27,1,Small
69b83c341507897fe37a5222,"8c, 20biia, 20, 27",4,Small
69b850cf224466b6ca545cf5,"8c, 20biib, 20",3,Intermediate
69b860c3fd00fe1ce7e059b3,"8c, 20biia, 20",3,Small
69b8625cfd00fe7e87e05d28,"8c, 20biia, 20, 27b, 27",5,Small
69b8af19fd00febb03e48306,"20biia, 20",2,Small
69b8e53ebd2207e60083ce43,"20biib, 20",2,Intermediate
69b91c9515078987eb91d769,"8c, 20biib, 20, 27b, 27",5,Intermediate
69b962c39b04313cd62c6891,"8c, 20biib, 20, 27",4,Intermediate
69b96d5c22446602a57c1742,"8c, 20b2a, 27b, 27",4,Small
69b97233bd220794d6a3758d,"8c, 20biia, 20, 27b, 27",5,Small
69ba7115c550756862c0ab38,"8c, 20biia, 20, 27b, 27",5,Small
69ba7617a24029fc61d278ed,"8c, 20biia, 20",3,Small
69bab1353f4cd1527020dbcf,"8c, 20biia, 20",3,Small
69bad2863f4cd1929a24159e,"8c, 20iia, 20, 20b",4,Intermediate
69bad747eec4b921fdde60f2,"8c, 20biib, 20, 27",4,Intermediate
69bb6ea454239e0c77cf9821,"8c, 20biib, 20, 27a, 27",5,Intermediate
69bb8768a30e5f663a048822,"8c, 20biic, 20, 27a, 29",5,Commercial
69bb98ecc55075055adb292a,"8c, 20biia, 20, 27b, 27",5,Small
69bba0eabb7c802abe8238c3,"8c, 20biia, 20, 27a, 27",5,Small
69bbce97a30e5f7e690c1706,"8c, 20biib, 20, 27a, 27",5,Intermediate
69bc046191b9f738945f0094,"8c, 20biia, 20, 27b, 27",5,Small
69bc13cfa240295272f1d390,"8c, 20biia, 20, 27b, 27",5,Small
69bc19ec627129c73eab71e4,"8c, 20biia, 20, 27",4,Small
69bc9d1fa30e5fd54317a781,"8c, 20biia, 20",3,Small
69bca900800ba900851ab387,"8c, 20biic, 20, 27b, 27",5,Commercial
69bd2e19c55075603a0d2488,"8c, 20biib, 20, 29",4,Intermediate
69bd53f491b9f72769865416,"27b, 27",2,Small
69bd5b833f4cd113cc6afd84,"8b, 8, 20ai, 20, 20biia",5,Cultivation
69bd5d2f3f4cd1db736b214d,"8b, 8, 20ai, 20",4,Cultivation
69bd6478bb7c80e008bb4929,"27b, 27",2,Small
69bd7dd2bb7c800743bc6143,"8c, 27b, 27",3,Small
69bdb0e3c55075581e1c7c8c,"8c, 20biib, 20, 27, 29",5,Intermediate
69be4d06eec4b99c63180180,"8c, 20biic, 20",3,Commercial
69be8da5ee6d8e9f83a7ffef,"8c, 20biia, 20",3,Small
69bea093ee6d8e231cab8799,"8c, 20biib, 20, 27a, 27, 29",6,Intermediate
69bea8d9bb7c80ae83e45b3b,"8c, 20biia, 20, 27",4,Small
69beead23f4cd10459915d84,"20biia, 20, 27",3,Small
69bf05f891b9f77d4eb16ab4,"8c, 20biib, 20",3,Intermediate
69bfcd213f4cd1381ba39901,"8b, 8, 20ai, 20",4,Cultivation
69bff362bb7c80f2ba001ed8,27,1,Small
69c02a12627129f26332c0b4,"8b, 8, 20ai, 20",4,Cultivation
69c097b5bb7c8048a408225f,"20biia, 20",2,Small
69c0f0ef91b9f77d26e42c37,"8c, 20biib, 20",3,Intermediate
69c12ea9cbb1a857f870d405,"27b, 27",2,Small
69c173ce54239e533613b8ee,"8c, 20biic, 20",3,Commercial
69c27192bb7c806e2474463c,"8c, 20biia, 20",3,Small
69c2bfeb6271292bd7a74d81,"8c, 20biia, 20, 27",4,Small
69c2c25654239e80073c91b0,"8c, 20biia, 20",3,Small
69c2c26391b9f73d6e35c20a,"8c, 20biia, 20",3,Small
69c2d902cbb1a8c114c312f3,"8c, 20biia, 20, 27b, 27",5,Small
69c2ded93f4cd1fd3c24d597,"27b, 27",2,Small
69c2ea0aa30e5f4c1a79b332,"20biib, 20, 8c, 27",4,Intermediate
69c3456b11b8d72f78c38d7d,"8c, 20biia, 20, 27",4,Small
69c3f3e6a28a9ea3c76fb1a8,"27b, 27",2,Small
69c42d0f253af51dc90c7483,"8c, 20biib, 20, 27b, 27",5,Intermediate
69c43106650ba24cc70a24a8,"8c, 20biia, 20",3,Small
69c44983a6847c9ca5f10c26,"8c, 20biia, 20",3,Small
69c4af44e6d67a99553fcc8c,"8c, 20biia, 20, 27b, 27",5,Small
69c4c1c811b8d78b4fe6cd6d,"8c, 20biia, 20",3,Small
69c56c1ac83ee558838e947d,"20biia, 20, 8c",3,Small
69c59498650ba25c3043a9e1,"8c, 20biia, 20",3,Small
69c5c69aa1508b217ee4301b,"8c, 22c, 22, 27a, 27",5,Commercial
69c65a11a1508b8159f132c8,"27b, 27",2,Small
69c6a861a1508b0563fc5913,"8c, 20biia, 20",3,Small
69c7b154253af5fd236bfbb7,"8c, 20biib, 20, 29",4,Intermediate
69c7c477650ba2794786e536,"8c, 20biib, 20",3,Intermediate
69c7c4ed253af5eeda6ee426,"20biia, 20",2,Small
69c7d973a1508bf00a2a4aea,27,1,Small
69c7e500b387bf7825cfa4f9,"8c, 20biib, 20",3,Intermediate
69c7feefb387bf8fc5d26e07,"8c, 20ai, 20, 27b, 27",5,Cultivation
69c81aad253af5826d744468,"20biia, 20, 27",3,Small
69c83cc6c83ee5cf04c79879,"8c, 20biia, 20",3,Small
69c915c86ae976e1081048ac,"8c, 20ai, 20, 27b, 27",5,Cultivation
69c95c7b3f8a9161691e22d2,"20biib, 20",2,Intermediate
69c9d212253af5f3228b68f6,"27b, 27",2,Small
69ca0716f87ba2cc831d3137,"8b, 8, 8c, 20ai, 20, 20biia, 27b, 27",8,Cultivation
69ca081c253af5a3208e8cec,"8c, 22b, 22, 20biia, 20, 29",6,Intermediate
69ca3ddaf87ba24a5234757c,"8c, 20biic, 20, 29",4,Commercial
69ca533b12e8ff3895691331,"8c, 20biib, 20",3,Intermediate
69ca720412e8ff2c387576fc,"8c, 20biia, 20, 22b, 22, 27, 29",7,Intermediate
69ca9227b387bf27c6250fc6,"8c, 20biib, 20",3,Intermediate
69cab1e8443c10867e85cf94,"27b, 27",2,Small
69cb844b11b8d7043f95c6fa,"8c, 27b, 27, 20b, 20biia, 20",6,Intermediate
69cb8cc1650ba25c2e0b34d5,"8c, 20biia, 20",3,Small
69cbdfc5c83ee537834a5042,"27b, 27",2,Small
69cbfac511b8d7b58ab9beb3,"20biia, 20",2,Small
69cc0eabc83ee5da2e4fb7d5,27,1,Small
69cc0f646ae976a3d683fd7a,"27b, 27",2,Small
69cc2a6e6ae97603cd84644b,"8c, 20biia, 20",3,Small
69cc805f6ae976345088a2a1,"8c, 20biia, 20, 27",4,Small
69cc83b3a95d6d18148371c4,"27b, 27",2,Small
69ccd73e3f8a9172e7a3df41,"8c, 20biia, 20, 27b, 27",5,Small
69ccd925c83ee5346d7529f4,"8c, 27b, 27",3,Small
69cce3c831d3ba796d14817a,"27b, 27",2,Small
69cce854b387bf772d9fd31a,"27b, 27",2,Small
69ccfbf2443c101dac03a937,"8c, 20biia, 20, 27",4,Small
69ccff97254a0850fcc81b12,"8c, 20biia, 20, 27",4,Small
69cd2ce23d7feb30ce8820c1,"20biib, 20, 8c, 27b, 27",5,Intermediate
69cd3fdbb387bf9914b73707,27,1,Small
69cd63e1b387bf92a7b87951,"8c, 20biib, 20",3,Intermediate
69cda3a811b8d7aca2feb4e5,"8c, 20biia, 20, 29",4,Small
69cdbeeb5d4a1feed37c612d,"27a, 27",2,Small
69ce0ecdc83ee559efa643f3,"8c, 27b, 27",3,Small
69ce3774e6d67a291691d18e,"8b, 8, 20ai, 20, 20biia",5,Cultivation
69ce51c3443c10696742983b,"8c, 20biia, 20",3,Small
69ce816212e8ffbe173b1b69,"8c, 20biia, 20",3,Small
69ce8e343f8a91a32009c4a2,"8c, 20biia, 20, 27b, 27",5,Small
69ce9624254a083444183521,"8c, 20biic, 20, 29",4,Commercial
69ceaae512e8ff7c853cf037,"8c, 20biia, 20, 27b, 27",5,Small
69cecbb711b8d7965f467bcd,"8c, 20biib, 20",3,Intermediate
69cf012cb387bf23a701ae9d,"8c, 27",2,Small
69cf220cb387bf9fbf0241cf,"8c, 20biia, 20",3,Small
69cf68be11b8d789f755445b,"8c, 20biia, 20",3,Small
69cf706311b8d721505704f2,27b,1,Small
69cf89723d7feb7533f4d482,"8c, 27a, 27, 27b",4,Small
69cf9b6212e8ff6be2577e66,"8c, 20biia, 20, 27b, 27",5,Small
69d02ce511b8d754d06b6dde,"8c, 22c, 22, 27, 29",5,Commercial
69d065cde6d67aaf8adf86cc,"8c, 27b, 27",3,Small
69d0c6fc443c109e26834a00,"8c, 22c, 22, 27b, 27, 29",6,Commercial
69d0dfa15d4a1fded5053ffc,"20biia, 20",2,Small
69d1301d11b8d7046f927aa2,"8c, 27b, 27",3,Small
69d1449b3d7feb3d5e33f6fd,"8c, 20ai, 20, 27b, 27",5,Cultivation
69d14feeb387bff5de458215,"8c, 27b, 27",3,Small
69d153c73f8a913fb756b294,"20biia, 20, 27b, 27",4,Small
69d15ac55d4a1fd7c1130801,"8c, 20biia, 20",3,Small
69d195fdc83ee57f232a0937,"27b, 27",2,Small
69d1db64e6d67ac64508703e,27,1,Small
69d1eec05d4a1fc4d418a04b,"8c, 20biib, 20, 27b, 27",5,Intermediate
69d2196812e8ff08259a1682,"8c, 27b, 27",3,Small
69d28e35254a08a9326988a5,"8c, 20biib, 20",3,Intermediate
69d29ed6c83ee53eab3ed8b0,"8c, 20biib, 20",3,Intermediate
69d2a30f11b8d75894a58c93,"8c, 20biia, 20",3,Small
69d2f014e6d67ac0861a13bb,"8c, 20biic, 20",3,Commercial
69d397fe254a081c2f8a604f,"8c, 20biia, 20, 27b, 27",5,Small
69d3a35dc83ee5025069ab31,"8c, 20biia, 20",3,Small
69d3b045b387bff9878dbab3,"8c, 27b, 27",3,Small
69d3d87d11b8d76473ded0e7,"8c, 27b, 27",3,Small
69d3d88931d3ba4c8515bc1d,"8c, 20biia, 20, 27b, 27, 25",6,Small
69d3dc3312e8ff6340d7b980,"27b, 27",2,Small
69d3ef295d4a1fd8995f4511,"8c, 20biia, 20, 27",4,Small
69d3f0c83d7feb3fd092c751,"8c, 22c, 22, 27",4,Commercial
69d42c87b387bfa33a92cf97,"20biia, 20",2,Small
69d48e143d7feb4fd59a0c24,"8c, 27b, 27",3,Small
69d4c6aec83ee5be8d8861ed,"8c, 20biia, 20, 27",4,Small
69d4cd0f12e8ff2a92f02ee2,"8c, 20biib, 20, 27b, 27",5,Intermediate
69d4ceda31d3ba7b393ac206,"8c, 20biic, 20",3,Commercial
69d4e11a31d3bab1bf40cf29,"8c, 20biia, 20, 27",4,Small
69d501d431d3ba41854caf04,"8c, 27b, 27",3,Small
69d51eb5254a0816b1b94771,"27b, 27",2,Small
69d54d593f8a9141bfc3cacb,"8c, 20biia, 20, 22c, 22, 27a, 27, 29",8,Commercial
69d55d2931d3ba025b5478c0,"8c, 20biia, 20",3,Small
69d55ecbc83ee54a3f9b936d,"8c, 27b, 27",3,Small
69d5b13b31d3ba24b859ea09,"27b, 27",2,Small
69d5b22431d3ba0cba59f645,"8c, 27b, 27",3,Small
69d5d6143f8a913d46c8bc8c,"8c, 20biic, 20, 23c, 23, 27a, 29, 3363, 336, 3",10,Commercial
69d5ddafc83ee543a6a16502,27,1,Small
69d5e9c1b387bfce8fc439c3,"8c, 20biib, 20, 29",4,Intermediate
69d6619cc83ee5748cc56918,"8c, 20biia, 20",3,Small
69d664d843576880da8e25e5,"8c, 20biia, 20, 29",4,Small
69d66db64357685e588ee4d1,"8c, 20biia, 20, 27b, 27",5,Small
69d677c531d3ba3daf85d5bb,"8c, 27b, 27",3,Small
69d67e67254a084b48e1df0d,"8c, 20biia, 20",3,Small
69d6876d254a080eece23988,"8c, 20biia, 20",3,Small
69d690473f8a91edecec7883,"8c, 20biib, 20",3,Intermediate
69d6918dc83ee583dec7055b,"8c, 20biia, 20, 27",4,Small
69d69c14c83ee5cfa0c72d8b,"8c, 20biia, 20",3,Small
69d6a71fe6d67a424599e723,"8c, 27b, 27",3,Small
69d6aaf9b387bfa1f2e9cddc,"8c, 20biia, 20",3,Small
69d75d999200954078624613,"8c, 27b, 27",3,Small
69d7732710ec7231092d55b9,"8c, 20biia, 20, 27b, 27",5,Small
69d773bf10ec72e8402d6773,"8c, 20biia, 20, 27b, 27",5,Small
69d785b82ac0895b250d7889,"8c, 20biia, 20, 27b, 27",5,Small
69d7bbbfa8881a63460e02ff,"27b, 27",2,Small
69d7d3cdb85472072f656a84,"8c, 27b, 27",3,Small
69d7eadd3e2d528904d54557,"8c, 27",2,Small
69d7f60cad6ddb0e1e19f9b5,"27b, 27",2,Small
69d7fefc10ec723a044376ec,"8c, 27",2,Small
69d801e610ec72bc7f438802,"27b, 27",2,Small
69d80daabf9ddd1ba00e60b3,"8c, 27b, 27",3,Small
69d812d2afbfd5ba9d1df0e5,"27b, 27",2,Small
69d85ad4399f3867665e112a,"8c, 20biia, 20, 27",4,Small
69d864b9a3795c7a9ce5f86f,"8c, 20biia, 20, 27b, 27",5,Small
69d86ef9afbfd56e33225b17,"20biia, 20",2,Small
69d87bc4a3795c56a9e6ec6b,"27b, 27",2,Small
69d88041ad6ddbb638201756,"27b, 27",2,Small
69d88b53ad6ddb31ea25c50b,"8c, 27b, 27",3,Small
69d88ccc3e2d5202e9df6a2b,"8c, 27b, 27",3,Small
69d88ed6ad6ddb77b626e213,"27b, 27",2,Small
69d890b73e2d52015ce0afca,"8c, 27b, 27",3,Small
69d893b29200953acd831b79,"27b, 27",2,Small
69d893c4b854725a33748dab,"8c, 20biia, 20, 34a, 34",5,Small
69d8a54912a8aa661391fa1b,"8c, 27",2,Small
69d8b41812a8aa06cb947ea7,"27b, 27",2,Small
69d8ca2ab854728b3b830f42,27,1,Small
69d8cc09bf9ddd42bc247fdf,"8c, 20biia, 20, 22b, 22, 22c, 27a, 27, 29",9,Commercial
69d8cee712a8aa7ce398bb32,"27b, 27",2,Small
69d8d449a3795c32abffeb97,"27a, 27",2,Small
69d8de2d399f383fc67b0a38,"8c, 27a, 27, 27b",4,Small
69d8df843e2d52ea50ea6ab8,"27b, 27",2,Small
69d8f80ca3795c744e06ddbe,"27b, 27",2,Small
69d8fbd0a8881a7c4c32a8d8,"8c, 27b, 27",3,Small
69d8fd6ca8881ada4232dc4f,"8c, 27b, 27",3,Small
69d8fd80a8881aeacf32de68,"8c, 20biib, 20, 29",4,Intermediate
69d8ff5710ec72a81f69f35a,"27b, 27",2,Small
69d90e89a3795c82280910c5,"8c, 22b, 22, 29",4,Intermediate
69d915c4399f380d608246e8,"8c, 20biia, 20, 27b, 27",5,Small
69d91d7b10ec72191f6cb5c2,"27b, 27",2,Small
69d92650b85472b6a2912be9,"27b, 27",2,Small
69d92757920095da98982407,"8c, 20biia, 20",3,Small
69d92814a8881aa1c235ca5f,"27b, 27",2,Small
69d92c3b399f388005834216,"27b, 27",2,Small
69d932b012a8aa7bd6a420fe,"20biia, 20, 27b, 27",4,Small
69d93b3ca3795c10710a1bb1,"27a, 27",2,Small
69d9496fa3795c43e20a5a8f,"20biic, 20",2,Commercial
69d94c5c2ac0896a023a0f8f,"27b, 27",2,Small
69d9ad652ac089c0543e52ba,"8c, 27b, 27",3,Small
69d9db46b85472691799ee9e,"8c, 20biia, 20, 27",4,Small
69da180fb854725317a29080,"8c, 20biib, 20, 29",4,Intermediate
69da1d4f10ec72270783babb,"8c, 20biic, 20",3,Commercial
69da451b9200955211ae590c,"8c, 20biib, 20",3,Intermediate
69da4ad510ec7237f78cbd2b,"132, 1181, 118, 1, 1211, 121, 8c, 20biia, 20, 27b, 27",11,Small
69da50cead6ddbf0a65dbaa7,"8c, 20biib, 20",3,Intermediate
69da58ed92009584d6b0c9ff,"8c, 20biib, 20, 27b, 27",5,Intermediate
69da5e3112a8aa403bc0039a,"8c, 27, 20biia, 20",4,Small
69da5e6fafbfd541145a0b9d,"27b, 27",2,Small
69da68fea8881a026351d8ac,"27a, 27",2,Small
69da70cab854729b44ac9105,"27b, 27",2,Small
69da9584399f38bac0a470b9,"8c, 20biia, 20",3,Small
69daad2992009528a2b339b7,"8c, 20biib, 20, 27",4,Intermediate
69db092910ec72a5949644e7,"27b, 27",2,Small
69db0be5b85472c6a8b1bef5,"8c, 20biia, 20",3,Small
69db0ca2ad6ddb4c3964d238,"20biia, 20, 27",3,Small
69db121ead6ddb0f3164e67b,"8c, 22a, 22, 27b, 27, 29",6,Small
69dbb48e2ac089092f5eb2fd,"8c, 20biia, 20",3,Small
69dbeebd3e2d525a91156d81,"8c, 22c, 22, 29",4,Commercial
69dc419f12a8aa35ecd96fef,"20biia, 20",2,Small
69dc419f399f38191ebd6a44,"8c, 20biia, 20",3,Small
69dcccc312a8aaf70ff52475,"8c, 20biib, 20",3,Intermediate
69dce24110ec727f63d0c415,"8c, 20biib, 20, 29",4,Intermediate
69dcfd47a8881a120089f73b,"8c, 20biib, 20",3,Intermediate
69dd04e43e2d526e5c34ba86,"27b, 27",2,Small
69dd300412a8aa5532fb9554,"8c, 20biib, 20",3,Intermediate
69ddaae7a3795cb55c658d2d,"20biia, 20",2,Small
69ddbd88a3795c3b2c65fd76,"8c, 20biia, 20, 27b, 27",5,Small
69ddc592afbfd50fe198d5d4,"8c, 20biia, 20",3,Small
69de384c399f380b80fe3af6,27,1,Small
69de41f6a8881ac6dba165ab,"27b, 27",2,Small
69de4e00b854728385f82953,"20biia, 20, 27, 29",4,Small
69de57ae10ec725000f3cb14,"8c, 20biia, 20, 29",4,Small
69de57be3e2d5252b64c9ffd,"27b, 27",2,Small
69de75fcafbfd578faa9df0f,"20biia, 20, 8c, 27",4,Small
69de81572ac0891efd8f7050,"8c, 20biia, 20",3,Small
69de83e210ec72b804f54f18,"8c, 20biib, 20",3,Intermediate
69de96faa8881af8dfa51598,"27b, 27",2,Small
69de9e2fad6ddb42d1b273b4,"20biia, 20, 27, 8c",4,Small
69df1a653e2d526471537682,"8c, 20biia, 20, 27b, 27",5,Small
69df2b239200959a9d126564,27,1,Small
69df457a12a8aacb022c8e17,"8c, 20biib, 20, 27a, 27",5,Intermediate
69df686f2ac0899c62a96942,"8c, 27b, 27",3,Small
69df77c0b85472324f1ef2b1,"8c, 20ai, 20, 27b, 27",5,Cultivation
69df8c022ac0897457af7522,"8c, 27b, 27",3,Small
69dfa401b85472559d2667eb,"8c, 27b, 27",3,Small
69dfa94ebf9ddd05bdc0f509,"8c, 20biia, 20, 27b, 27",5,Small
69dfb1d8ad6ddb3ccfdc77a2,"8c, 20biib, 20, 27",4,Intermediate
69dfca432ac0893c3db2a3a3,"8c, 20biia, 20, 27b, 27",5,Small
69dfd6abad6ddb998fdd8ed5,"20biia, 20",2,Small
69e039a5bf9ddd04c2c70444,"8c, 17b, 17, 29",4,Intermediate
69e053d62ac0891bd7b70875,"20biib, 20",2,Intermediate
69e06f93bf9ddd8b95ca03d5,"8c, 20biia, 20, 27b, 27",5,Small
69e071bc3e2d5265c378be06,"8c, 27b, 27",3,Small
69e0d1f092009587974b85b2,"8c, 27b, 27",3,Small
69e0e9a3b85472458155b60d,"8c, 20biib, 20",3,Intermediate
69e106722ac0893586d2e4eb,"8c, 20biic, 20",3,Commercial
69e10999a8881aad08fed896,"8c, 20biia, 20, 27b, 27",5,Small
69e11551bf9ddd1980e989f4,"20biia, 20",2,Small
69e117dead6ddb34c5063e31,"27b, 27",2,Small
69e122adad6ddbb597069d5f,27,1,Small
69e13528ad6ddb85f3072647,"27b, 27",2,Small
69e135f3399f3882715d681d,"8c, 20biic, 20, 29",4,Commercial
69e14d3510ec72040452a119,"8c, 20biib, 20",3,Intermediate
69e1819e2ac0897a2ad7ffbc,"8c, 20biia, 20",3,Small
69e1841112a8aa277474e8d3,"20biia, 20, 27",3,Small
69e19759afbfd5f24dfcb6d0,"8c, 20biib, 20, 27",4,Intermediate
69e1d359ad6ddb09db14dcc1,"8c, 20biia, 20, 27",4,Small
69e226dd12a8aa3bb8937f5f,"8c, 27b, 27",3,Small
69e237f3b854723c0e7f1b27,"8c, 27b, 27",3,Small
69e2444710ec723e197dee60,"8c, 20biia, 20, 27",4,Small
69e25f49bf9dddd29a1465f2,"8c, 20biia, 20, 27b, 27",5,Small
69e267b7ad6ddb24342b9cf4,"8c, 20biia, 20",3,Small
69e26b809200956be1742e36,"8c, 20biib, 20, 27",4,Intermediate
69e2d727a8881aef3532b9cd,"27b, 27",2,Small
69e2e23992725f561f203f38,27,1,Small
69e312213bc8c9503c606189,"8c, 20biib, 20, 29",4,Intermediate
69e315b3115bc3ddc51c20aa,27a,1,Small
69e33efc3bc8c935eb6ad60c,"27a, 27",2,Small
69e3974992725fa499400dd0,"27, 8c, 20biia, 20",4,Small
69e39be7115bc32f873bbc63,"8c, 20biia, 20, 27b, 27",5,Small
69e3d4caa72b686060aa43ff,"20biia, 20",2,Small
69e3dddfa72b68114daa751c,"27a, 27, 8c",3,Small
69e436af9d8b16190b375563,"20biia, 20, 27b, 27",4,Small
69e442c34be50e808a7ec6cb,"8c, 20biia, 20",3,Small
69e469a93bc8c979f97acf38,"8c, 20biia, 20",3,Small
69e4731d80aaec5babeeea5f,"8c, 20biia, 20",3,Small
69e4adeb115bc3419b4b7c8b,27,1,Small
69e4f0938c133e6e6bba8b81,"20biia, 20",2,Small
69e4f28d9f8dba84405d793a,"8c, 20biia, 20, 27b, 27",5,Small
69e4fc104be50eb9aa8d3dc3,"8c, 27b, 27",3,Small
69e4fc8a5910a7100af9a55b,"8c, 20biia, 20, 27b, 27",5,Small
69e5342d115bc3161652d3a5,"8c, 27, 61b, 61",4,Intermediate
69e5aabe5910a762f3ff446a,"8c, 20biia, 20, 27b, 27",5,Small
69e5d1579f8dba4f0a706c31,"8c, 22b, 22, 27a, 27",5,Intermediate
69e5f24e9f8dba99b9757b2b,"8c, 20biia, 20",3,Small
69e62e7b13facf947c4e419d,"8c, 20biia, 20, 27b, 27",5,Small
69e63350a72b68757fe769b1,"8c, 20biib, 20, 27",4,Intermediate
69e686551cac955ac7150f31,"27b, 27",2,Small
69e6d50247e109116c519f0f,"8c, 27",2,Small
69e72bdc990f1c4a2b42b8d3,"8c, 20biic, 20",3,Commercial
69e734477fa1b9e7bc402984,"8c, 20biia, 20, 27",4,Small
69e74dcf5455e105daf77d4c,"8c, 20biic, 20, 8b, 8, 20ai, 29",7,Cultivation
69e75c4747e1096128631b7e,"27b, 27",2,Small
69e760317d58179db2cafa09,"20biia, 20, 27",3,Small
69e769ca7fa1b9fe9647118c,"8c, 20biib, 20",3,Intermediate
69e76ae75455e12c04fd5479,"27a, 27",2,Small
69e7700128c2d334f0020b83,"8c, 27b, 27",3,Small
69e791df642de43dc65b3b3b,"27b, 27",2,Small
69e796b747e109607869d387,"8c, 27b, 27",3,Small
69e7b0dd5455e151e6037c00,"8c, 20biia, 20, 27",4,Small
69e7bc27c2a895246cc7b826,"8c, 27b, 27",3,Small
69e7def047e109019a6ad064,"20biia, 20",2,Small
629f70c6699c333d21fbaa5d,"20biic, 20, 8c",3,Commercial
62a006d9e32fb48e4b9f288e,"22b, 22",2,Intermediate
62a0b38fe32fb443129faa96,"8c, 20biia, 20",3,Small
62a8e194d9ba9a4f1d786584,"8c, 20biic, 20",3,Commercial
62aa9b9ea2d2490c539be447,"20biia, 20",2,Small
62ab617d6e2f95459c425150,"8c, 20b, 20",3,Intermediate
62acaf48447aa07a0e74d173,"8c, 20b, 20",3,Intermediate
62b061686e2f95225a473944,"20biic, 20, 8c",3,Commercial
62b08a636e2f95565747b3b5,"20biia, 20",2,Small
62b0971c6e2f9598db47d5eb,"20biia, 20, 27",3,Small
62b2feb46e2f9545fc4a69bd,"8c, 20biia, 20",3,Small
62b53a7f447aa041707dce99,"20bii, 20, 8c",3,Intermediate
62b58fde6e2f9508354d136b,"8c, 20biia, 20",3,Small
62b5dfc66e2f95ca914d9ea1,"8c, 20biib, 20",3,Intermediate
62ba93d66e2f95688351f048,"8c, 20biib, 20, 27b, 29",5,Intermediate
62bb2ab0447aa0bf0584742c,"20biia, 20",2,Small
62bb30d56e2f952dca533d58,"8c, 20biib, 20",3,Intermediate
62be05f1447aa0240188b9b1,"20biib, 20",2,Intermediate
62be4d9d447aa06c9a88bd12,"20biic, 20, 8c",3,Commercial
62bf17536e2f95c500591c31,"8c, 20b, 20",3,Intermediate
62c05154447aa04b578c42d0,"8c, 20biia, 20",3,Small
62c2b7d0447aa0148d8f7cb1,"8c, 22c, 22, 24",4,Commercial
62c486f3842779c5967e1ab5,"20biia, 20",2,Small
62c5ea146044c472a7328561,"8c, 20biia, 20",3,Small
62c865526044c422ba35ad88,"8c, 20b, 20, 21, 22",5,Intermediate
62c9b28f84277921f7849716,"20biic, 20, 8c",3,Commercial
62cae8066044c4777137eadb,"8c, 20biic, 20",3,Commercial
62cd1b25842779f5ae877959,"8c, 22c, 22, 27",4,Commercial
62cd8fc38427793f0888900a,"20b, 8c",2,Intermediate
62d13002c779cf181d15ffdc,"8c, 20biib, 20",3,Intermediate
62d14d4137d010e351b2a9f2,"8c, 20biic, 20, 27",4,Commercial
62d29ccf37d0107b05b46f15,"20biic, 20",2,Commercial
62d2eed5c779cfab0c18d6a2,"8c, 20biia, 20",3,Small
62d3f0af37d01038e2b60ad3,"8c, 20biic, 20",3,Commercial
62d4f40337d0102125b6d1f5,"8c, 20biib, 20",3,Intermediate
62d55f3bc779cf58741b4992,"20biic, 20",2,Commercial
62d562c7c779cf4ac81b58d4,"8c, 20biia, 20, 27, 251a, 25, 1",7,Small
62d566cec779cf34511b6c01,"20biib, 20, 8c",3,Intermediate
62d57424c779cf05a81b988d,"20biia, 20",2,Small
62d85ec737d010445abc781d,"8c, 20biib, 20, 27",4,Intermediate
62e02cbc055eb8e0bf9b136d,"8c, 20b, 20",3,Intermediate
62e0da84055eb8deba9bc45a,"20biia, 20",2,Small
62e234c7585f00eee9efe86c,"8c, 20biib, 20, 27",4,Intermediate
62e4d9237332be7ac92e73a4,"8c, 20biib, 20",3,Intermediate
62e685607332be53e2324a63,"8c, 20biic, 20",3,Commercial
62e6cad4defa505496617d96,"20biib, 20",2,Intermediate
62e720437332beafb6330f83,"22a, 22, 20biia, 20",4,Small
62e9424f7332be41d0384c36,"8c, 20b, 20, 27",4,Intermediate
62e94f667332be430e38697c,"8c, 20biib, 20",3,Intermediate
62e966f0defa50f2d066935b,"20b, 20",2,Intermediate
62ebaac627b441a101d3b76b,"8c, 20biia, 20",3,Small
62ebc25f27b441ded0d41e9d,"20biib, 20",2,Intermediate
62ebe6e923dc922b65ab026d,"8c, 20biic, 20",3,Commercial
62ed680523dc927f94ad5dae,"8c, 20biia, 20",3,Small
62ee3e7427b4412144d7cf48,"8c, 20biib, 20",3,Intermediate
62ee8dfb27b44102bcd87699,"8c, 20biia, 20",3,Small
62ee98a023dc924a21af18f8,"20biia, 20, 8c",3,Small
62f0fca027b4411b46da64de,"8c, 20b",2,Intermediate
62f16feb23dc922cfcb218d4,"8c, 20biia, 20",3,Small
62f24ea627b4419c58dc2e21,"8c, 20biic, 20",3,Commercial
62f25d7e27b44165b1dc6732,"20biia, 20, 8c",3,Small
62f28a8b23dc92ad45b40c8d,"20biia, 20",2,Small
62f3eea623dc926b12b5eb28,"8c, 20b, 20",3,Intermediate
62f3f1de23dc925e0db5ee80,"8c, 20biic, 20",3,Commercial
62f4ece7eac2d6095d03e979,"20biib, 20",2,Intermediate
62f5e75deac2d6795404fc8b,"8c, 20biia, 20",3,Small
62fe0787fd336a4f1c4f7d3a,"8c, 20biib, 20, 27",4,Intermediate
62fe4ab389beb3e896144341,"20biic, 20, 8c",3,Commercial
62fe4c7389beb3284f144811,"20biib, 20, 8c",3,Intermediate
62fe4dde89beb37d26144cc6,"20biib, 20, 8c",3,Intermediate
62fe64dffd336ad464506563,"20biia, 20",2,Small
62fe6d50fd336a7d755075ce,"8c, 20biia, 20",3,Small
62fe7d5a89beb35f4514b495,"20b, 20",2,Intermediate
62ff4271fd336a14905159a6,"20biia, 20",2,Small
63025f73029604b6c494bf0c,"8c, 20b, 27b",3,Intermediate
6304e0d0a4a50826666b27e4,"8c, 20b, 20",3,Intermediate
6305192d02960464429b00fe,"20biib, 20, 8c, 29, 27",5,Intermediate
630671ea03f154ccbfd95007,"20biia, 20",2,Small
6308ea4958991e1d100214fd,"8c, 20b, 20",3,Intermediate
6309cc656b0c6733ec048dda,"8c, 20b",2,Intermediate
630b7fe0e4cdb91354a25e61,"8c, 20b, 20",3,Intermediate
630dea50e4cdb90d87ab8d3f,"20biia, 20, 8c, 22a, 22",5,Small
630e0cc7e4cdb95b20acb090,"20b, 20",2,Intermediate
631075d0da7db71beff27b32,"20biib, 20",2,Intermediate
63108f90da7db73700f2da60,"8c, 20biib, 20",3,Intermediate
6311e9c2e4cdb983b9bb3cc1,"20biia, 20, 8c",3,Small
631498adda7db7289d00ad09,"20biia, 20, 8c",3,Small
6314e2ebe4cdb9b8ffc548f4,"20biib, 20, 29, 8c",4,Intermediate
6315ff4bda7db70ade04ba90,"8c, 20biia, 20",3,Small
63161ad7da7db755750551d7,"8c, 20biia, 20",3,Small
63164015da7db7287305a925,"8c, 20biia, 20",3,Small
631661b3e4cdb96aafc98cda,"8c, 20biia, 20",3,Small
631759ffe4cdb9e168cd92b2,"8c, 22c, 22, 27",4,Commercial
63189c5e99d7763e69e4b6bb,"20b, 20",2,Intermediate
6318afbd787c4273e73059e0,"8c, 20b2a",2,Small
6318b780787c42f28b3078ef,"8c, 20biia, 20, 27b",4,Small
631b5c1cb06f53fbb686b758,"8c, 20biic, 20, 29",4,Commercial
631c98afb06f53086b883625,"8c, 20biib, 20",3,Intermediate
6320b2fbb06f5306908fbca3,"8c, 20biia, 20",3,Small
632198be03d6cf6b5e3232f4,"8c, 20biib, 20",3,Intermediate
6321b11403d6cf52b0326aa5,"20biic, 20",2,Commercial
63243d63b06f53b170965ea8,"8c, 20biib, 20",3,Intermediate
632a01b2b06f533fd2a1af04,"8c, 20biic, 20",3,Commercial
632abace03d6cf7cb646b336,"8c, 20b, 20",3,Intermediate
632af8d1b06f5313f3a3adc2,"8c, 20biic, 20, 29",4,Commercial
632c26a7b06f5398a8a66aa9,"20b, 20, 8c",3,Intermediate
632ca5f303d6cfac8d4c7bfc,"8c, 20biia, 20, 43",4,Small
632dd4c303d6cf44644faedd,"8c, 20biia, 20",3,Small
632dd57303d6cf70714fb148,"420, 338, 8c, 20biic, 20",5,Commercial
632e094803d6cf179d5007b1,"22c, 22",2,Commercial
632e69e503d6cf8093505ed8,"8c, 20biic, 20",3,Commercial
632e8527b06f538642ac1710,"20biia, 20",2,Small
632f0137b06f535383ae47b4,"8c, 21b, 21",3,Intermediate
632f0529b06f537ebfae6209,"27, 20biib, 20",3,Intermediate
633143f203d6cff7b7579c6c,"8c, 20b, 20",3,Intermediate
63333f8d5fcb057027220366,"8c, 20biia, 20",3,Small
633434251479605303cb000e,"8c, 20biia, 20",3,Small
633490e11479606749cc6e74,"20biib, 20",2,Intermediate
6334ab27147960ac08cc823f,"22b, 22, 29, 27",4,Intermediate
63355c3b460ae66582c8e48a,"8c, 20b, 20, 27b",4,Intermediate
63357cf714796076cecfcc78,"20biia, 20",2,Small
6338227f147960ea81da5ced,"22c, 22, 27, 8c",4,Commercial
63393c8d460ae6bd77d38855,"20biib, 20, 8c, 22a, 22",5,Intermediate
633b36df460ae6c0b7d7861f,"20biib, 20",2,Intermediate
634040c178550ebb5f86537e,"8c, 20biic, 20",3,Commercial
634567f6ce7b0c397df3b52c,"8c, 20biib, 20, 29",4,Intermediate
6345add678550e6f2b932935,"20biia, 20",2,Small
6346ed2f78550e539b96bcda,"8c, 20b, 20, 27b",4,Intermediate
6347c34788ba1ee035ef7677,"8c, 20biib, 20",3,Intermediate
634936684f7fad9cea1a9d94,"8c, 20biib, 20",3,Intermediate
63497a3f3144d0d90df577b8,"8c, 20b",2,Intermediate
6349b4b83144d04802f674cf,"8c, 20biib, 20",3,Intermediate
6349cdc94f7fad40411d5532,"20biia, 20",2,Small
634a7a7a5305503809c50c67,"8c, 20biib, 20",3,Intermediate
634af2c42c6e8c4dd9015fde,"8c, 20biia, 20, 27",4,Small
634b087d530550ddd2c8d0ed,"20biia, 20",2,Small
634b0eb22c6e8ccb5901bd8e,"8c, 20biic, 20, 29",4,Commercial
634c04762c6e8c7e76043378,"20bii, 20, 8c",3,Intermediate
634d5c952c6e8c6198097ebc,"8c, 20b, 20",3,Intermediate
634db1b05305505bc4d2a391,"8c, 20biic, 20, 27",4,Commercial
634e43802c6e8c641b0d494b,"8c, 20biib, 20",3,Intermediate
634eb7af5305501294d90af4,"8c, 20b, 20",3,Intermediate
634ed205530550404ed9db12,"20biic, 20",2,Commercial
634fb410530550ec30ddc2d3,"8c, 20biib, 20",3,Intermediate
634fd3a22c6e8c17a4176061,"8c, 20biib, 20",3,Intermediate
635181cfd69f1c97097279a0,"8c, 20biib, 20",3,Intermediate
63519102d69f1c5e2e72cf03,"20biia, 20",2,Small
635216ec2da77f6453ca45a1,"20biib, 20, 8c",3,Intermediate
635307242da77f62b9d13dfe,"8c, 22c, 22, 27",4,Commercial
63544146d69f1cd04e82c7bd,"8c, 20biia, 20, 29",4,Small
63549a7fd69f1cbb958381b3,"8c, 20biib, 20",3,Intermediate
6354feda2da77f78c5dbf6a8,"8c, 20b, 20",3,Intermediate
63553d8fd69f1c2e3a86fd5b,"8c, 20b, 20",3,Intermediate
6356815e2da77fb548e31868,"20biia, 20",2,Small
6356a4b72da77f2555e3fc34,"8c, 20b, 20",3,Intermediate
6356cef5d69f1c08108e2986,"8c, 20b, 20",3,Intermediate
6356cfa32da77f48d5e4b720,"8c, 20b, 20",3,Intermediate
6357c91ad69f1c3f549487dc,8b,1,Intermediate
6358128e2da77f8251ef00f0,"8c, 20b, 20",3,Intermediate
635928782da77f99cbf63ee0,"8c, 20biib, 20, 29",4,Intermediate
6359707dd69f1c87a7a25754,"20biib, 20",2,Intermediate
635a60b92da77f6e8bfeef8c,"8c, 20b",2,Intermediate
635a98c82da77f124d01fbc0,"20b, 20",2,Intermediate
635aa3462da77f4e47027159,"8c, 20b, 20",3,Intermediate
635bb735b04b381638da19c0,"8c, 22b, 22",3,Intermediate
635bf6c0b04b384b54ddb6ab,"8c, 20biib, 20",3,Intermediate
635c6d4653edd6714501e24b,"8c, 20biia, 20, 22b, 22",5,Intermediate
635c97de53edd63ce7022976,"8c, 20biib, 20",3,Intermediate
635d16d8b04b3862efe61773,"8c, 20biic, 20, 29",4,Commercial
635d494853edd62ef80b4e83,"27, 20biia, 20, 8c",4,Small
635d82ef53edd62ed00c964a,"20biia, 20",2,Small
635eb4a8b04b38fb3ff22532,"20bii, 20",2,Intermediate
635f9c69c9b1e469a5635e89,"8c, 20biib, 20",3,Intermediate
635faf23386bccecbdceb48b,"20biib, 20",2,Intermediate
636002072000cbd46620293c,"20b, 20, 27",3,Intermediate
6360b3ba260d7c6974c098eb,"8c, 20biib, 20, 27, 29",5,Intermediate
6360eff7260d7cad2bc3e90e,"20biia, 20, 9",3,Small
636118402000cb478928abc6,"8c, 20b",2,Intermediate
63616176260d7cccadc96260,"8c, 20b1, 1, 20iia, 20",5,Intermediate
63618519260d7ca706c9b3a7,"8c, 20biib, 20",3,Intermediate
6362756b2000cb4b8533560d,"8c, 20biib, 20",3,Intermediate
636282fd260d7c033bd23e6f,"8c, 20b, 20",3,Intermediate
6362bac82000cb15fe35e377,"8c, 20biib, 20",3,Intermediate
6362c0d6260d7c7c66d412b2,"20biia, 20",2,Small
6363b4428f5dc47f0b47fbe1,"20biib, 20, 102",3,Intermediate
6363b7fd8f5dc4f8a648377a,"8c, 20biia, 20",3,Small
6363cf6b92b5350a19a886ea,"20biia, 20",2,Small
63643dc18f5dc454064be0ca,"8c, 20biia, 20",3,Small
63646b628f5dc4eae14cac7a,"8c, 22b, 22, 27b",4,Intermediate
6366c55792b5355d8bbf4a8b,"8c, 20biia, 20",3,Small
6367b37d92b5353f97c41c41,"8c, 20biib, 20",3,Intermediate
6367f2f892b535ed71c58987,"20biia, 20, 21b, 21, 8c",5,Intermediate
636828e292b535340bc5e961,"8c, 20biib, 20, 27",4,Intermediate
6368febd92b5357fc0cc13f4,"20biia, 20",2,Small
636920ef92b53585d0cdb5f0,"8b, 20ai, 20, 20b",4,Cultivation
636933f192b535cf37ce55b4,"8c, 20b, 20",3,Intermediate
63695a3892b5355f17cf16fc,20a,1,Cultivation
63695c7b8f5dc4029771783f,20a,1,Cultivation
6369ffe992b53557c8d21bdb,"8c, 20b2a",2,Small
636a068992b5350d91d2784a,"8c, 20b1, 1, 20iia, 20",5,Intermediate
636a52528f5dc4d35e784763,"20biia, 20",2,Small
636a53a28f5dc46bd0785dd8,27,1,Small
636a783c8f5dc47ad879df4a,"8c, 20biia, 20",3,Small
636a8ef48f5dc472167a8f3a,"8c, 20biic, 20",3,Commercial
636b19c292b53553e6d985b7,"8c, 20ba, 20, 27a, 27",5,Small
636b664f92b535bed9dc37bc,"8c, 20biib, 20",3,Intermediate
636b97d48f5dc4b86280fb4f,"8c, 20b, 20",3,Intermediate
636be0bf17ebf5a05a94102c,"8c, 20biic, 20",3,Commercial
636cfd7717ebf5d24e9c62f3,"20biia, 20",2,Small
636d0729baa32688b71990bd,"8c, 22c, 22, 29, 27a, 27",6,Commercial
636d1574baa3263e2c1a336c,"8c, 20b, 20, 27b",4,Intermediate
636db9eb17ebf532a89fded2,"8c, 20biia, 20, 27",4,Small
636dc8a517ebf52850a0048a,"20biia, 20",2,Small
636dfb6417ebf5c32ba2b86e,"8c, 20biib, 20",3,Intermediate
636e3c6abaa32649672256da,"20ai, 20, 8b",3,Cultivation
636e6467baa326386c24463b,"21a, 21, 8c, 20b2b",4,Intermediate
636e8444baa3260c722533f9,"8c, 20biib, 20",3,Intermediate
636ef94e17ebf51f6da9f57a,"20biia, 20",2,Small
636f0ac4baa326522926a093,"20biib, 20",2,Intermediate
636f793f17ebf5417cae9d35,"8c, 20b, 20",3,Intermediate
636fb54a17ebf5bd39b1dbd7,"20biia, 20, 8c",3,Small
636fefaebaa326e75c2fcc23,"8c, 20b2a",2,Small
6370bb9717ebf5a5d1b725e5,"8c, 20biia, 20",3,Small
6370fb5217ebf54824b90c72,"20biib, 20",2,Intermediate
6371e94c17ebf5284bbd7a7b,"8c, 20biia, 20",3,Small
63725c4fbaa32625003efbd3,"20biia, 20",2,Small
63734274baa326a71843d6d5,"8c, 20biib, 20",3,Intermediate
63737cb717ebf5984aca7e7d,"20bii, 20",2,Intermediate
6373e4eaf8efb6be6b21184c,"20biia, 20",2,Small
63740127f8efb6da01214bab,"8c, 20biia, 20",3,Small
63744434f8efb666d4225d92,"8c, 20b2a",2,Small
63744f3250929373d53ed826,"8c, 20b2a",2,Small
637534adf8efb6d0382b13fd,"8c, 20biia, 20",3,Small
63753e8bf8efb63efc2b2969,"8c, 20biia, 20",3,Small
6375445950929364284782fa,"8c, 20biia, 20",3,Small
6375ec7350929330004be83e,"8c, 20b, 20",3,Intermediate
63764950f8efb68967343926,"20biia, 20",2,Small
63766120f8efb605df3515db,"20b, 20",2,Intermediate
6376714df8efb6df2335687c,"20biia, 20",2,Small
63767a47f8efb6a205359cbf,"8c, 20b, 20",3,Intermediate
6376990b50929327bf522e44,"20b, 20",2,Intermediate
637799b0509293666f5aba0d,"8c, 20biib, 20",3,Intermediate
6377d1b4f8efb6d4a6401186,"8c, 20biia, 20, 27",4,Small
6377e802f8efb63bd6403770,"8c, 20biib, 20",3,Intermediate
637852fe509293c97f5d9d38,"8c, 20biia, 20",3,Small
63788fa35092934786605ff0,"8c, 20biia, 20",3,Small
6378c0edf8efb67107466753,"8c, 20bii, 20",3,Intermediate
637a5565509293545d6cc2f9,"8c, 20biia, 20",3,Small
637a875bf8efb6cedf5156cd,"8c, 20biia, 20",3,Small
637af42250929365d06e78b3,"8c, 20biib, 20",3,Intermediate
637bc0c8f8efb64bf55bb5f7,"8c, 20biib, 20",3,Intermediate
637bfa235092930e3077ea76,"20biib, 20, 8c",3,Intermediate
637c6920f8efb6b33d5ee2e5,"8c, 20b",2,Intermediate
637d05c95092937dfb8416d8,"20biib, 20",2,Intermediate
637d0f3ff8efb6e9a6688bc8,"20biia, 20",2,Small
637e4a4d5092933fee915190,"8c, 20b, 20",3,Intermediate
637e7e2e509293d575925952,"8c, 20biia, 20",3,Small
637eb5285092933d34936cc8,"8b, 8c, 20bc, 20",4,Commercial
637fdf1e5092931c039fab6e,"8c, 20biia, 20, 27, 29",5,Small
638059fe5092939adba295d8,"8c, 20b, 20",3,Intermediate
638093e7f8efb6e0318a9e93,"8c, 20b, 20",3,Intermediate
6380d509509293dd98aac616,"8c, 20biic, 20",3,Commercial
6381255df8efb6b2ff90f8a2,"20biia, 20",2,Small
63822021f8efb6e9329b88d3,"8c, 20biia, 20",3,Small
638249dff8efb627549d23e5,"8c, 20biia, 20",3,Small
63835a34509293ef96c034ae,"8c, 20biib, 20",3,Intermediate
63838d86f8efb69efaa6f33a,"8c, 27b",2,Small
6384f73e5092935e71d0f7e5,"20biib, 20, 8c",3,Intermediate
6385b324f8efb61caebb4d27,"8c, 20biia, 20",3,Small
6385e83979a29b4ee287fa0e,"8c, 20b, 102",3,Intermediate
63870831957c4c74b740f689,"17b, 17, 18a, 18",4,Intermediate
63872241957c4c04b544a877,"8c, 20biib, 20",3,Intermediate
63886ba868538b5c825ff560,"20biia, 20",2,Small
6388c772957c4cf1ee6f06c2,"8c, 20biia, 20",3,Small
6389b359957c4c31617ac541,"8c, 20b, 20",3,Intermediate
6389f451957c4c5f1981ad2b,"8c, 20biia, 20",3,Small
638a058d68538bd1eb805310,"27a, 27",2,Small
638a2d1968538b2c3a8358b7,"8c, 20biic, 20",3,Commercial
638b5017957c4c5c5d97df29,"8c, 20biic, 20, 29",4,Commercial
638b6d8b68538b610b979957,"20biia, 20",2,Small
638ba7f768538b0fb99a1607,"8c, 20biia, 20, 25, 27, 29, 21, 76, 34a, 34, 188",11,Small
638c9f2c68538b7e70a4e5f3,"8c, 20b2b, 20b",3,Intermediate
638cdf2c957c4ccaddab40df,"8c, 20biia, 20",3,Small
638db315957c4c6cacb41763,"8c, 20b, 20",3,Intermediate
638e23094a6e6451586dfa40,"8c, 20biia, 20",3,Small
638e41a0e1d693238a2ac526,"8c, 20biia, 20",3,Small
638f01ca4a6e644e0878a14a,"20biia, 20, 8c",3,Small
638f407ce1d693e2b33ad431,"20ai, 20, 20biia",3,Cultivation
638f8962e1d6938f213ff018,"20biic, 20",2,Commercial
639039834a6e64420d8a32c3,"8c, 20biib, 20, 27",4,Intermediate
639082fe4a6e64f4229177d3,"20biia, 20",2,Small
6390eb21e1d693577a522493,"8c, 20biia, 20",3,Small
6391bea8e1d693a3135aca30,"27, 22b, 22, 20bii, 20, 8c",6,Intermediate
6391d300e1d693bac65c9e99,"8c, 20biib, 20",3,Intermediate
639249dd61b057269accfdf2,"8c, 20ba, 20, 27a, 27",5,Small
6392d2cd61b0577606d0168f,"8c, 20biib, 20",3,Intermediate
6392dbfa61b05719abd16229,"8c, 20biib, 20",3,Intermediate
639338e357710111ba1eb1ea,"8c, 22b, 22, 27",4,Intermediate
639417c5577101782325644c,"8c, 20biic, 20",3,Commercial
63943542577101835f2845c9,"27, 20biib, 20",3,Intermediate
63949e92646c1cc4b2b08a4c,"8c, 20biia, 20",3,Small
6395d11a646c1c2ff2b945a3,"8c, 20biib, 20",3,Intermediate
6395ee7f646c1c2255bac965,"20biib, 20",2,Intermediate
6396ddf609090b45508ce47f,"20biia, 20",2,Small
63991ce1165681655bbb8202,"20biib, 20",2,Intermediate
63995b6c09090be829a991e3,"8c, 20biib, 20",3,Intermediate
6399819409090b951eae633c,"8c, 20biia, 20",3,Small
6399aa0e1656815dadc490fa,"8c, 20biia, 20, 27",4,Small
6399b58a09090b59dab28d38,"8c, 22b, 22, 27",4,Intermediate
639a226956d90f55b51e3b63,"20biia, 20",2,Small
639ac81a9d874d0de3050228,"8c, 20biib, 20",3,Intermediate
639afe84cc75f6e1c89eb43a,"8c, 20biia, 20, 29",4,Small
639b4e3ccc75f66c1ca5bb77,"8c, 20biic, 20",3,Commercial
639c2beb9d874d76861b2cbb,"8c, 20biib, 20",3,Intermediate
639c4ab89d874d4cb51de9cd,"8c, 20b, 20",3,Intermediate
639c93cd9d874dd5c324e6fc,"8b, 8c, 20ai, 20, 20bii",5,Cultivation
639c97f5cc75f677fbb930b0,"8c, 20b, 20",3,Intermediate
639cbb8ecc75f6e45fba1e1e,"8c, 20b2a",2,Small
639cc355cc75f61da1ba43a8,"8c, 20biia, 20, 27",4,Small
639d93099d874dccdf2f6382,"20biia, 20",2,Small
639dc52f9d874d3e4334ceb4,"20biib, 20, 8c, 29",4,Intermediate
639e0bcf9d874d289b38a6e2,"8c, 20biib, 20",3,Intermediate
639e70859d874dd0b23a9110,"8c, 20biib, 20",3,Intermediate
639f55f1cc75f6246ad82f48,"8c, 20b2b",2,Intermediate
63a0ae82cc75f68587ebd00a,"22c, 22",2,Commercial
63a0c457cc75f6a078ec0d01,"8c, 21b, 21, 29",4,Intermediate
63a129b49d874d463d5ae40f,"8c, 21b, 21, 27, 120b, 32a, 3, 2, 6a, 6, 712, 7, 1",13,Intermediate
63a1731a9d874dd1df62687c,"8c, 20b",2,Intermediate
63a1f988cc75f6b5310177e7,"8c, 20biib, 20",3,Intermediate
63a263659d874d251770b59e,"8c, 20biia, 20, 22c, 22",5,Commercial
63a2a068cc75f68195062cab,"8c, 20b, 20",3,Intermediate
63a334ebcc75f637b917de62,"20biia, 20",2,Small
63a437279d874d3c64951d6b,"22a, 22, 8c, 29",4,Small
63a5292ecc75f6556c31f7de,"20biib, 20",2,Intermediate
63a530f8cc75f6aace325130,"8c, 20biib, 20",3,Intermediate
63a55e45613d628a7c13115e,"8c, 20biib, 20",3,Intermediate
63a5bcf7c3140f984efc4bd6,"20b, 8c",2,Intermediate
63a5bfa8613d6236491d9da9,"8c, 20biia, 20, 27",4,Small
63a5dd31613d6289671f3eb3,"23, 25a, 25, 29, 28, 468, 471",7,Small
63a5eb99613d62c6711fba93,"8c, 20biib, 20, 29",4,Intermediate
63a655e7613d6222f821c64f,"8c, 20biia, 20",3,Small
63a6ce96613d623a982aed40,"8c, 20biib, 20",3,Intermediate
63a809a1c3140f81541a6bb7,"21b, 21",2,Intermediate
63a871e9613d6283bc42c7dd,"8c, 20biic, 20",3,Commercial
63a88cba613d621f2143cc88,"20biib, 20",2,Intermediate
63a88fbac3140f73d7224217,"8c, 22b, 22, 27",4,Intermediate
63a8f994613d629cbd45b010,"20biia, 20",2,Small
63a90abfc3140f27e0243448,"20biia, 20",2,Small
63a97490c3140f2f362d6efa,"102, 20biib, 20",3,Intermediate
63aad0f48037052970a3f4f7,"8c, 20biic, 20",3,Commercial
63aaf689803705548ca8a40b,"8c, 20biia, 20",3,Small
63ac057d8f2a4e5dbe0de5cc,"8c, 20biib, 20",3,Intermediate
63ac531f803705d2f7c0ed01,"8c, 20biic, 20",3,Commercial
63ac675980370508bbc22b68,"8c, 20biib, 20",3,Intermediate
63ad248e8f2a4e534f1deee2,"8c, 20biic, 20",3,Commercial
63adc81007ad987ca9a693df,"20biia, 20",2,Small
63add36107ad987faba70930,"22b, 22, 8c",3,Intermediate
63ae0daf07ad9838c0a7d418,"20biib, 20, 8c",3,Intermediate
63ae5fe8d74f4f4f33c43642,"8c, 20biia, 20",3,Small
63ae710307ad98bdefaac211,"8c, 20biib, 20",3,Intermediate
63af2d98d74f4f563cddf9fe,"8c, 20biib, 20, 29",4,Intermediate
63af308d07ad986c95c38696,"8c, 20biib, 20, 27",4,Intermediate
63af3c5207ad98cb45c3e15e,"8c, 20biic, 20",3,Commercial
63afd9acd74f4f08cbe6a8c9,"8c, 20biia, 20, 27, 29",5,Small
63aff9b9d74f4f740bec7756,"8c, 22c, 22, 27a, 27, 29",6,Commercial
63b0051f07ad98e03bd39a15,"20biia, 20",2,Small
63b0123707ad989dc5d624ac,"8c, 27",2,Small
63b0250bd74f4f2f15f49faf,"8c, 21b, 21, 120b, 27",5,Intermediate
63b05f74d74f4fc4e7fe72db,"20biia, 20",2,Small
63b07ec8d74f4f7d8d00ea7f,"8c, 20biia, 20",3,Small
63b095e407ad98924ce6b22f,"20biia, 20",2,Small
63b192db326453d74a7bed94,"21, 22c, 22, 34",4,Commercial
63b28e609aaa2149459ee276,"8c, 20biib, 20",3,Intermediate
63b308be326453535f98f0f4,"20biia, 20, 22b, 22, 27",5,Intermediate
63b3c58f9aaa213d2bb7825c,"20biia, 20",2,Small
63b443c89aaa21e0bfc823fa,"8c, 27a, 27, 20bii, 20",5,Intermediate
63b477af9aaa211966ca7509,"20biia, 20",2,Small
63b4b64c9aaa2117bfcb40e6,"8c, 20biib, 20, 22b, 22, 27, 34",7,Intermediate
63b561759aaa215974d9a96d,"8c, 22c, 22, 27, 29",5,Commercial
63b5dda59aaa2154b4e3519e,"8c, 20b, 20, 20iia",4,Intermediate
63b5e3b7326453d53acbca8b,"8c, 20biia, 20",3,Small
63b654f99aaa21b26ae5bb17,"8c, 20biib, 20",3,Intermediate
63b7b6fe9aaa21d2260000c7,"8c, 20biib, 20",3,Intermediate
63b8174e9aaa21e4ee0cce8f,"8c, 20biib, 20",3,Intermediate
63b81a159aaa21e1320d3102,"20bii, 20",2,Intermediate
63b85b889aaa212e111329af,"20b, 20",2,Intermediate
63b8776a9aaa212e4313db9e,"8c, 20biia, 20",3,Small
63b8bb803264531f7efcef97,"20biia, 20",2,Small
63b8c5259aaa21e2c3157009,"20biia, 20",2,Small
63b958d015c40728aaeaf504,"8c, 20biic, 20",3,Commercial
63b95deb15c4073c8aebb367,"20biib, 20",2,Intermediate
63badb5415c407f4040046b8,"20biib, 20",2,Intermediate
63bae44820965fe600ca6386,"8c, 20b, 20",3,Intermediate
63bae70e15c407c3ee00d7ca,"8c, 20biia, 20",3,Small
63bb15d415c407532101bc7f,"341, 427, 324, 34, 20biia, 20",6,Small
63bbc28220965f200fd18121,"8c, 20b, 20",3,Intermediate
63bbd07015c4075973096998,"8c, 20biic, 20",3,Commercial
63bc0f0e15c40734df0f7298,"8c, 20a, 20, 20biib, 8b",5,Cultivation
63bc5a5a20965fcebdde68b8,20b2a,1,Small
63bc60ec20965f3b18de973b,"8c, 20biib, 20",3,Intermediate
63bc65a515c407aa851553c9,"20b, 20",2,Intermediate
63bd1d6020965f06a0e72c79,"8c, 20biib, 20",3,Intermediate
63bd212b15c40778551e4743,"8c, 20biib, 20",3,Intermediate
63bd302c15c40712031f35da,"8c, 20biic, 20, 29",4,Commercial
63bd459d20965f19e0ea68bb,"8c, 20biia, 20",3,Small
63bd4ca620965f35cbeb532d,"20biia, 20",2,Small
63bd583420965f68bcecc342,"8c, 20biia, 20",3,Small
63bd664a20965feb8eee92ea,"8c, 20biic, 20",3,Commercial
63bd749e15c40701d92712ae,"8c, 20biia, 20",3,Small
63be158f15c40742342be91b,"8c, 20biia, 20",3,Small
63be171e20965fa4aaf498a9,"20biib, 20, 8c",3,Intermediate
63be433715c407a4322d0309,"8c, 20biic, 20",3,Commercial
63be4ebf15c4079c622e7855,"20biia, 20",2,Small
63be684320965fe5dffab150,"8c, 20biib, 20",3,Intermediate
63bed7b620965f85bf04dbd4,"8c, 20biic, 20",3,Commercial
63bf184920965ff43e06d6c8,"8c, 20biia, 20",3,Small
63bf62de15c407aaa840b591,18,1,Small
63bffd1620965fdfa9143569,"8c, 20biib, 20",3,Intermediate
63c024ee20965f3eb3178724,"8c, 20biia, 20",3,Small
63c03de420965f9e8a188e2a,"8c, 22c, 22",3,Commercial
63c051ca15c407b81c52d503,"8c, 20biib, 20",3,Intermediate
63c0580815c407c349530be1,"20biib, 20",2,Intermediate
63c0761620965f176a19a965,"8c, 20biia, 20",3,Small
63c132fbf9757c09dab96278,"8c, 22c, 22",3,Commercial
63c18e6dae7a3d69cf292007,"20biib, 20",2,Intermediate
63c19088ae7a3df819292ee2,"143, 341, 290, 109, 149, 251a, 25, 1, 8c, 20b, 20",11,Intermediate
63c1960bf9757c6316c0fe4a,"20biib, 20",2,Intermediate
63c1d949f9757c441ac1f3d3,"8c, 22c, 22, 27",4,Commercial
63c29279ae7a3d5c39333191,"8c, 20biib, 20",3,Intermediate
63c2a09df9757c43facc510c,"8c, 20biib, 20",3,Intermediate
63c4f92bf9757c0505ddd4cf,"20biib, 20",2,Intermediate
63c51523ae7a3d6e04447b20,"8c, 20biia, 20, 77",4,Small
63c6d3f4ae7a3dd86b5a045c,"20biia, 20",2,Small
63c6e3c7ae7a3d699c5a8001,"20biia, 20",2,Small
63c83f4733a0835c34151530,"8c, 20biia, 20",3,Small
63c84971ae7a3dcd5a6d592c,"20biia, 20",2,Small
63c960d1ae7a3d13c77ecc77,"251bb, 25, 506, 20ba, 20, 32, 34",7,Intermediate
63c96cc8ae7a3df0907f5d2c,"20biib, 20",2,Intermediate
63c995e8ae7a3d99fd809b70,"20biic, 20",2,Commercial
63ca2dc8ae7a3d808985394a,"20biia, 20",2,Small
63caaff8ad6b5b8e803298c4,"20biic, 20, 8c",3,Commercial
63cac053ae7a3df5399902ee,"20biia, 20",2,Small
63caceeaae7a3d9ab1998300,"8c, 20biia, 20",3,Small
63caf7c1ad6b5b308035d050,"8c, 20biib, 20",3,Intermediate
63cb492cae7a3d49259c269b,"8c, 20biia, 20",3,Small
63cb6c26655d904a58369d82,"22c, 22",2,Commercial
63cb8a61ae7a3d339fa03ab1,"20biia, 20",2,Small
63cbb954ae7a3d609ba3cd8c,"8c, 20biic, 20",3,Commercial
63cbd97fae7a3d3ca7a86ef0,"20biia, 20",2,Small
63cc2a307f84d853c71c754c,"8c, 20b1, 1",3,Intermediate
63cc3613ae7a3d16f0af441d,"20biib, 20",2,Intermediate
63ccd435ae7a3d64c5b3d7e4,"8c, 20biia, 20",3,Small
63cd2614ae7a3dfc36ba2d83,"8c, 22b, 22, 27",4,Intermediate
63cd40e4ae7a3d162abc973d,"8c, 20biia, 20",3,Small
63cd4948ae7a3dc9a7bd567b,"8c, 20b",2,Intermediate
63ce4e2efa0d674cc5062084,"8c, 20b, 20",3,Intermediate
63ce5811fa0d671b4c070de3,"20biib, 20",2,Intermediate
63ce5d37fa0d6759ac07a7f4,"8c, 20biia, 20",3,Small
63ced448e548ed0c2f44609f,"20biic, 20",2,Commercial
63cf4dc5ae7a3d242ad87e40,"8c, 20bii, 20",3,Intermediate
63cfa487e548ed7c115099fa,"20biia, 20",2,Small
63cfda7ee548ed104857f5eb,"8c, 20biib, 20",3,Intermediate
63cfefeae548ed1b305a56ad,"8c, 20b1, 1",3,Intermediate
63d0001dae7a3d2807ec86c7,"20biia, 20, 8c",3,Small
63d0074ce548ed01535c02c6,"8c, 22b, 22",3,Intermediate
63d01482e548ed04975ca530,"8c, 20biia, 20, 78",4,Small
63d0ef17e548ed02aa682551,"8c, 20biia, 20",3,Small
63d110fce548ed82146c18db,"8c, 20biia, 20",3,Small
63d16220ae7a3d8ea1043b17,"8c, 20biia, 20",3,Small
63d16614ae7a3d0192046055,"20biia, 20, 8c",3,Small
63d19d2dae7a3d3e2905468a,"8c, 20b, 20",3,Intermediate
63d20e64e548ed1506790d95,"8c, 20b",2,Intermediate
63d359d9b4f28dc1a8078b5b,"20biib, 20",2,Intermediate
63d3f0dcb4f28d2b121aa5fe,"8c, 20biic, 20",3,Commercial
63d5381c6cced8a387b93aaf,"8c, 20b, 20",3,Intermediate
63d568b46cced86ee7bbcc1d,"8b, 20ba, 20",3,Intermediate
63d5889d6cced86237bc75ab,"8c, 20biia, 20",3,Small
63d6628d939b76f3b8a7ffd3,"20biia, 20",2,Small
63d6b693939b765cd2acd8c2,"20biic, 20",2,Commercial
63d8a093939b761965ccec79,"8c, 20ba, 20, 27a, 27",5,Small
63d8c6a27f45002113bb59b9,"8c, 20biib, 20",3,Intermediate
63d8d3787f4500eeb0bd8077,"8c, 20b1, 1, 20iia, 20",5,Intermediate
63d8d6037f45003a93bdc3ed,"20b, 20, 8c",3,Intermediate
63d8d9f07f45006babbe34e2,"8c, 20biib, 20",3,Intermediate
63d8dab7939b765a75d6f949,"8c, 20biib, 20, 29",4,Intermediate
63d91a70939b76a668e2db2c,"8c, 20biib, 20",3,Intermediate
63d9c512eacb314c2df3f371,"20biib, 20, 8c",3,Intermediate
63da4f22eacb31b33c020a8a,"20biib, 20, 8c",3,Intermediate
63da70f9ccf519f118b6424e,"20biia, 20, 9",3,Small
63daa00ed5ee4dd490232ff0,"8c, 20biib, 20, 27, 27a",5,Intermediate
63db50bd0388ff8313bdd0f2,"20biib, 20",2,Intermediate
63dbe10686768533e14633bb,"20b, 20, 8c",3,Intermediate
63dbfd12867685785c47cc76,"20biib, 20, 27",3,Intermediate
63dc75d8867685105f4aac1c,"8c, 20biib, 20",3,Intermediate
63dcb8540388ff3a2edae3c3,"8c, 20biib, 20",3,Intermediate
63dcf8f3e1ed9a3d5a734831,"8c, 20biib, 20",3,Intermediate
63dcfe7fe1ed9a31ee74119f,"8c, 20b, 20",3,Intermediate
63dd138b2f92821a13f7910d,"8c, 20b, 20",3,Intermediate
63dd17fc2f928217ccf80a71,"8c, 20b, 20, 332, 427, 3",6,Intermediate
63de0b8c2f92820a7705719e,"8c, 20biia, 20, 27",4,Small
63de2a352f9282862e08876f,"8c, 20bii, 20",3,Intermediate
63de4cb915c7d43840d02cc1,"8c, 20biia, 20",3,Small
63de4e2515c7d43054d0629e,"8c, 20b, 20",3,Intermediate
63de693792fae7052debbf94,"8c, 20b, 20, 102",4,Intermediate
63de7e2d92fae74e74ed88e1,"8c, 20biia, 20",3,Small
63dfb78692fae783f8fc8e4d,"20bii, 20",2,Intermediate
63dfe46dc80d8e03e5c0393f,"8c, 20biib, 20",3,Intermediate
63dffb8ec80d8e18a5c0c8e4,"20biic, 20",2,Commercial
63e06d9892fae7747d012130,"8c, 20ba, 20, 27a, 27",5,Small
63e1023dc80d8e708ad2913f,"20biia, 20, 9",3,Small
63e1ec66c80d8e838bdda8a2,"20biia, 20",2,Small
63e2047492fae70e3c1f97ae,"8c, 20biib, 20",3,Intermediate
63e21ab392fae7c9ab2159df,"20biib, 20",2,Intermediate
63e25b7892fae71b29295a15,"8c, 22c, 22, 27, 29",5,Commercial
63e29c3a92fae7925a2d9954,"8c, 20biib, 20",3,Intermediate
63e2a22792fae70af02dd094,"20iia, 20, 8c",3,Small
63e2a33c92fae73b4f2dd911,"20biia, 20",2,Small
63e3044bc80d8e050ff229eb,"8c, 20biib, 20",3,Intermediate
63e3d58a92fae75c5f40c173,"8c, 20b, 20",3,Intermediate
63e3da7fc80d8e2884037a72,"8c, 22c, 22",3,Commercial
63e3f294c80d8e2e3b044761,"20biia, 20",2,Small
63e4002392fae73157421360,"8c, 20biib, 20",3,Intermediate
63e4b2d892fae767514bd34c,"8c, 20b, 20",3,Intermediate
63e50c6d92fae7a4e3545c8f,"20b, 20, 8c, 102",4,Intermediate
63e50d1c92fae777cf546b71,"8c, 20biia, 20",3,Small
63e51cd892fae7721555438f,"8c, 20biib, 20",3,Intermediate
63e56d2692fae75f05574ea2,"20biib, 20",2,Intermediate
63e5de12c80d8e73e01ed16e,"8c, 20biia, 20",3,Small
63e6414092fae752d065cd78,"8c, 20b, 20",3,Intermediate
63e64f5dc80d8e6e252b1598,"8c, 21b, 21",3,Intermediate
63e7199ec80d8e9b46316e27,"8c, 20b2a",2,Small
63e81f7592fae7b9307fdbb7,"8c, 22b, 22, 27",4,Intermediate
63e8b7f5c80d8ea1f34acf11,"20b, 20, 8c",3,Intermediate
63e8ecde92fae79fc389ad10,"8c, 20biia, 20",3,Small
63e90b8ac80d8ef95e4f336d,"20b, 20, 8c",3,Intermediate
63e9d9888ac41c0f044f5a41,"8c, 20b, 20",3,Intermediate
63e9f82e8ac41cd8ed51dd5d,"8c, 20biib, 20",3,Intermediate
63ea59ad8ac41c6f82595407,"8c, 27",2,Small
63ea7ff42e53fc16ed3d0bf7,"8c, 20biia, 20",3,Small
63ea91402e53fc8f023d69f3,"20biia, 20, 27",3,Small
63eb3c128ac41c4c50612922,"8c, 20b, 20",3,Intermediate
63eb44688ac41c1ff561c4ca,"8c, 20biic, 20",3,Commercial
63eb4c778ac41cbedd6218a5,"8c, 20biic, 20",3,Commercial
63ebcacd8ac41c93d3690140,"20b, 20",2,Intermediate
63ed0b8e8ac41c0dad77cfbc,"8c, 20biic, 20",3,Commercial
63ed148a8ac41c101f781cdf,"8c, 20biib, 20",3,Intermediate
63ee23dd8ac41ca5f882dd49,"20b, 20",2,Intermediate
63ee31fdccbbc6c8a298c1d0,"8c, 20biib, 20",3,Intermediate
63ee6691ccbbc670b59b5ddb,"20b, 20, 8c, 102",4,Intermediate
63ee85e8ccbbc6c1989c0c28,"20biib, 20",2,Intermediate
63ee88498ac41c70ca8722c5,"20biic, 20",2,Commercial
63ef2b1a63d4a53400c053a5,"20biic, 20",2,Commercial
63ef597c59db85215d677503,"20biia, 20",2,Small
63ef86d359db8505996b433a,"8c, 20biib, 20",3,Intermediate
63ef982d63d4a54413c8b844,"20biib, 20",2,Intermediate
63f05d9059db851b8e70b21c,"20biia, 20",2,Small
63f06e6a63d4a504f1ce757e,"8c, 20biib, 20",3,Intermediate
63f07a8f59db856e73731335,"8c, 20b, 20",3,Intermediate
63f0c92d63d4a53eabd4ece1,"8c, 20biia, 20",3,Small
63f1087759db8546fe7aa82f,"8c, 20b, 20",3,Intermediate
63f23cc759db85ca2e845a73,"8c, 20biib, 20",3,Intermediate
63f242b459db85b53984771f,"20biia, 20",2,Small
63f267f459db85f874856ade,"20biib, 20",2,Intermediate
63f29e7063d4a57762e324a8,"8c, 20b, 20",3,Intermediate
63f3113f59db8547bf8a0de7,"20biia, 20, 8c",3,Small
63f33cb863d4a5dc82ead0a1,"20b, 20, 8c",3,Intermediate
63f3aeb963d4a53baaf28d3f,"8c, 20biic, 20",3,Commercial
63f3e43159db85dd11962462,"8c, 20biib, 20",3,Intermediate
63f422d359db85814f97c004,"8c, 20biia, 20, 27",4,Small
63f47a7e63d4a52b45faa619,"8c, 20biib, 20",3,Intermediate
63f4f2ea59db85de2fa61919,"8c, 20b, 20",3,Intermediate
63f5195663d4a5850304ef39,"8c, 20biic, 20",3,Commercial
63f5cc0b59db85a6ffae92be,"8c, 20b, 20",3,Intermediate
63f5db9b59db85318aaf945c,"8c, 20biic, 20",3,Commercial
63f663f759db850939b8ac6d,"20biic, 20",2,Commercial
63f72d1e63d4a5536c207f17,"8c, 20b, 20, 29",4,Intermediate
63f74c8a63d4a578cd23947a,"8c, 20b, 20",3,Intermediate
63f8728b59db859ae4d4f3a6,"8c, 20biia, 20",3,Small
63f8fa1c77889d81f20452f4,"8c, 20biia, 20",3,Small
63f8fc8777889d4f0e046d1b,"8c, 20biic, 20, 29, 251bb, 25",6,Commercial
63f9db6325f1ef211c3d2ab4,"8c, 20biib, 20, 22c, 22",5,Commercial
63f9f92777889d50eb11afde,"8c, 20biia, 20, 29",4,Small
63fa011e77889d967612b2f0,"20biic, 20, 8c",3,Commercial
63fa0c5c25f1ef2f0842b571,"20biib, 20",2,Intermediate
63fb87c125f1ef13fc54b393,"8c, 20biia, 20",3,Small
63fba7d048a1ac810744fbd1,"20biia, 20",2,Small
63fc5e7948a1ac7f7b4c471a,"8c, 20biib, 20",3,Intermediate
63fcde3c25f1ef2dfb6a7902,20a,1,Cultivation
63fd8bf04f2ae373f2400b09,"20biia, 20",2,Small
63fe266b05b5264366ccd2c8,"8c, 20biib, 20",3,Intermediate
63fe2eef4f2ae39295559412,"20biia, 20",2,Small
63fe500405b52668e0cf4924,"8c, 20b, 20, 34",4,Intermediate
63ff4efd4008c80bda79ee23,"20bii, 20",2,Intermediate
63ffa00705b5263ce7e50106,"8c, 20biia, 20, 27",4,Small
63ffa2b605b526ccfde50c1c,"8c, 20biic, 20",3,Commercial
63ffef224008c838a980b49c,20b,1,Intermediate
64001df605b5261727e7afb9,"8c, 20biib, 20",3,Intermediate
64007c2805b526a32ef0cdc0,"20biia, 20",2,Small
6400bccd4008c805c592018d,"20biia, 20",2,Small
6400d62a4008c84a53933f47,"8c, 20b",2,Intermediate
64016b254008c85c6996d5af,"8c, 20biib, 20",3,Intermediate
6401b6ab246c3825ca8142e3,"8c, 20biib, 20",3,Intermediate
6401be31246c38050e81cfd3,"20biic, 20",2,Commercial
6401e625b3e90640e3b7438c,"8c, 20b, 20",3,Intermediate
640210e9625e0ccf6252e376,"8c, 20biib, 20, 29",4,Intermediate
64022177625e0c879453c323,"8c, 20biia, 20, 27b",4,Small
64022569b3e9061673bcd706,"8c, 20biic, 20",3,Commercial
640247af625e0cd38a55068b,"8c, 20biic, 20",3,Commercial
6402629a625e0ca0f8556976,"8c, 21b, 21, 29",4,Intermediate
64036e13625e0c1f7c6ab235,"8c, 20biia, 20, 27, 29",5,Small
640372d6625e0c230b6adec2,"8c, 20biic, 20, 29",4,Commercial
6404202e625e0c81016ed173,"8c, 21c, 21, 29",4,Commercial
64044c10625e0c2ac272520e,"21c, 21, 8c",3,Commercial
640578cfb3e9066aa4e5942f,"8c, 20biib, 20",3,Intermediate
6405835fb3e9065903e6d601,"8c, 20biib, 20",3,Intermediate
6405c34a625e0c8d4385b03b,"20biib, 20, 8c, 27",4,Intermediate
64062f45625e0c820290a636,"8c, 20biia, 20",3,Small
64062f98625e0cf7f090aaf3,"20biib, 20",2,Intermediate
6406aab7b3e9063bb4fb79b3,"8c, 20biib, 20",3,Intermediate
640744dab3e9063ab007155d,"8c, 20b, 20",3,Intermediate
64075eadb3e9064454089817,"8c, 20biia, 20, 27",4,Small
64078c05b3e90628880a40e7,"8c, 20biia, 20",3,Small
640866dcb3e906a9b9126b34,"8c, 20biib, 20",3,Intermediate
6409aa78c4942002b59653b0,"8c, 20biib, 20",3,Intermediate
640aa1f4b6d1e6eb7773f859,"20biia, 20",2,Small
640b2f06b3e9064096313b1b,"8c, 20b",2,Intermediate
640e0f124430f7211a11021d,"20biia, 20",2,Small
640ead0e871d93b4fabc1479,"8c, 20b, 20",3,Intermediate
640f096c871d93f3e0c47695,"8c, 20biib, 20",3,Intermediate
64104e994430f748072c9a20,"8c, 20biib, 20, 27",4,Intermediate
64113ac388c215dfd64a1355,"337, 338, 279, 181, 8c, 20biia, 20, 27, 109, 180",10,Small
641180904430f71da43cf2ee,"8c, 20b, 20",3,Intermediate
6411c96688c215f7085702a8,"8c, 20biia, 20, 29",4,Small
6411e2e788c215718558c4bf,"20biia, 20",2,Small
6412eda488c215747f644795,"8c, 20biib, 20",3,Intermediate
6412ef894430f7ddeb50a9d7,"8c, 20biic, 20",3,Commercial
64134fd1373590b9a9c7a6dc,"8b, 20ai, 20, 20b",4,Cultivation
64135f973735903d8ac815a7,"20biia, 20",2,Small
64144aea4c821d2a764bfd14,"8c, 20b",2,Intermediate
6414c07fd80fa1c9831b18f5,"20biib, 20",2,Intermediate
64159ad14430f7889a74ec37,"20biib, 20",2,Intermediate
641685594430f7b4137debd4,"8c, 20biic, 20",3,Commercial
641748064430f7af21895f6c,"8c, 21b, 21, 27",4,Intermediate
641752f14430f7f37489937e,"20biia, 20",2,Small
64183ea44430f70252958d30,"20biia, 20",2,Small
6418a1d14430f7345e9d8e1b,"20biia, 20",2,Small
64193e754430f7cc17a1b4ec,"8c, 20biib, 20",3,Intermediate
641970fd4430f7c4f5a79a7e,"8c, 20biib, 20",3,Intermediate
64199fba83780406e523d232,"21c, 21, 8c",3,Commercial
6419df7b4430f7a6cfb24f07,"20biia, 20",2,Small
641c1e6583318a0c1e3e4ca9,"8c, 20b, 20",3,Intermediate
641c940cee55fdd6c3f17e32,"20biic, 20",2,Commercial
641c9e51249f1d216984a10c,"8c, 20b2a",2,Small
641ca8cacb3f3a607e7eb0d5,"8c, 20biib, 20",3,Intermediate
641d4ccfa3ca094810c3067e,"8c, 20biic, 20",3,Commercial
641d94bfcbc9fa31c982eb21,"8c, 20biia, 20, 27, 29",5,Small
641df112249f1d7932994de5,"22b, 22, 8c, 27",4,Intermediate
641df8a88471f470a5212df3,"8c, 20bii, 20, 27",4,Intermediate
641e715fc23b6f4362da8bb8,"8c, 20biib, 20",3,Intermediate
641e7be2890e12548ee449e0,"8c, 20b",2,Intermediate
641ee1b5f4da8210b22c4d78,"420, 20biib, 20, 8c",4,Intermediate
641f0fe0249f1d194cabc4c9,"8c, 20biia, 20, 251bb, 25",5,Intermediate
641f2fa7f4da822e1c31ceb2,"8c, 20biia, 20",3,Small
641f339ff4da8264d531e296,"8c, 20biic, 20",3,Commercial
642069005caf6b02c7844b67,"8c, 20biia, 20",3,Small
64207e5de5f5bf7b8ca855c2,"8c, 20ba, 20, 27a, 27",5,Small
64217e9607b3d44d785742dc,"20bii, 20",2,Intermediate
64218f775baf1454b897a726,"8c, 20biia, 20, 27, 29",5,Small
6421be8b230407567abd2c57,"8c, 20b, 20",3,Intermediate
6421d707249f1d617fd2b65d,"8c, 20b, 20, 27",4,Intermediate
64223590249f1d0e76d57973,"8c, 20biib, 20",3,Intermediate
64229c20249f1da768dc88fd,"8c, 20biia, 20",3,Small
6423c844249f1dc6f0ed4ddc,"8c, 20biib, 20",3,Intermediate
64243f12249f1d14d5fd6ae8,"8c, 20biic, 20",3,Commercial
64259e1ee7f8b93e28e5eb7f,"8c, 20b1, 1",3,Intermediate
6426afc9249f1d39c125df0a,"8c, 20biia, 20",3,Small
6426b089e7f8b96b15f6c07a,"8c, 20biia, 20, 27",4,Small
64272adae7f8b9221605a9a3,"20biib, 20",2,Intermediate
6427b506e7f8b943520940d6,"8c, 20biib, 20",3,Intermediate
6427c6b4e7f8b970590b5cac,"8c, 20biia, 20",3,Small
64280b85249f1d4e2c42bbfc,"8c, 20biib, 20",3,Intermediate
642827b4249f1d7f0d467cce,"20biib, 20",2,Intermediate
64299d14249f1d57275aab08,"8c, 20b, 20",3,Intermediate
6429b611e7f8b9f3e72ca55a,"8c, 20b, 20",3,Intermediate
642a92f1e7f8b96b3735b56c,"8c, 20biia, 20",3,Small
642aad03249f1d5dac65f195,"8c, 20biia, 20, 29",4,Small
642acc29e7f8b9b13d3b4f80,"8c, 20bii, 20",3,Intermediate
642ae7e9e7f8b9b7c73e5872,"20biic, 20",2,Commercial
642affad249f1d3ce86e67b8,"8c, 20biia, 20",3,Small
642b942b249f1da5187239bf,"8c, 20bii, 20, 27, 29",5,Intermediate
642bdbcde7f8b929694aee4a,"8c, 20biib, 20",3,Intermediate
642be7abe7f8b940904bb4a3,"8c, 20biib, 20",3,Intermediate
642c5541d9e3626babed34f3,"8c, 20biib, 20",3,Intermediate
642c5aa9249f1d07c585b54a,"8c, 27, 20biia, 20",4,Small
642e707ed9c37809f9155f8c,"20biia, 20",2,Small
642e91e7d9e362694211c887,"8c, 20biia, 20",3,Small
642e97cad9e362f320124bf5,27,1,Small
642ed5e0d9e362d12c18d94b,"20b, 8c",2,Intermediate
642f77aed9e3621bce1e72c3,"8c, 20ba, 20, 27a, 27",5,Small
642fbf6ed9e36232da223fda,"8c, 20b, 20",3,Intermediate
642fd95eab6f50f7a482cfa1,"8c, 20biic, 20",3,Commercial
642ff3aaab6f500c4a84b83b,"8c, 20biia, 20, 22b, 22, 27, 29",7,Intermediate
64303625ab6f506a6d8a655d,"8c, 20b, 20",3,Intermediate
6430676dcccee0dd7cc7ade9,"20biic, 20",2,Commercial
64306d93ab6f5081428c4f55,"20biia, 20",2,Small
643071e3cccee0da62c7d46f,"20biia, 20",2,Small
64308972cccee0954ec7f8d6,"20biia, 20",2,Small
64311682ab6f50ff2d9223aa,"8c, 21b, 21, 29",4,Intermediate
64312a0fab6f5065e3938840,"8c, 20biic, 20",3,Commercial
643162fecccee033acd26166,"8c, 20biib, 20",3,Intermediate
643168b7ab6f50f587977bdf,"20biia, 20",2,Small
6433063fcccee0673bdf5c75,"20b, 20",2,Intermediate
6433f72f6fd7a14525b9c79d,"20biia, 20",2,Small
643413f6e6481d32f8a51ccd,"8c, 20biic, 20, 29",4,Commercial
64346580e6481d0976a8488b,"8c, 20biia, 20",3,Small
643500d56fd7a11aefc5250a,"8c, 20ba, 20, 27a, 27",5,Small
643563266fd7a1a268cf45a6,"8c, 20biia, 20, 29",4,Small
643573196fd7a11fa0d0883b,"8c, 20b, 20",3,Intermediate
6435963e6fd7a1bcd3d20d75,"20biib, 20",2,Intermediate
6437d958e6481d6279dcde3e,"20biia, 20",2,Small
6438bad26fd7a16acdff21ce,"20biic, 20",2,Commercial
64392cdc6fd7a16af20a912a,"21a, 21",2,Small
643a9c4c6fd7a181a620b6cf,"22c, 22, 27",3,Commercial
643bf8066fd7a1c9fe335be4,"20biia, 20",2,Small
643d81f16fd7a1ce52498405,"8c, 27b, 20biia, 20",4,Small
643e069a6fd7a1aeba4c56ac,"8c, 20biib, 20",3,Intermediate
643e532be6481d27a9421945,"8c, 22c, 22",3,Commercial
643e7095e6481d7b5144c8f2,"20biia, 20",2,Small
643fbea76fd7a10bd56f556f,"8c, 20bii, 20",3,Intermediate
643fe8816fd7a1229475960a,"8c, 20biic, 20",3,Commercial
6440018ae6481d1b456698fd,"20biib, 20",2,Intermediate
644045f8e6481ddb7169aa5d,"353, 224, 20biia, 20, 8c",5,Small
6440603ae6481d11926a1fa7,"20biia, 20",2,Small
6440dd71943c69d4e14c0a4f,"8c, 20biib, 20, 27, 29",5,Intermediate
64411df5321c0b293db6e951,"8c, 20biib, 20",3,Intermediate
64426b32943c69d56a71cb33,"8c, 29, 20biib, 20",4,Intermediate
64429bb6943c69f65b796787,"8c, 20biia, 20, 27b",4,Small
644376ea943c6903d782d6e8,"8c, 20biib, 20",3,Intermediate
64441dae943c692dc9964c76,"8c, 20biia, 20",3,Small
64459816321c0b2607025f79,"8c, 20biia, 20",3,Small
6446baf0c1485233399f949e,"8c, 20biia, 20",3,Small
6446c1fec14852a8eb9ff066,"20biia, 20",2,Small
6446c2da321c0b60f81daff0,"8c, 20biia, 20",3,Small
64478187321c0b3ba028be68,"20biic, 20",2,Commercial
6447e057321c0b120d37655f,"8c, 20b, 20, 27",4,Intermediate
6448fb1ac148521163d23fd0,"20biia, 20",2,Small
64493ab1321c0bf0425645b4,"8c, 20biib, 20",3,Intermediate
6449831e321c0b6e2b5ac4da,"20biib, 20",2,Intermediate
644a4c581277813046744e03,"8c, 20ba, 20, 27a, 27",5,Small
644a96841277811e488166ce,"8c, 20biic, 20",3,Commercial
644ac5551277814656849113,"20biia, 20",2,Small
644b54d512778123408b4cfa,"8c, 20biic, 20",3,Commercial
644ba6731277813a5e9adaef,"8c, 20biia, 20, 78",4,Small
644c26951277812113abc899,"20biic, 20, 27",3,Commercial
644cb324127781a44ab5057c,"20biib, 20",2,Intermediate
644cf19c1277815c05c1cea3,"22c, 22",2,Commercial
644cf4db127781dbdac27a84,"8c, 20biic, 20",3,Commercial
644d3d47321c0b0ca9bf6186,"448, 354, 324, 427, 506, 20biia, 20, 9",8,Small
644f9410d08e544cc459150c,"8c, 22b, 22, 27",4,Intermediate
64501217321c0b0bc0002cee,"8c, 20biia, 20",3,Small
6450ce86604dc244e23a18cd,"8c, 20biib, 20",3,Intermediate
6450e789604dc234c03dd479,"8c, 18a, 18",3,Small
64524c59b5008dc179241807,"8c, 20biia, 20",3,Small
6452f22bb5008ddb4930092c,"21a, 21, 22, 27, 29",5,Small
64531ce91d2e91d296792e67,"8b, 20a",2,Cultivation
645372b6b5008dedf43bd40a,"8c, 20biib, 20",3,Intermediate
64537f321d2e918f788558b3,"8c, 20biib, 20",3,Intermediate
64540376b5008d85154a4b82,"20biib, 20",2,Intermediate
645532e6b5008d6763638d8d,"8c, 20biib, 20",3,Intermediate
645535611d2e9188c9aba480,"8c, 20b, 20",3,Intermediate
645543dd1d2e914552ac2ea3,"8c, 20bii, 20",3,Intermediate
645571bbb5008d11dc657c30,"20biia, 20",2,Small
6457d41d1d2e917d7dd810ee,"20biia, 20",2,Small
6457e7c1b5008d59a2918b2b,"420, 464, 468, 471, 489a, 489, 489c, 489d, 20biib, 20",10,Commercial
64584f761d2e91fb62dad532,"20biia, 20",2,Small
6458523bb5008de2df93ddb6,"8c, 20biia, 20, 27, 29",5,Small
64586f431d2e916617db1feb,"20biib, 20, 27a, 27",4,Intermediate
64590eafb5008d07bf9f98fd,"8c, 20biib, 20",3,Intermediate
64591c9fb5008d7c01a0ad0a,"8c, 20bii, 20",3,Intermediate
64596da1b5008d3c1ea2f57b,"8c, 20biib, 20",3,Intermediate
6459ec40b5008d63f8a7e56b,"22c, 22",2,Commercial
645a41001d2e91f656f852a4,"8c, 20b, 20",3,Intermediate
645a57f8b5008d1a61b44628,"20biic, 20",2,Commercial
645a7358b5008d62bfb5f6c1,"8c, 20biib, 20",3,Intermediate
645bcb68b5008d9165c9efd4,"8c, 20biia, 20",3,Small
645bde03b5008dcde9ca78c5,"20biib, 20",2,Intermediate
645be682b5008d5886cab975,"8c, 20b",2,Intermediate
645c38981d2e912fef131bfd,"8c, 20biib, 20",3,Intermediate
645cbde71d2e9122591b8644,"8c, 22c, 22, 27, 420, 468, 471, 33, 3",9,Commercial
645d8dbb1d2e91451a271d6c,"8c, 20biia, 20",3,Small
645e566ab5008d555cf1f9b6,"8c, 20biia, 20",3,Small
645e8da21d2e91973b39674f,"20biia, 20",2,Small
645fc4851f94d73c11a8fa60,"8c, 20b, 20",3,Intermediate
645fd4591f94d70508a991b8,"20biia, 20, 25",3,Small
645fe6ef1f94d76774aa0724,"20biib, 20",2,Intermediate
6460dfd21f94d77ce9b4e647,"20biia, 20",2,Small
646117281f94d7c655b75d1b,"20biia, 20",2,Small
646125fe1f94d78ba7b7c9db,"20biia, 20",2,Small
646151ed1f94d79159b82e3f,27,1,Small
646156dd8413de88e33caed3,"20biia, 20",2,Small
646260ae8413dedb6b4fb5d0,"20bii, 20",2,Intermediate
646266e28413de031d4ffdee,"20b, 20, 8c",3,Intermediate
64632ca11f94d7b6b7d5117b,"20bii, 20",2,Intermediate
64634e5c8413de55bb5c2f51,"8c, 20biib, 20, 29",4,Intermediate
6463ba2b8413de375b672a09,"8c, 20biic, 20",3,Commercial
6464f5658413dec4487e9c03,"8c, 20biic, 20",3,Commercial
64651f9c8413de857b802cc7,"8c, 20b, 20",3,Intermediate
646579fa1f94d77567ff16bd,"8c, 20biia, 20",3,Small
6465d52d1ed98695496b322c,"8c, 17b, 17, 27, 29",5,Intermediate
64660e811f94d705240c7d63,"20biib, 20",2,Intermediate
64661b711f94d725dd0e5c3f,"20bii, 20, 8c",3,Intermediate
64666d5c1f94d76886145526,"8c, 20biib, 20",3,Intermediate
6467860274c7ef07cad7c88f,"8c, 20biic, 20",3,Commercial
6467a7b974c7efcecfda22db,"8c, 20biia, 20",3,Small
6467ad2874c7ef710cda5a91,"20b, 20, 27",3,Intermediate
646855943da11aadf3dc27ec,"8c, 20ba, 20, 27a, 27",5,Small
6468abc6e9c413265a936a43,"20biib, 20",2,Intermediate
646a3ff1c240ffe4a18f9ac4,"8c, 20biib, 20",3,Intermediate
646a5f1e3806f72333e9bc8f,"20biia, 20",2,Small
646a70653806f71438ea04d2,"20biia, 20",2,Small
646b896bc240ff7030a47202,"8c, 20ba, 20, 27a, 27",5,Small
646bc0d7c240ff0667a687f8,"8c, 20biib, 20",3,Intermediate
646c2d5ec240ff7d8ba932f1,"8b, 20ai, 20, 20biib, 8c, 27",6,Cultivation
646c31adc240ffdfb6a94940,"20ai, 20",2,Cultivation
646c72573806f70870074082,"8c, 20biib, 20",3,Intermediate
646da069ed183ecc06fe6da7,"8c, 20biia, 20",3,Small
646e3bbb16a737045a1fd2fc,"8c, 20b, 20",3,Intermediate
646e526ac8d16d6e0b25233c,"20biib, 20",2,Intermediate
646f26874084cc83729e4015,"8c, 20biia, 20, 27",4,Small
646f92ea16a737f4b727e10d,"20biib, 20",2,Intermediate
6470690e4f529ba12f909fac,"8c, 20biia, 20",3,Small
6470e05c16a73720442f9289,"8c, 20b, 20",3,Intermediate
647121484084ccbdb9a9bf1b,"22c, 22, 29",3,Commercial
6471c9f94f529b30939877b1,"20bii, 20",2,Intermediate
6471ca06635d29e8edfb1402,"8c, 20biic, 20",3,Commercial
64726de34f529ba3879c037e,"20biia, 20",2,Small
64736b8f560f8139381dd6e4,"8c, 20biia, 20",3,Small
647393d973935151029ded96,"20biia, 20",2,Small
64739e6ac8d16d14a9425ebc,"8c, 20biic, 20",3,Commercial
64746630454864120ed57c2a,"8c, 20b, 20",3,Intermediate
6474a74ea51574c1cd9a1bd3,"8c, 20biib, 20",3,Intermediate
6474d53c79ba49abd7d686a4,"8c, 20biic, 20",3,Commercial
647583379326a48067f1ea2e,"8c, 20b, 20",3,Intermediate
64761509c76de3df2c936797,"20biia, 20",2,Small
6476275b1027df5303d3b2a1,"8c, 20biib, 20",3,Intermediate
64765f5e977061f36aa7ca30,"27, 29, 22b, 22, 8c",5,Intermediate
6476a761c9f70c0bf0e42eb8,"20biia, 20",2,Small
6476b7cc8a140d8aa2170bbc,"8c, 20b, 20",3,Intermediate
6476c3328a140d9ccc171e76,"8c, 20b, 20",3,Intermediate
64776b27c76de37a9b9ce62d,"20biia, 20",2,Small
64777d4ec9f70c823eeb9979,"8c, 20biib, 20",3,Intermediate
6478a731dbdf211e91999909,"8c, 20biib, 20",3,Intermediate
6478cc95ea766a97aae31851,"8c, 20biic, 20",3,Commercial
6478fcaac76de3a976a558a4,"8c, 20biic, 20",3,Commercial
6479a73d7b35dbbd64be45ea,"8c, 20b, 20",3,Intermediate
647a3cc8567155c00aa0e659,"8c, 20b, 20",3,Intermediate
647a510856715576cda0f2c1,"8c, 20biib, 20",3,Intermediate
647b3070ac186ab8986072b0,"8c, 20b1, 1",3,Intermediate
647e18dc4074cc4e8844598a,"20biia, 20",2,Small
647e24ff7b35db0b36d401f7,"8c, 20biic, 20",3,Commercial
647ea4897b35db7d61d603fc,"8c, 20biic, 20",3,Commercial
647eaa99ac186a3f697028c7,"20biib, 20",2,Intermediate
647eff94fe7e0625ba70a1e5,"8c, 20biib, 20",3,Intermediate
647f06af61e1dfe623d638e5,"20biia, 20",2,Small
647f311850a7da00a8b8204e,"20biia, 20",2,Small
647f49f6ac186a7e8b74ea89,"8c, 20b, 20",3,Intermediate
647fcbccdfff188bf64ec767,"20biia, 20",2,Small
647fdbef4074cc21484e1594,"8c, 20biib, 20",3,Intermediate
6480428d50a7da92e7bdba90,"8c, 20biia, 20",3,Small
6480779edfff18e9d8526aa1,"8c, 20biia, 20",3,Small
64808f6d50a7da9376bfe39f,"8c, 20biia, 20, 27",4,Small
6480aeeafe7e06da897acb22,"20biib, 20",2,Intermediate
6480d56e4074cc4fa953cb4a,"8c, 20ba, 20, 27a, 27",5,Small
6482cf72ac186aba6f85425c,"8c, 22c, 22, 27, 29",5,Commercial
6483382150a7da4ff6cbebbc,"20biib, 20",2,Intermediate
6485fed661e1dff82efbe496,"8c, 20biia, 20",3,Small
648620bcac186a0618911bc2,"8c, 20ai, 20",3,Cultivation
6486f4919ded5315745932e8,"20biib, 20",2,Intermediate
64873c3250a7da0069d9f3b7,"8c, 20biia, 20, 43",4,Small
6487b571ac186a5fd497c0f3,"8c, 20biic, 20, 29",4,Commercial
6487dbbbdfff18e4f76f4c3e,"20biic, 20",2,Commercial
64884cae5671553a0cdf68a4,"21b, 21, 8c, 27, 29",5,Intermediate
648884837b35dbc78b0125f6,"8c, 20biib, 20, 27, 29",5,Intermediate
64889528ac186ac26d9b5b69,"279, 8c, 20bii, 20, 181",5,Intermediate
648999d2fe7e0677c29dbfe0,"8c, 20biia, 20",3,Small
6489c995ac186aa487a0620b,"337, 338, 20biib, 20",4,Intermediate
648ae9f9dfff183f387c68c3,"8c, 20biib, 20, 20biia, 34",5,Intermediate
648b4e25ac186a3d0fa6e2f0,"8c, 20b2b",2,Intermediate
648be82bdfff18b3ba806cc3,"8c, 20biia, 20, 27, 29",5,Small
648bf080ac186ad22aa92591,"20biic, 20, 8c",3,Commercial
648c51609ded5329b2751d5c,"20biia, 20",2,Small
648c7cd34074ccd7bb847a40,"20b, 20, 8c",3,Intermediate
648c9cc85671550107f22a5d,"20biia, 20",2,Small
648ca7029ded53242d769079,"8c, 20biia, 20",3,Small
648d0289fe7e062621acf0e1,"20biia, 20",2,Small
648d4b5a7b35db621614f65f,"8c, 20b, 20",3,Intermediate
648d9d39dfff1842db883e2a,"8c, 20biib, 20",3,Intermediate
648dbd53ac186af44fb19cd6,"8c, 20b, 20",3,Intermediate
648dc3ca50a7da505ef5fda2,"8c, 20b, 20",3,Intermediate
648df0fb56715568d3f7dc84,"20biia, 20",2,Small
648dfb0adfff18c8d089c8f6,"20biib, 20",2,Intermediate
648e03999ded53826c7d65ca,"22c, 22, 8c",3,Commercial
648f1d87f30b03351a643aeb,"20biic, 20",2,Commercial
648f4865b7580b75ca38a9a4,"20biib, 20",2,Intermediate
64907c4af30b03548c6a4309,"8c, 20biia, 20, 27",4,Small
64909827f30b0305cb6a84fe,"8b, 20ai, 20",3,Cultivation
6490999ef849e683a2f7bd77,"20biib, 20",2,Intermediate
6490b6f2ca135a77aef2fda7,"8c, 20biib, 20, 27, 29",5,Intermediate
649144f0f30b036eec6d6162,"34a, 34, 20biia, 20",4,Small
649192273e2ef20779362d80,8c,1,Small
64919d09692ddb10f45c1395,"20biia, 20",2,Small
6491cece692ddb52505d0ba7,"20a, 20, 20biib",3,Cultivation
6492e19af849e6a51602de6b,"8c, 20b, 20",3,Intermediate
64934b8f3e2ef2588d3e4a60,"20biia, 20",2,Small
64935dc43e2ef23ab83e5dfb,"20biib, 20, 27",3,Intermediate
649419eef30b03e9f37bac8d,"8c, 20biic, 20",3,Commercial
649455563e2ef23e7744460b,"8c, 20biia, 20",3,Small
6494c2d0e7ba9c5cda9d3019,"8c, 20biib, 20",3,Intermediate
64953163f30b037eb880edf5,"8c, 22c, 22",3,Commercial
6495d4d0e7ba9c088fa4d0e0,"27a, 27",2,Small
64986bbbe7ba9c3a8ab26611,"20biib, 20",2,Intermediate
64987a5c3e2ef2790a5aaed0,"8c, 20biib, 20",3,Intermediate
64987fa1f849e6c32420fc8b,"20biic, 20",2,Commercial
64991b2af30b033a1b9611e1,"8c, 20biib, 20",3,Intermediate
649a999b3e2ef27b6267684c,"8c, 20biia, 20, 27",4,Small
649adbd5692ddb54d2900ae8,"8c, 20biib, 20",3,Intermediate
649b044999081145d096179d,"20a, 20, 20biib",3,Cultivation
649b0e53f849e64af730a680,"8c, 20b, 20",3,Intermediate
649b91e766873ca7066e47b6,"20biia, 20",2,Small
649b929666873c56546e481e,"20biia, 20",2,Small
649bcc9d2242763ba5164733,"8c, 20b, 20",3,Intermediate
649c6d3882c5cc6ce6359a24,"8c, 20b, 20",3,Intermediate
649ca30e3abfec8374c05438,"20bii, 20",2,Intermediate
649d77e3271ee984b82bec13,"20biic, 20",2,Commercial
649d983251bfff4430283b69,"8c, 20biib, 20",3,Intermediate
649d98fdf58534e109bd4ccb,"20biib, 20",2,Intermediate
649e702cff29b955d7db5067,"8c, 20biib, 20",3,Intermediate
649ec168e0f8e2b0fee71c09,"20biib, 20",2,Intermediate
649f22db4bc40f78b49d07c6,"8c, 20ba, 20, 27a, 27",5,Small
649f3973f5853486c7c4559c,"20biic, 20",2,Commercial
649fb79eb7697261122fb1a9,"8c, 20b",2,Intermediate
64a055892a71e8642410fad5,"8c, 22a, 22",3,Small
64a19400e112bfc3aa3c76bb,"20b, 20",2,Intermediate
64a30e4af58534269fd272f6,"8c, 20biib, 20",3,Intermediate
64a3852a90593bd1e228be0e,"8c, 20biib, 20",3,Intermediate
64a3a66890593b7d6228f417,"20biib, 20",2,Intermediate
64a4344890593b4c5d2c18fd,"8c, 20biic, 20",3,Commercial
64a43f8090593b679e2c3ea8,"8c, 20biic, 20",3,Commercial
64a453d52a71e83fba214b87,"20biia, 20",2,Small
64a457ebff29b972d8f32cd1,"8c, 20b, 20",3,Intermediate
64a4e67fff29b957d2f54af8,"8c, 20biic, 20, 29",4,Commercial
64a50186f585349466dab4c9,"20biic, 20, 8c",3,Commercial
64a553af271ee944484c4550,"8c, 20biia, 20, 27, 29",5,Small
64a70628f5c12aaea1cd5249,"8c, 20biia, 20",3,Small
64a71c01ff29b9462fff82c2,"8c, 22c, 22, 29",4,Commercial
64a71cde2a71e840ce2db54b,"8c, 20biic, 20",3,Commercial
64a7e1fb5977619815b2e790,"20biia, 20",2,Small
64a82c057d9eb52d26107682,"20b, 20, 20iia",3,Intermediate
64a848c1149ad830c2145276,"8c, 20bii, 20",3,Intermediate
64a852f6145586e49b8938d8,"8c, 20biia, 20",3,Small
64a8c8f21c86681bfd2b8fdd,"20biia, 20",2,Small
64a929f31c866843432d7fea,"8c, 20a, 20b1, 1",4,Cultivation
64a952de1c866867382f0b45,"8c, 20",2,Small
64a9587fc5fb2d6d2923d673,"8c, 20b, 20",3,Intermediate
64a975a6d44d04589bbcedce,"8c, 20biic, 20, 29",4,Commercial
64a9a7a019d9a166f7f94572,"8c, 20biic, 20",3,Commercial
64aa9ce75c673f861e9d6cc7,"8c, 20biib, 20, 27a, 27",5,Intermediate
64aab726d44d041bfac1eff3,"20biia, 20",2,Small
64aabb03c5fb2d68cb29cad8,"8c, 20biic, 20",3,Commercial
64aac28cfcf216c7ecc28e24,"8c, 20bii, 20",3,Intermediate
64aad867d44d048ea7c2533b,"394, 170, 419, 34, 20b, 20, 8c",7,Intermediate
64ab0f1fc5fb2db4182a67bf,"20biib, 20",2,Intermediate
64abe3ff1c8668e9c03a9c84,"8c, 20a, 20b1, 1",4,Cultivation
64abea65c5fb2d58282fd78b,"8c, 20biia, 20",3,Small
64ac12937d9eb550ad243155,"20biic, 20, 8c",3,Commercial
64ac37c91455868db49d341b,"8c, 20b, 20",3,Intermediate
64ac5c1ffcf2167050ca8a44,"20biib, 20",2,Intermediate
64acdab11455863b959f8213,"8c, 20b, 20",3,Intermediate
64acfe7fdf61ab4f4e5ae27d,"8c, 20biib, 20",3,Intermediate
64ada9c91c866882174543e0,"20biia, 20",2,Small
64ae1c0d19d9a10810102457,"8c, 20b, 20, 102",4,Intermediate
64ae3e8b19d9a1210810c161,"20biic, 20, 8c",3,Commercial
64ae5fd05c673f4f41b345a0,"20biic, 20",2,Commercial
64ae616819d9a17c7512876c,"8c, 20biib, 20, 27",4,Intermediate
64ae7e681c866879c54a9a30,"20biia, 20",2,Small
64ae8ded1c866855334b5653,"20biia, 20",2,Small
64ae9341df61ab3a006613f7,"8c, 20biic, 20",3,Commercial
64aeb5c773b445e816da6e16,"20b, 20, 8c",3,Intermediate
64aec5557d9eb5063c352b20,"20ai, 20, 20biib",3,Cultivation
64aed6f7d44d040c1fda3c34,"8c, 20biia, 20",3,Small
64af180a7d9eb5338b35a66a,"8c, 20biib, 20",3,Intermediate
64af77e5df61abcd876a0b01,"8c, 20b, 20",3,Intermediate
64b002d7145586c75db5d66f,"8c, 20biia, 20",3,Small
64b00e27e8e8a7090ddacf85,"20b, 20, 8c",3,Intermediate
64b01b241c8668651b552146,"20b, 20, 8c",3,Intermediate
64b065bfe8e8a718bfdcbad8,"20biib, 20",2,Intermediate
64b13b75c5fb2dc885533f5c,"8c, 20b1, 1, 20iia, 20",5,Intermediate
64b16abec5fb2d531054b493,"8c, 20biib, 20",3,Intermediate
64b196e0149ad878ac4be819,"8c, 20biib, 20",3,Intermediate
64b19aabfcf2162e45ecb7ca,"8c, 20biib, 20",3,Intermediate
64b2273a7d9eb5cf4049c379,"20biic, 20, 8c",3,Commercial
64b25de9fcf216f200f11797,"20biia, 20, 8c",3,Small
64b2698bdf61ab91777f3d39,"8c, 20biia, 20, 27",4,Small
64b26a71149ad891cc50d88a,"8c, 20biib, 20",3,Intermediate
64b27d27fcf2168d2ff1faba,"20b, 20",2,Intermediate
64b29217145586518dc69d17,"8c, 20biib, 20, 27",4,Intermediate
64b2ddcac5fb2d66685de146,"8c, 20biic, 20",3,Commercial
64b2e67e152fe84174b31401,"8c, 20biib, 20",3,Intermediate
64b3f4797d9eb504b8556d4f,"20biia, 20",2,Small
64b42508df61abea4188a13e,"8c, 20biib, 20, 27b",4,Intermediate
64b432565c673f586ad6ef41,"20biia, 20",2,Small
64b4378bc5fb2d350c641492,"20biib, 20",2,Intermediate
64b43b7019d9a11beb363896,"20biic, 20",2,Commercial
64b4fa195c673f70e7dc040f,"8c, 20b, 20",3,Intermediate
64b4fa8d152fe886d0c01b2b,"8c, 20b, 20",3,Intermediate
64b55754fcf21668060359bc,"8c, 20b, 20",3,Intermediate
64b67f05c5fb2dd8aa7236b6,"20biic, 20",2,Commercial
64b6c924d44d04b3540a65e8,"8c, 20b, 20",3,Intermediate
64b7a21873b445b7e3112915,"20biic, 20",2,Commercial
64b7e032fcf216dc83139080,"353, 34, 20biia, 20",4,Small
64b952ee19d9a1df9a5a33bc,"8c, 20b1, 1, 20iia, 20",5,Intermediate
64b985727d9eb5f641796c87,"8c, 20biib, 20",3,Intermediate
64b98cc219d9a147d65adc4d,"20biic, 20",2,Commercial
64baa59ad44d045b7f269464,"20biic, 20",2,Commercial
64bab174fcf216b979278667,"8c, 20biia, 20, 29",4,Small
64bad5a27d9eb5450f82d1b1,"20biic, 20",2,Commercial
64bb70467d9eb5a74685e312,"20biic, 20, 8c",3,Commercial
64bbabf7d44d047d872ca9c0,"8c, 20b, 20",3,Intermediate
64bbdc6219d9a1efe76d2340,"8c, 20biib, 20",3,Intermediate
64bc10d37d9eb5c6898cae95,"8c, 20b, 20",3,Intermediate
64bca44edf61ab57a9c1d757,"8c, 20b, 20",3,Intermediate
64bcccbf9e9c6f1de9dbb1c1,"8c, 20b, 20",3,Intermediate
64bd0b4875f5d73bdaee0921,"8c, 21c, 21, 29",4,Commercial
64bd3d4998ddff3e555474d8,"384, 20biia, 20",3,Small
64be07225929082073e82729,"8c, 20biib, 20",3,Intermediate
64be1fac75f5d73caef42288,"20biib, 20",2,Intermediate
64be885456ebe7465a9e8acf,"8c, 20biib, 20",3,Intermediate
64be9d97255283301b3382bf,"20biia, 20",2,Small
64bea6b9b68dbfdc196c9b7d,"8c, 20b, 20",3,Intermediate
64bf9c157814711a6d90cd90,"8c, 20biib, 20, 27, 29",5,Intermediate
64bfb88fa67a5970d8e297f0,"8c, 20biib, 20",3,Intermediate
64bfded089faba1291e7d753,"468, 471, 20biic, 20, 29, 22c, 22, 27a, 27",9,Commercial
64bfebfc3d9c880637942671,"8c, 20biia, 20",3,Small
64c137b9d72e904f359b546d,"8c, 20b, 20",3,Intermediate
64c1fc63d72e90ace79e7280,"8c, 20b, 20",3,Intermediate
64c2021978147103d1a26997,"8c, 20biib, 20",3,Intermediate
64c242c9d72e90f07ca17124,"8c, 20biib, 20",3,Intermediate
64c24d77a0824338c9495233,"8c, 20biib, 20",3,Intermediate
64c26213a08243cad54a9219,"8c, 20biib, 20",3,Intermediate
64c3d57489ce2e1beef45063,"8c, 20biib, 20",3,Intermediate
64c3f67b80514e6e3e4eb838,"8c, 20biib, 20, 34",4,Intermediate
64c44d15c8dee486b82eadb6,"8c, 20biia, 20",3,Small
64c4b093f858ab449e572c84,"8c, 20biib, 20, 27",4,Intermediate
64c4fc0c782a24997af16551,"20biib, 20, 8c",3,Intermediate
64c5161680514e262c5ab77b,"20b, 20, 8c",3,Intermediate
64c518eb89ce2e41ef00ef3c,"20biia, 20",2,Small
64c524076f31f02066590453,"20biia, 20",2,Small
64c52734de2e58d938d77c6b,"20biib, 20",2,Intermediate
64c552aab1cf3534566de5c9,"20biic, 20",2,Commercial
64c563f689ce2e702c023dec,"8c, 20biia, 20",3,Small
64c5ad4cde2e58420eda33d1,"8c, 20biib, 20, 27",4,Intermediate
64c678846f31f032eb618bcd,"8c, 20biib, 20",3,Intermediate
64c6ae9c80514e550b647302,"20biia, 20, 8c",3,Small
64c6b7cbde2e587079e02234,"21b, 21",2,Intermediate
64c6b8ea80514e2d2d647d00,"20biia, 20",2,Small
64c89cd4c8dee4de1b53f659,"8c, 20ba, 20, 27a, 27",5,Small
64c8e590782a24afe4111988,"8c, 20biib, 20",3,Intermediate
64c90977fe243435f52ed5ce,"8c, 20b, 102",3,Intermediate
64c9e8f410a19607b3744b9f,"8c, 20biib, 20",3,Intermediate
64ca5519fa320f72aa5d8ff4,"8c, 20biib, 20",3,Intermediate
64caf976b870eb287df702e7,"20biia, 20",2,Small
64cb67331219d586437f8cb4,"20biic, 20",2,Commercial
64cb81dd9625b82e66525801,"20biib, 20",2,Intermediate
64cb98d51219d5e8a381e1d3,"20biia, 20, 9",3,Small
64cbcdf323182d2ba215d45f,"8c, 20b, 20",3,Intermediate
64cbe3a455bfd0c7676a88e2,"8c, 20biic, 20",3,Commercial
64cc151f1219d55d0984ae29,"8c, 20biib, 20",3,Intermediate
64cc6aac0c475c831fca6139,"8c, 20b2a",2,Small
64cca6441219d546c5894501,"20biib, 20",2,Intermediate
64cce7de62998e060a586de5,"8c, 20biib, 20",3,Intermediate
64cdd15540025ffa1ffafd4b,"8c, 20bii, 20",3,Intermediate
64ce33fc521c7da709037a80,"8c, 20biic, 20",3,Commercial
64ce69af938fa87a77387889,"8c, 20b, 20",3,Intermediate
64ce74f34b1f42f2cfea206f,"8c, 20b, 20",3,Intermediate
64ce8ed9cc70073ccb3e8d70,"8c, 22c, 22, 27, 420, 468, 471, 33, 3",9,Commercial
64cfb4b0cc70075531458ed5,"20biib, 20",2,Intermediate
64d00ad428da7d5b4ef17604,"8c, 20biib, 20",3,Intermediate
64d00f2762998eaad86db679,"8c, 22c, 22",3,Commercial
64d08af036a1a41a47769548,"20biic, 20",2,Commercial
64d0f95140025f888e14319d,"8c, 20biia, 20",3,Small
64d1549d62998e1dbb78f316,"8c, 22b, 22, 29",4,Intermediate
64d15bde28da7d84f5fdb8b2,"20biib, 20, 22b, 22",4,Intermediate
64d1b54836a1a43cb480511e,"8c, 20biia, 20",3,Small
64d1cf26521c7ddd511c0fae,"8c, 20b, 20",3,Intermediate
64d20b7bc1a2c8b538242acf,"8c, 20biib, 20",3,Intermediate
64d2532c1718e3c7d9dcec47,"8c, 20b, 20",3,Intermediate
64d2606ad5f5eb7bf294d6d5,"20biic, 20",2,Commercial
64d26dd21718e3e5aedd4ef6,"20biib, 20, 27",3,Intermediate
64d364fe72c4d8536796c84b,"8c, 20biib, 20, 27",4,Intermediate
64d3a81dcd985abd3dfe428c,"20b, 20",2,Intermediate
64d3bf6abdded4ad5e354b57,"8c, 20biia, 20, 42, 1894, 43",6,Small
64d3d7c7b1bed81b27e4b1a3,"8c, 20biia, 20",3,Small
64d3d8eab1bed88154e4b4f3,"8c, 20b, 20",3,Intermediate
64d3dbff72c4d80b7e9a7cef,"8c, 20b, 20",3,Intermediate
64d3e5ac22b92772b360b2be,"17b, 17",2,Intermediate
64d43dcbd70a18762a598069,"8c, 20biib, 20, 29",4,Intermediate
64d44e1872c4d88b1f9c9f9b,"8c, 20biib, 20",3,Intermediate
64d46dda86d70f814b6edc6e,"8c, 20bii, 20",3,Intermediate
64d4b3719f3b89177e6e4a5a,"8c, 20biib, 20, 27",4,Intermediate
64d4c13b4216bb459885a64e,"27b, 8c",2,Small
64d51b129f3b898478710d10,"8c, 20b, 20",3,Intermediate
64d522f95d0bf5c75fbeae1e,"8c, 20biib, 20",3,Intermediate
64d5242186d70f3688745848,"8c, 22c, 22, 29",4,Commercial
64d5cae65d0bf57b55c1e59d,"8c, 20biia, 20, 27",4,Small
64d5ea31763c7fec6e0589ae,"20biia, 20, 8c",3,Small
64d630f7763c7f0fd807a91d,"8c, 20biia, 20, 29, 34",5,Small
64d674779f3b89b3197b235b,"8c, 20biia, 20, 27",4,Small
64d7059786d70fefff7e6d42,"8c, 20biic, 20",3,Commercial
64d77546a946fd08c6dc7ee1,"8c, 22c, 22, 27a, 27, 29",6,Commercial
64d77a468198dfd12016d3f8,"8c, 20biia, 20, 27",4,Small
64d7a15095e9c3774af4b2f1,"8c, 20biia, 20",3,Small
64d7bd6295e9c3ecf0f5271d,"8c, 20b, 20",3,Intermediate
64d7c4b695e9c39d07f55fa0,"8c, 20b, 20",3,Intermediate
64d7e7255d0bf56cd7cf6406,"8c, 20biib, 20",3,Intermediate
64d867e743e52225deda04fa,"20biia, 20",2,Small
64d906aa86d70fb3ac8a2338,20b2a,1,Small
64d9386ba946fdc7d8e5003d,"20biia, 20, 29, 8c",4,Small
64d94dd386d70f00e58a9159,"20biia, 20",2,Small
64d9c34186d70faec88dc08b,"8c, 20b, 20",3,Intermediate
64d9f844a946fd24afea2488,"20b, 20",2,Intermediate
64d9f9b7a946fd5ceaea2c14,"8c, 20biib, 20",3,Intermediate
64da059895e9c3230401d80a,"8c, 20biia, 20",3,Small
64da3fb743e522653fe52db7,"20biia, 20",2,Small
64da429795e9c3638803ce5b,"8c, 20b",2,Intermediate
64da6ac2763c7f54421f7bcd,"8c, 20biib, 20",3,Intermediate
64db35c18483a02a64c60bc9,"8c, 20b",2,Intermediate
64db9a4795f4e5f7bd6720fc,"8c, 20biib, 20",3,Intermediate
64dbb828a45f725ed9695977,"8c, 20b, 20",3,Intermediate
64dca27c06485c4d2dc8f580,"8c, 20biia, 20",3,Small
64dca3ac06485c5a91c90250,"8c, 20biia, 20",3,Small
64dccf63a45f7209f2721f86,"8c, 20b, 20",3,Intermediate
64dd25dba45f7298e573993c,"8c, 20biib, 20",3,Intermediate
64ddb933ab888b129ebceb08,"20biib, 20",2,Intermediate
64ddbd78a45f72695f76f9ea,"8c, 20biic, 20, 8a, 419, 420, 27a, 27, 182",9,Commercial
64dde3d4f57307a6fedd6c6c,"8c, 22c, 22, 29",4,Commercial
64de062c8483a0505ada0982,"8c, 20biia, 20",3,Small
64de1f1286ac89749fc0c5eb,"20biib, 20",2,Intermediate
64df4a53d4ef72d58f98c0cb,"8c, 22b, 22, 27",4,Intermediate
64df7289d4ef72dfa89a589b,"8c, 20biia, 20, 27",4,Small
64df745a06485c56dbde0490,"20biic, 20",2,Commercial
64df8e10561c48d1a1a03404,"8c, 20biib, 20, 27",4,Intermediate
64e032ae95f4e5669b8536a0,"20biib, 20",2,Intermediate
64e078adf573070256ef429b,"8c, 20biib, 20, 27",4,Intermediate
64e07ae28483a03b3fea13ea,"8c, 20biib, 20",3,Intermediate
64e0929de77bdba5863f8f97,"20biib, 20",2,Intermediate
64e094bdd4ef72e128a18a77,"8c, 20biia, 20, 29, 27",5,Small
64e098fcd0cb6050da99a263,"8c, 20biia, 20",3,Small
64e111e1d0cb6037b59d468b,"20biia, 20",2,Small
64e1304778ebc5caa95516e9,"20biib, 20, 29, 8c",4,Intermediate
64e17516d4ef72363ba6fe93,"20biib, 20",2,Intermediate
64e203fe86ac8913f2da2127,"20biib, 20",2,Intermediate
64e23cb978ebc589645b7742,"20biib, 20",2,Intermediate
64e251cfd4ef72d1ebabaacc,"8c, 20biia, 20",3,Small
64e25304a45f72b65695e74b,"8c, 20biia, 20, 27",4,Small
64e253f8e77bdb20d34aaf3c,"8c, 20biib, 20",3,Intermediate
64e334bfd4ef72d3d3b156f3,"8c, 20biia, 20",3,Small
64e35070d4ef722912b272f0,"20biib, 20",2,Intermediate
64e44737ab888bf5c4e82006,"8c, 20biia, 20, 43",4,Small
64e4ca2ed4ef727b91bde4d4,"20b, 20, 8c",3,Intermediate
64e4f7fcd0cb60ceedb65074,"20biia, 20",2,Small
64e51b3995f4e577bfa632fc,"8c, 20biic, 20, 29",4,Commercial
64e58ac678ebc5259f70b18f,"8c, 20biia, 20",3,Small
64e63f88561c48d9f0cd3c81,"20biic, 20",2,Commercial
64e6bf8c06485c1a1711430e,"8c, 20biia, 20",3,Small
64e6c80478ebc559357a47c3,"8c, 20biib, 20",3,Intermediate
64e70a4706485c43f414bc38,"8c, 20b",2,Intermediate
64e77024d0cb60c5fbcadbab,"8c, 20biib, 20",3,Intermediate
64e79ca8d4ef723233d3637b,"8c, 20biib, 20",3,Intermediate
64e7a623f57307391c21af01,"20biia, 20, 8c",3,Small
64e7aad386ac8945fc03b019,"20biia, 20",2,Small
64e7ab9578ebc58b438322dd,"20biia, 20",2,Small
64e7ae9ce77bdb6e397564c0,"8c, 20biib, 20",3,Intermediate
64e81776d0cb6026a8cda40d,"8c, 20biib, 20",3,Intermediate
64e8a11bd4ef7290aadbd150,"20biia, 20, 27, 251bb, 25",5,Intermediate
64e8be50d4ef725fc7dd4bd5,"20b, 20, 8c",3,Intermediate
64e900db8483a04daf289e25,"8c, 20biia, 20",3,Small
64e908b9d0cb603437d565dd,"20biic, 20",2,Commercial
64e9aa32561c488581e81969,"8c, 20biib, 20",3,Intermediate
64e9bb0bab888b829a1456be,"22c, 22",2,Commercial
64ea0382e77bdb41a08960e2,"20biia, 20",2,Small
64ea20518483a0628e331924,"8b, 20ai, 20",3,Cultivation
64eb4099561c48a227f3f1a6,"8c, 20biib, 20",3,Intermediate
64eb97e2f5730753063de90f,"20biia, 20",2,Small
64ec630a8483a032c4415793,"8c, 20b, 20",3,Intermediate
64ec749a06485cb9b53f06fe,"20biia, 20",2,Small
64ed4a7e95f4e53405e55996,"8c, 18a, 18",3,Small
64ed851f86ac8967cd2fd855,"8c, 20b, 20",3,Intermediate
64ee0684d4ef72a62507c736,"20biib, 20",2,Intermediate
64ee274e95f4e58296ef3ef5,"8c, 20b, 20",3,Intermediate
64ee39f9ab888bcfcd393b9b,"8c, 20biia, 20",3,Small
64ee97bc561c48f76d0fbdc3,"20biib, 20",2,Intermediate
64eedd5c86ac8953a93cf0d5,"8c, 20biib, 20",3,Intermediate
64eef22ba45f727599f98347,"8c, 20biib, 20",3,Intermediate
64ef035ee77bdb812cb3e82a,22,1,Small
64ef8957ab888b1326461cd0,"8c, 20biia, 20",3,Small
64efa26ad0cb6004440cf275,"8c, 20biia, 20",3,Small
64efa710d0cb60a5c60cfaea,"8c, 20biib, 20",3,Intermediate
64f07e0606485c527b644981,"8c, 20b2a",2,Small
64f0822a78ebc59402cccdaa,"8c, 20b, 20",3,Intermediate
64f088e3ab888b4e6b4dc721,"22c, 22, 27, 27a, 29, 8c, 20biia, 20",8,Commercial
64f0a8a586ac8962aa4f5684,"8c, 20biia, 20",3,Small
64f0aedaf573074a686c31e9,"8c, 20b",2,Intermediate
64f0d54ee77bdbc0a6c49b0d,"8c, 21b, 21",3,Intermediate
64f0da1d8483a056576bb76d,"20biic, 20, 8c, 20biib, 29",5,Commercial
64f1f327d0cb6024e0204d5d,"20biib, 20",2,Intermediate
64f1fba2d0cb6029852107fd,"8c, 20biib, 20",3,Intermediate
64f25ac3a45f72324316476d,"8c, 20biia, 20, 29",4,Small
64f26a1aab888b8b3c5c79d9,"20biib, 20, 27, 8c",4,Intermediate
64f2d111e77bdb2971d480f8,"20biia, 20",2,Small
64f317e8a45f72479f1d1ec2,"8c, 20biic, 20",3,Commercial
64f33097a45f7219231e40ca,"8c, 20biic, 20",3,Commercial
64f3404d561c482ee739f6a7,"27a, 27",2,Small
64f354baf573074304820b1f,"8c, 20b, 20",3,Intermediate
64f37ee2561c4845bd3b3bf3,"8c, 20biib, 20",3,Intermediate
64f3898c86ac89b55e65cc54,"20biia, 20",2,Small
64f468c895f4e5d1dd22e73c,"8c, 20b2a",2,Small
64f4d156d0cb6046ac330fad,"8c, 20ba, 20, 27a, 27",5,Small
64f52555a45f72e9d429dd33,"8c, 20biia, 20",3,Small
64f532b1d0cb60c40d3519e6,"20biib, 20, 8c",3,Intermediate
64f589fe9654aa9c623bf679,27b,1,Small
64f5df93cdc1592c6650f4a3,"8c, 20biic, 20",3,Commercial
64f63a197da650cfa8b44f4f,"8c, 20biia, 20",3,Small
64f69620e011ec2a6ca2e5e0,"8c, 20biia, 20, 27",4,Small
64f7e77997a2e4dfb102e671,"8c, 20biic, 20",3,Commercial
64f81360ca7f14593f23587c,"8c, 20biic, 20",3,Commercial
64f8ac15f3b4a220fd620e6c,"8c, 20biia, 20",3,Small
64f8baddd8a0b321584b5ea6,"8c, 20biia, 20",3,Small
64f9155d97a2e4ff470b3b41,"8c, 20biia, 20, 27, 29",5,Small
64f92c1497a2e444a70b514e,"22c, 22, 27, 8c",4,Commercial
64f94684f3b4a26a1164fe49,"8c, 20biia, 20",3,Small
64f94b0ee011ec5ab6b73844,"8c, 20biib, 20",3,Intermediate
64f9520297a2e470550be33f,"8c, 20biib, 20",3,Intermediate
64f9630f7da6507b5fcbff44,"20biia, 20",2,Small
64f9e92cca7f145ae3388f92,"20biic, 20, 27, 8c",4,Commercial
64fa8949ca7f148d383c2317,"8c, 20biic, 20",3,Commercial
64faf4b338e4a477ea22a64d,"22c, 22, 29",3,Commercial
64fb1419ad34dd412e35c7fd,"8c, 20biic, 20",3,Commercial
64fb1bfdf3b4a29aa4778477,"8c, 20biib, 20",3,Intermediate
64fb2462e011ec1141c987dd,"8c, 27",2,Small
64fb47d000aded0160e9021f,"8c, 20biia, 20",3,Small
64fb6e557da65014b6dee0aa,"8c, 20biia, 20",3,Small
64fc28f4e011ec7a0dcfa796,"8c, 20biia, 20",3,Small
64fc72bc9654aa4d4a74c391,"8c, 20biia, 20",3,Small
64fc7b3ef3b4a22afa811955,"8c, 20biia, 20",3,Small
64fca9acad34dd3909409d36,"8c, 20b, 20",3,Intermediate
64fcb3d7f3b4a27d5f82009a,"20biia, 20",2,Small
64fd355ecdc1595557891c88,"8c, 20biia, 20, 27",4,Small
64fdfc429654aa442c7c9e3e,"20biib, 20",2,Intermediate
64fe07519654aaa9b27cb915,"21c, 21, 22c, 22, 29",5,Commercial
64fed955e011ec5af0dff7d1,"341, 427, 324, 34, 20biia, 20",6,Small
64fee3a4e011ec8a4ce03d70,"8c, 20b",2,Intermediate
64ff54bb27f36c3ccb2b5ab5,"8c, 20ai, 20, 20biia",4,Cultivation
64ff6dbee011ece110e4dfc1,"20biic, 20",2,Commercial
64ff7542cdc159ef6897d7d5,"20biic, 20, 25, 1b, 1",5,Commercial
65004ab2c9862e883c03086f,"20biic, 20",2,Commercial
6500c357209377e7a24b0404,"20biic, 20",2,Commercial
65011e5ae840c8cf5d43786a,"22a, 22",2,Small
6501347478aeb28b82316cee,"8c, 20b, 20",3,Intermediate
65017d0da4414efa0da7991b,"8c, 20biia, 20",3,Small
65019776f69701ee93428985,"8c, 20biia, 20, 27",4,Small
6501cdecf62510528304315c,"8c, 20biic, 20, 251a, 25, 1",6,Commercial
65020d28209377e00d5b27cf,"384, 170, 17b, 17, 18a, 18",6,Intermediate
650250c6f625103aca078a15,"8c, 20biia, 20, 29, 27",5,Small
6502a55b1003906e47faca69,"8c, 21b, 21, 29",4,Intermediate
6502dd36f697011dae52c98b,"8c, 20b, 20",3,Intermediate
6502ee5b3ddeb595639f8dcf,"8c, 20biib, 20",3,Intermediate
65031f1178aeb2f11a4f9b34,"8c, 20biia, 20",3,Small
6503332f632ea6bd1707a5e0,"20biia, 20",2,Small
65033840a4414eaff7bf5838,"394, 34, 20biia, 20",4,Small
650342b8632ea612f907e54a,"8c, 20biia, 20",3,Small
650367583ddeb54f80a35356,"20biia, 20",2,Small
650393eda4414e0d69c06d61,"8c, 20biia, 20",3,Small
6503d32ece6bdd3bbd8a59f8,"20biia, 20",2,Small
65040e1c476c827966336f46,"20biia, 20",2,Small
65041a5d40ddf01fddc68d66,"20biib, 20",2,Intermediate
65048869d346f9c8bb12af77,"8c, 20biia, 20",3,Small
6504aa2918498d3e32ca0be7,"20biia, 20, 379, 411",4,Small
6504f43e40ddf0e46acfa0a1,"8c, 20biia, 20",3,Small
6505d61e5acd866a13ebe88d,"21b, 21, 8c",3,Intermediate
650849e3ed1e348e36add289,"20biia, 20",2,Small
65087437ed1e34ee18af76ba,"8c, 20biia, 20",3,Small
6508814450cb0e26d7c6c068,"20biic, 20",2,Commercial
6508f05467ad090b62d4e086,"20biia, 20",2,Small
65092b2467ad09ed70d61f09,"8c, 27, 20biib, 20",4,Intermediate
65096437d346f9dbc94433bf,"8c, 20biia, 20",3,Small
650968ff7a23e1ef72f1afb6,"8c, 20b, 20",3,Intermediate
650977aa7a23e17c4bf37794,"20biia, 20",2,Small
650986b4476c8259406e6740,"457, 380, 20biic, 20",4,Commercial
6509a1e118498d800c01c90d,"8c, 20biia, 20",3,Small
6509a3907a23e12fc4f96196,"20biia, 20",2,Small
6509a55267ad099e31e29762,"8c, 20biia, 20, 29",4,Small
6509c82b40ddf0774a09746c,"20biia, 20",2,Small
6509d2535acd86632e164b97,"8c, 20b",2,Intermediate
6509e4707a23e18670fbb50f,27b,1,Small
6509fa3a0f2b3b3539c72f75,"8c, 20biia, 20",3,Small
6509ffee0f2b3baed3c7366d,"8c, 20biib, 20",3,Intermediate
650a48347a23e1c97ffdf39c,"8c, 20biia, 20",3,Small
650a815c18498d3f4b08c357,"20b, 20, 8c, 102",4,Intermediate
650a94b418498d80e30c6f81,"20bb, 20, 8c",3,Intermediate
650ad21fed1e34ee23d3dc55,"8c, 20biic, 20",3,Commercial
650ad8550f2b3b14aed76922,"8c, 20b, 20",3,Intermediate
650add92476c826494850326,"8c, 22c, 22, 27",4,Commercial
650aeab4ed1e3451aad7d085,"20b, 20, 8c",3,Intermediate
650b143e45ca774c3baeb3ff,"20biia, 20",2,Small
650b36bf18498da12f1b19bf,"8c, 20biia, 20",3,Small
650c392f7a23e1064324e03f,"20biic, 20",2,Commercial
650c4d23476c820d23a244ee,"8c, 20biia, 20",3,Small
650c716750cb0e3258095f36,"8c, 20biia, 20",3,Small
650c893bed1e3467edf521a4,"8c, 20biia, 20",3,Small
650c999350cb0e064d0a2756,"20biib, 20",2,Intermediate
650cea9f67ad095537181403,"20biia, 20",2,Small
650d26f05acd86ce834cb5fd,"379, 411, 414, 8c, 20biib, 20",6,Intermediate
650d38590f2b3bcdbbfdb893,"8c, 20ba, 20, 27a, 27",5,Small
650d67f718498de4224279b2,"8c, 20biia, 20",3,Small
650d6d6c0f2b3b030b06455e,20b,1,Intermediate
650d7282d346f9eeaf8c283e,"8c, 20b, 20",3,Intermediate
650dc8f150cb0e1156227fd0,"8c, 20biia, 20",3,Small
650dca5b50cb0ef410228d22,"8c, 20biib, 20",3,Intermediate
650dd43b67ad091ff52f0fc0,"20biia, 20",2,Small
650eaf7b67ad0970913c05b1,"20biia, 20",2,Small
650ed48545ca77d485f26fb3,"8c, 20biia, 20",3,Small
650ed5af5acd86ac73731b2d,"8c, 20biic, 20",3,Commercial
650f336e2c27d2213c4d4a2f,"20biia, 20",2,Small
6510274d18498d0ef96c4609,"8c, 20biia, 20",3,Small
65104778476c826110dce35f,20b,1,Intermediate
65104ad52c27d229f9568523,"20biia, 20",2,Small
65106462ed1e34e49d30c3ac,"8c, 22b, 22",3,Intermediate
65106d0367ad092c1f500f0b,"8c, 20biia, 20, 27",4,Small
65107c16ed1e34f5b531fb73,"8c, 20biia, 20",3,Small
6510ab3850cb0e2a7345bb54,"8c, 20biic, 20",3,Commercial
6510f989ed1e3418ba34c4f8,"20biia, 20",2,Small
651105d07a23e1f7bf6803f1,"20biia, 20",2,Small
6511633845ca77b1a5123561,"20b, 20",2,Intermediate
6512044f2c27d2008d71ff90,"8c, 20biic, 20",3,Commercial
6512aeab5acd86bdd5ad9326,"8c, 20biic, 20",3,Commercial
6512d53e0f2b3b76d6614945,"20biib, 20",2,Intermediate
6512ee7bed1e34bd3b6567a1,"8c, 20b, 20",3,Intermediate
6512f3557a23e1633598b1c4,"8c, 20biia, 20",3,Small
651318f445ca778af23a367f,"8c, 20biib, 20",3,Intermediate
65131b8d45ca779d593a485f,"20biia, 20",2,Small
651341ae50cb0ebd147ac0da,"8c, 20biib, 20, 420, 328, 336, 34",7,Intermediate
6513ae5318498d8564aaeea3,"8c, 27, 20biib, 20",4,Intermediate
6513c1fe50cb0ec8747f7a32,"20biia, 20",2,Small
6513ef2f476c8273661e3cbc,"8c, 20biia, 20",3,Small
65142d475acd86a468cec4e7,"8c, 20biib, 20",3,Intermediate
651463825acd867e11d1172b,"8c, 20biib, 20",3,Intermediate
65147a5a18498d51ebc17672,"20biic, 20, 8c",3,Commercial
65151fd7476c8259cf31a70c,"20biic, 20",2,Commercial
65152228476c82f80e31e07c,"20biib, 20",2,Intermediate
6516e37e9b9711269f5b3b15,"8c, 20biib, 20, 20a",4,Cultivation
651710536380eb35316939e5,"20biic, 20, 8c",3,Commercial
65187faacef547e6d45e3b9a,"20biib, 20",2,Intermediate
651881387e747a3beffc03dc,"20biib, 20",2,Intermediate
65195f439b971137cf881504,"20biia, 20",2,Small
6519af9e8f08fbf0832a7cb9,"20biib, 20",2,Intermediate
651a1873c013a83f8bd27b27,"8c, 20biic, 20",3,Commercial
651a5fda6380ebe8649f0cdc,"8c, 20bii, 20",3,Intermediate
651aaf006380eb006ea8a1a1,"8c, 20biia, 20",3,Small
651abc3c39531d23ea8432c0,"20biia, 20",2,Small
651af8fc39531d27b186a665,"8c, 20biib, 20",3,Intermediate
651b885a7e747a6866234ac4,"8c, 20ba, 20, 27a, 27",5,Small
651c338c7c0055c6dc363f74,"8c, 20biib, 20",3,Intermediate
651c45649b97116911bc24d7,"8c, 20biib, 20, 34, 27",5,Intermediate
651c51e439531d24a9a3726c,"8c, 20biia, 20",3,Small
651c6f0f7c00557fe5377ac2,"8c, 22c, 22, 27, 29",5,Commercial
651e041f8f08fbee7877edf3,"20biib, 20",2,Intermediate
651e1f5dcef547588cbb8387,"20biib, 20",2,Intermediate
651e731a7e747a84fd67e61b,"20biib, 20",2,Intermediate
651e822439531d3245cf65a1,"20biib, 20, 22b, 22, 8c",5,Intermediate
651e9a2e39531de265d36161,"20biia, 20",2,Small
651eb06fcef5475eabcfff7a,"8c, 20biia, 20",3,Small
651eb8166380eb5048fc7f2c,"8c, 20biia, 20",3,Small
651ed0608f08fbaf008e40d6,"8c, 20b, 20",3,Intermediate
651ed8439b97114b8ff372de,"8c, 20b, 20",3,Intermediate
651f080c4c144b859085a4b8,"20biia, 20",2,Small
651f15767e747a172e765d54,"8c, 20b, 20",3,Intermediate
651f1897cef5477977d65576,"8c, 20b, 20",3,Intermediate
651fb00939531d18ace92f86,"8c, 20biia, 20",3,Small
651fcfb8c013a80db0495a1e,"8c, 20biib, 20",3,Intermediate
651fd3129526b5346ff87adc,"8c, 20biib, 20",3,Intermediate
651fdc9f9526b56b96faf053,"8c, 20b, 20",3,Intermediate
651fec25c013a815a84e0542,"8c, 20biib, 20",3,Intermediate
651feca37c0055739686038d,"20biib, 20",2,Intermediate
651ff20a4c144b7e8a9ed65e,"8c, 20b, 20",3,Intermediate
651ff40fc013a86d2e502e7b,"8c, 20b, 20",3,Intermediate
652012d27c00554a3e8edc96,"8c, 20b, 20",3,Intermediate
652019f34c144b4af0a69f58,"8c, 20biia, 20",3,Small
65201e63cef547674bf69a40,"8c, 20biia, 20",3,Small
652029316380eb4d942207f8,"8b, 8c, 20a, 20biia, 20",5,Cultivation
652040256b8aba2b8263e5ab,"8b, 20a, 20iia, 20",4,Cultivation
652049be4c144b0084a9406c,"8b, 8c, 20a1, 1, 20biic, 20",6,Cultivation
65206a2a9b97110c31194ed7,"8c, 20ba, 20, 27a, 27",5,Small
65206a9d7e747af64e9b45ac,"8c, 20bii, 20, 27",4,Intermediate
65215b3e7e747aab0db64afd,"8c, 20b",2,Intermediate
652161bdcef5472ca013f17b,"8b, 8c, 20a1, 1, 20biic, 20",6,Cultivation
6521644f39531d85ac1a6ad2,"8b, 8c, 20a1, 1, 20biic, 20",6,Cultivation
652196f732fc109b24080b07,"20biia, 20",2,Small
6522606b6380eb755a488ba6,"20b, 20, 8c",3,Intermediate
652298838f08fb35fcd977ee,"8c, 20biib, 20",3,Intermediate
6522bf0939531d3c382778c7,"8c, 20bii, 20",3,Intermediate
6522bf667c0055345cba8814,"8c, 20biic, 20",3,Commercial
6522c82dcef547f0a62336aa,"8c, 20biic, 20, 29",4,Commercial
6522c9604c144b8b23d253a8,"8c, 20biia, 20",3,Small
6522d32732fc10c1851321e8,"8c, 20biia, 20",3,Small
6522da519b9711003e43de39,"20biia, 20",2,Small
6522e2589526b57b32351cb1,"21b, 21, 22",3,Intermediate
652316087c00557619bbf1c2,"20biia, 20",2,Small
65235d7c39531df8572a93aa,"20biia, 20",2,Small
6523aa416b8abae57196130d,"8c, 20b, 20",3,Intermediate
6523c83139531d664832d82f,"8c, 27, 20biic, 20",4,Commercial
6523d3999526b57d984230fb,"8c, 20biib, 20",3,Intermediate
6523e49e39531d693535b402,"8c, 20b1, 1",3,Intermediate
6523f74739531d78b337e6b3,"8c, 20b, 20bii, 20",4,Intermediate
65241baf7c005523f6ce6fce,"8c, 20biib, 20",3,Intermediate
65241caf6380ebb5796150cb,"20b, 20",2,Intermediate
65243d266b8aba7cb7a10328,"8c, 20b",2,Intermediate
65245c8239531ddf3a3c349e,"8c, 20biia, 20, 27",4,Small
6524974c8f08fb505ff295d1,"8c, 20biia, 20, 27",4,Small
6524e2d49526b57c7d4e06fb,27b,1,Small
6524f9298f08fb60caf81aa1,"8c, 20biia, 20",3,Small
6525213432fc10174032cc20,"8c, 20biib, 20",3,Intermediate
6525253d8f08fbc28ffb80dc,"20biic, 20",2,Commercial
652532ebcef5472ae944bd1d,"8c, 20biib, 20",3,Intermediate
652534ff39531d237447e118,"8c, 20b, 20",3,Intermediate
6525480e9b9711d77566d1d3,"8c, 20biia, 20",3,Small
65256e9fcef54762e448a090,"8c, 20biia, 20",3,Small
652581f19b9711fb6868f212,"20biia, 20",2,Small
65259aeb32fc102d12390e1f,"8c, 20bii, 20",3,Intermediate
6525d4839d5a1d165df644bc,"8c, 20biia, 20",3,Small
65266bf49526b51a96656376,"8c, 20biib, 20",3,Intermediate
65268cfb4c144be5e306bff8,"8c, 20b, 20",3,Intermediate
652690c57c00553f91f56897,"8c, 20biia, 20, 43",4,Small
652693568f08fbaacc10e335,"8c, 20biib, 20",3,Intermediate
65269f636b8aba732bc747cf,"8c, 20biia, 20",3,Small
6526c2eac013a8718ebde2a0,"8c, 20b, 20",3,Intermediate
6526d0d49526b5c29170d918,"20biia, 20",2,Small
6526ea7c32fc102df14f2866,"279, 20biic, 20",3,Commercial
652746da6b8abaf404cda02b,"8c, 20biia, 20",3,Small
652781716b8aba5bd8cf3b53,"8c, 21a, 21, 29",4,Small
6527936cc013a89784c647b1,"8c, 20biib, 20",3,Intermediate
6527d36439531d334c755928,"20biib, 20",2,Intermediate
6527d6fc32fc108bbd603d15,"8c, 20biia, 20, 27",4,Small
6527e475c013a8f19dd2af9c,"8c, 20biia, 20",3,Small
6527edba9526b5048a87bc3c,"8c, 20b, 20",3,Intermediate
6527f44c4c144b74ab23bef2,"8c, 20biib, 20",3,Intermediate
6527f7b29526b5cd20888be9,"8c, 20biib, 20",3,Intermediate
6527f90d39531d56477a4b67,"8c, 20biia, 20",3,Small
652807e59526b526a089ccf9,"8c, 20b1, 1",3,Intermediate
65280d5acef547f28d775df8,"8c, 20biic, 20",3,Commercial
652814e56b8abad58de55f91,"8c, 20biia, 20",3,Small
65285ca5cef5474d607a9bf0,"20biic, 20",2,Commercial
6528ee0c9b97116a7da4deaf,"8c, 20biia, 20",3,Small
6528f78c32fc1031f875afb5,"8c, 20biic, 20",3,Commercial
65292d2dc013a8aa5ce967e7,"8c, 20b",2,Intermediate
652932bf6380eb2ca7b5817f,"8c, 20b, 20",3,Intermediate
652933d49b9711add1ac19df,"8c, 20biia, 20, 27",4,Small
652938c3c013a810d3eaef89,"8c, 20b, 20",3,Intermediate
65293d0739531dc1cc8fd09d,"8c, 20biia, 20, 43",4,Small
6529431e32fc1064e27daae8,"8c, 20biia, 20, 27",4,Small
652945c09b9711d655af4846,"8c, 20biic, 20",3,Commercial
65294c9ecef54727838d2346,"8c, 20biia, 20",3,Small
65295a8a9b9711739ab02d09,"8c, 20biib, 20",3,Intermediate
6529608f7c00554e132e5ccb,"8c, 20biia, 20",3,Small
6529879839531dae1b9309ff,"8c, 20biib, 20",3,Intermediate
65298cbf9526b59efda332f4,"20biia, 20, 27",3,Small
6529973e9d5a1d5dde3ffb0b,"20biia, 20",2,Small
652a6dae6b8aba936508934d,"8c, 20biib, 20, 29",4,Intermediate
652a989e9d5a1d6ea84de6bc,"8b, 20, 8c, 20b",4,Intermediate
652a99a39526b52537b26311,"8c, 20biia, 20",3,Small
652a9cef7c00556bc83efd8a,"8c, 20b, 20",3,Intermediate
652ac2056380eb0c2bcac32f,"8c, 20biib, 20",3,Intermediate
652ad21539531d5edaa33417,"20biia, 20",2,Small
652afb4e7c0055eca4412405,"20biia, 20",2,Small
652b5d5b32fc101b3894c5b6,"8c, 20b, 20",3,Intermediate
652bcea69b97112771cab381,"20biia, 20",2,Small
652bd2fccef5474feca8c508,"8c, 20b2b",2,Intermediate
652bf30f8f08fbbb2163d69e,"8c, 20biic, 20",3,Commercial
652bfc306380ebfe50d59fb6,"8c, 20biia, 20",3,Small
652c360b9b97112a0ccdf8fa,"20biib, 20",2,Intermediate
652c4a01cef5472fbcac4096,"20biia, 20",2,Small
652c695f9b9711c3c6ce78ad,"8c, 22c, 22",3,Commercial
652cdab64c144b636a611a5f,"8c, 20biia, 20",3,Small
652cdd3d32fc105686a4d9b1,"8c, 20biia, 20",3,Small
652cf5236b8aba3d6b22cbee,"8c, 20biic, 20",3,Commercial
652cf9dec013a830a1148c32,"8c, 20b",2,Intermediate
652cfc3ecef547e0b1b4738f,"20biib, 20",2,Intermediate
652d30967c00553318593f60,"20b, 20",2,Intermediate
652d41237c0055cd325a5aa5,"8c, 20b, 20",3,Intermediate
652d46019526b5a40ace0280,"8c, 20b1, 1",3,Intermediate
652d50916b8abab79a281faa,"8b, 20biib, 20",3,Intermediate
652d54478f08fbcea673cdef,"8c, 20",2,Small
652d57a4c013a84e2f19f770,"8b, 20biib, 20",3,Intermediate
652d5a036380eb4042e632a8,"8b, 20biib, 20",3,Intermediate
652deae39b97119553e07d27,"8c, 20biic, 20",3,Commercial
652df22d4c144b93b26dbb1f,"8c, 20biia, 20",3,Small
652e396c9d5a1d459776bd3d,"8c, 20biib, 20, 27",4,Intermediate
652e5a8d6b8aba25c9334fd2,"8c, 22c, 22, 27, 29",5,Commercial
652e71dd4c144b114f7658ce,"8c, 20b",2,Intermediate
652e7d869d5a1d58f77b8e3a,"8c, 20biib, 20",3,Intermediate
652ea94acef5472f66c7e4fa,"8c, 20biic, 20",3,Commercial
652eb6fd7c0055e0e76ae011,"8c, 20biic, 20, 29",4,Commercial
652edbec9526b50687de5623,"8c, 20biib, 20",3,Intermediate
652ee3a76b8aba7b6b38e950,"8b, 20ai, 20",3,Cultivation
652eeb046380eb7456f7361b,"8b, 20ai, 20",3,Cultivation
652f28497c00555d526d8ffd,"8c, 20biib, 20",3,Intermediate
652fb7c132fc101323c7681b,"22b, 22, 8c, 27",4,Intermediate
652fbf949b97116b83f7ea66,"8c, 20biib, 20",3,Intermediate
652fffad6b8aba7694474947,"8c, 20biib, 20",3,Intermediate
6530000c9d5a1df6218f3544,"8c, 20biib, 20",3,Intermediate
65300f9a9d5a1dc72c8f93c7,"8b, 20ai, 20",3,Cultivation
653017f46b8aba329e47a011,"20biia, 20",2,Small
65304d3ac013a85ceb380f25,"20biia, 20",2,Small
6530dfa39526b5a255f668e7,"8c, 20biib, 20, 27",4,Intermediate
6530e9906b8aba704d503ecf,"8c, 20biib, 20",3,Intermediate
65310baa6b8aba02b1521158,"8c, 20biib, 20",3,Intermediate
653140fb9b9711856d09e81e,"8c, 20biic, 20",3,Commercial
653143aaa355a807be066998,"8c, 20b, 20",3,Intermediate
6531631fa355a81bc30719d7,"8c, 27, 20biia, 20",4,Small
65317ff532fc10eaa0da4309,"20biib, 20",2,Intermediate
6532057b32fc102374dd1100,"20biic, 20",2,Commercial
65322876a355a895b90dfb38,"379, 8c, 20b, 20",4,Intermediate
65329f367c0055515a975d9e,"8c, 20b, 20",3,Intermediate
6532a4eb6380eb7beb24bad6,"8c, 20biic, 20, 29",4,Commercial
6532a99d32fc108014e8834b,"8b, 8c, 20ai, 20",4,Cultivation
6532c00f9b9711f834198a95,"8c, 20biib, 20",3,Intermediate
653354bb4c144b0e88a97932,"8c, 20biib, 20",3,Intermediate
653388eb8f08fb8860b5f6b9,"8c, 20biib, 20, 27, 29",5,Intermediate
653401a07c0055feada55b16,"8c, 20biic, 20",3,Commercial
6534283c07a49e121501910b,"8c, 20biia, 20",3,Small
65342eb44c144b6df6b3b56c,"8c, 20biia, 20",3,Small
6534ade18f08fb1971be8686,"20biia, 20",2,Small
653511daa355a8638c2c0370,"20biic, 20",2,Commercial
6535462a32fc1023cbff6e99,"20a, 20, 20biia",3,Cultivation
6535629632fc10448effbc55,"20iia, 20",2,Small
6535da068f08fb0511c7a5fd,"8c, 20biib, 20, 27",4,Intermediate
6535e57d32fc107ae0021c9c,"20biia, 20",2,Small
653649e907a49e28e70e7117,"8c, 20biib, 20",3,Intermediate
65366bc04c144b0d81c0049f,27,1,Small
6536aef1cef547c7a3118ae4,"8c, 20biic, 20, 25",4,Commercial
6537903d6b8aba284c89285c,"20biib, 20",2,Intermediate
653807617c0055d2c8bf8f99,"8c, 20biia, 20",3,Small
6538150a07a49eb8b41c3364,"20biia, 20",2,Small
65381860a355a8c1543efbb4,"8c, 20ba, 20, 27a, 27",5,Small
65387e9ba355a879614154ef,"8c, 20biic, 20",3,Commercial
6538969b4c144b92b7cefd14,"8c, 20biib, 20, 27, 34",5,Intermediate
6538b28fcef5477afe2314d9,"8c, 20b1, 1",3,Intermediate
6538c4248f08fbe1fbdd10cd,"8c, 20biib, 20",3,Intermediate
6538db5ccef54797aa25e033,"8c, 20biib, 20",3,Intermediate
6539190bcef54785a6295554,"20biic, 20, 34a, 34",4,Commercial
65393f1d6b8aba475c9a572d,"8c, 20b, 20",3,Intermediate
65394cac6380eb5b535abd0a,"8b, 20biib, 20",3,Intermediate
653965eda355a836414d5d3c,"8c, 20biib, 20",3,Intermediate
6539d7f6c013a8376b8dd8e6,"20biia, 20",2,Small
653a13af6b8aba2463a1c12e,"8c, 20biib, 20",3,Intermediate
653a4e488f08fb70bbf0079b,"8c, 20biia, 20",3,Small
653a75d532fc10311a2c84a3,"8c, 22c, 22, 27, 29",5,Commercial
653a88e37c0055b43ddb8418,"8c, 20biic, 20",3,Commercial
653a8a7e7c005556fedb92ae,"8b, 20ai, 20",3,Cultivation
653aa13339531d7c083f5971,"20biic, 20",2,Commercial
653ac3e04c144b5c6ce96e40,"8c, 20biib, 20",3,Intermediate
653ad75a6b8aba7174aa3d31,"20biib, 20",2,Intermediate
653adb1807a49e6caa3a7ef0,"21b, 21",2,Intermediate
653afd5d6380eb3d946c57ed,"8c, 20biia, 20",3,Small
653b68efcef547d9d344555f,"8c, 20biib, 20",3,Intermediate
653b9827a355a8f37669ffca,"20biia, 20",2,Small
653bcc1f30f4bdfa2cebc630,"8c, 20biia, 20",3,Small
653bd14b36774121ff66bc88,"20biia, 20",2,Small
653be58e953ff16ce58d70ec,"8c, 20b, 20",3,Intermediate
653be8ee71ecf7fe1c24aaac,"8c, 20b1, 1, 20iia, 20",5,Intermediate
653bf06032411e23e1fb8572,"8b, 20ai, 20",3,Cultivation
653bf7f44bd3211233f8e5c8,"20biia, 20",2,Small
653c23be953ff11bc28dd865,"8c, 20biia, 20",3,Small
653cc65571ecf73f862b5dae,"8c, 20biib, 20",3,Intermediate
653d063132411e247d052804,"8c, 20b, 20",3,Intermediate
653d272504659ff7eaa2b068,"20biib, 20, 29, 8c",4,Intermediate
653d5159e9182160a22b0c04,"20biib, 20",2,Intermediate
653d5fbe8a1bdf6f615873b3,"8c, 20biia, 20",3,Small
653da9502e4e851b636a9199,"8c, 20biib, 20",3,Intermediate
653e5404a40edfe5918932bd,"20biic, 20",2,Commercial
653e64d0483fc57e4332b9be,"20biib, 20, 27",3,Intermediate
653e98981ceb857f8b469c93,"8c, 20biic, 20, 29",4,Commercial
653e9996ca7ff80c1c5e0144,"20biia, 20",2,Small
653eb9fd014c40091e188ecb,"8c, 20biic, 20",3,Commercial
653ec1e0014c401596189132,"8c, 20biia, 20",3,Small
653f7371657f3deb816c64eb,"8c, 20b",2,Intermediate
653fa8450559fe2c75689521,"8c, 20biic, 20",3,Commercial
653fb6740ed12b65fd60dec4,"8c, 20",2,Small
653fbd970ed12be659612872,"20biia, 20",2,Small
653fce0e2116901936e209f5,"8c, 20biia, 20",3,Small
653fd98e1ceb85b0595160ff,"8c, 20biia, 20",3,Small
653fe1d11ceb856fcf5184d4,"8c, 20biia, 20",3,Small
6540b6546ffbc5e6a1b94a94,"8c, 20biia, 20, 22c, 22, 27, 29",7,Commercial
6540efa3211690eed0f62272,"8c, 20b, 20",3,Intermediate
6540f9240ed12bc7156d7b8a,"20biia, 20",2,Small
6540fe5e483fc509e64b57f1,"8c, 20biia, 20",3,Small
654107ef1ceb858a625d76b5,"8c, 20biia, 20",3,Small
6541130c211690e4d8f8c806,"8c, 20biia, 20",3,Small
65412059014c407d4e30b80a,"8c, 20b, 20",3,Intermediate
654127cf657f3d00147f373f,"20biia, 20",2,Small
65412c20483fc551d84d7d5d,"20biib, 20",2,Intermediate
6541414a211690997bfa252e,"20biic, 20",2,Commercial
6541a1d90ed12b2279730b61,"8c, 20biia, 20",3,Small
654235c60559fe425b812066,"8c, 20biia, 20",3,Small
6542475e0ed12b63cd79bf54,"8c, 20biia, 20",3,Small
65426105ca7ff8375e8d94f7,"8c, 20b, 20",3,Intermediate
6542aee3ca7ff80d088ef259,"8c, 20biia, 20",3,Small
6542b25a014c409acd3d3f86,"20biib, 20",2,Intermediate
6543471e657f3d1a8d9027fc,"20biic, 20",2,Commercial
654394a0ca7ff837d098a571,"8c, 20biia, 20",3,Small
6543ab121ceb853e51743e84,"20biia, 20, 8c",3,Small
6543ae326635ab3a5ddcc7cd,"20biia, 20",2,Small
6543be44014c40de2747d7c9,"8c, 20biia, 20, 29",4,Small
6543dae4ca7ff8f1a89ad4d0,"8c, 22c, 22",3,Commercial
6543ea2a1ceb85896d756c01,"8c, 22a, 22",3,Small
6543ecfe657f3d60a0962243,"8c, 22c, 22",3,Commercial
6543f9a61ceb85c19875859e,"8c, 17b, 17, 18a, 18",5,Intermediate
6544004c657f3d05d7963ef8,"8c, 22c, 22",3,Commercial
654400daa40edf4406bc4928,"8c, 22a, 22",3,Small
6544020fca7ff8e1339b418a,"8c, 22c, 22, 29, 272, 273, 34a, 34",8,Commercial
6544035d483fc50a4a657fe1,"8c, 20biib, 20",3,Intermediate
654408776635ab86eaddfcc3,"37a, 37, 8c, 22c, 22, 29",6,Commercial
65440889211690837811053e,"8c, 22a, 22",3,Small
65440efe1ceb85469575a35b,"8c, 22c, 22",3,Commercial
6544102e1ceb856f0875a3c2,"8c, 22c, 22",3,Commercial
6544117d6ffbc5fa4dd7825f,"8c, 22c, 22",3,Commercial
65441479211690ea6d11114e,"8c, 22a, 22",3,Small
6544147a657f3d6e72965545,"22c, 22, 37a, 37",4,Commercial
6544187e6635ab6622de0b38,"8c, 22a, 22",3,Small
654421381ceb850a9675a927,"8c, 22a, 22",3,Small
6544274cfb24f5f20305b574,"8c, 22b, 22, 37a, 37",5,Intermediate
654437466ffbc5719ad9b521,"8c, 22c, 22",3,Commercial
65444475014c406a454af34e,"8c, 22c, 22",3,Commercial
65444b6a21169073d21354bc,"8c, 22c, 22, 37a, 37",5,Commercial
65444e05a40edf726dbeb365,"8c, 22c, 22",3,Commercial
65445147014c40859a4b061a,"8c, 20ba, 20, 27a, 27",5,Small
65445c791ceb85a2fd77fa5a,"20biib, 20",2,Intermediate
65445c9f014c40e3e54b17a9,"8c, 22b, 22",3,Intermediate
654460131ceb8533f2780087,"8c, 22a, 22",3,Small
65446c286908da304bee35f8,"20iia, 20",2,Small
65446c8946bc29de77a199ee,"8c, 22c, 22, 29",4,Commercial
65446f076908da92cfee3968,"37a, 37, 273, 8c, 22a, 22",6,Small
65447176ffb2f6f526fd0d46,"8c, 22b, 22",3,Intermediate
654472a06908daf55dee4070,"8c, 22c, 22",3,Commercial
6544768246bc291e05a1bc27,"8c, 22b, 22",3,Intermediate
6544770e0d7539439c61316e,"8c, 22c, 22",3,Commercial
6544789670799a46324344e9,"8c, 22c, 22, 37",4,Commercial
65447a6470799a765343510e,"8c, 22c, 22",3,Commercial
65447e061afb21f78ca8f5f6,"8c, 22c, 22",3,Commercial
65447fa29b7f2fff1ca415d4,"8c, 22c, 22",3,Commercial
654481786908da4ae7eeadd4,"8c, 22c, 22",3,Commercial
654483019b7f2f5558a43807,"8c, 22c, 22",3,Commercial
6544865bd4048733debdc9a9,"20biic, 20",2,Commercial
6544894cc5d3e8119b42f8eb,"37a, 37, 22a, 22",4,Small
65448ba070799ada244420b1,"8c, 22b, 22, 37",4,Intermediate
65448fa86908da7c50ef7de9,"8c, 22a, 22",3,Small
654491360d7539510262b5f2,"37a, 37, 22a, 22",4,Small
654496bf46bc2922daa39d4b,"8c, 20biib, 20",3,Intermediate
65449c9f0d7539721d637f16,"8c, 20b, 20",3,Intermediate
6544a8d20d75392881643be4,"8c, 22a, 22",3,Small
6544a98f70799a6c67461cae,"37a, 37, 8c, 22c, 22",5,Commercial
6544b018c8c91f7625b9e157,"37a, 37, 8c, 22c, 22",5,Commercial
6544b94e46bc297a30a57d68,"37a, 37, 8c, 22c, 22",5,Commercial
6544bc480d753937c4649f2a,"8c, 22c, 22",3,Commercial
6544bdebd77d08fe01e6f6be,"8c, 22c, 22",3,Commercial
6544be620634f13bdfa5f0ba,"37a, 37, 8c, 22a, 22",5,Small
6544beedc8c91f6de0ba42f8,"8c, 22c, 22, 29",4,Commercial
6544c3fa46bc29159ca5cfc3,"8c, 22a, 22",3,Small
6544c656ffb2f65a1c00e1c7,"8c, 22c, 22, 29",4,Commercial
6544c6bad77d085e95e73520,"8c, 22a, 22",3,Small
6544c8b86908da236bf1eb57,"8c, 22c, 22",3,Commercial
6544cb80d40487ab61c0f8e6,"8c, 22c, 22, 29",4,Commercial
6544ce1070799a71c647097a,"8c, 22c, 22, 29",4,Commercial
6544d0541afb212cb9ad092f,"8c, 22c, 22, 29",4,Commercial
6544d29c0d75396fc06575e5,"8c, 22c, 22, 29",4,Commercial
6544df5effb2f699fc01ffd0,"8c, 22c, 22, 26d, 26",5,Commercial
6544e79affb2f6168902684e,"8c, 22a, 22",3,Small
6544f1010634f16129a87919,"27, 20biib, 20",3,Intermediate
6544f1b6d40487312bc33dbb,"8c, 22a, 22",3,Small
65450ab3d77d0825ecea51ea,"8c, 20biia, 20",3,Small
654552ddc5d3e830fb4a2e2c,"8c, 22a, 22",3,Small
65455a86c8c91f85d8be952f,"8c, 20biia, 20",3,Small
654590a9d404877e95c7a2e7,"8c, 22c, 22",3,Commercial
6545b896d40487bc2bc7e1b7,"20a, 20biia, 20",3,Cultivation
6545f6329b7f2f4bf1b0751b,"8c, 20biia, 20",3,Small
6546120570799a4af350da42,"8c, 20biib, 20",3,Intermediate
654637c646bc29bfdbb2deba,"20biic, 20",2,Commercial
65465c38d77d08e6def5ad22,"8c, 20biib, 20, 29",4,Intermediate
654724a697160411383268d6,"8c, 20biia, 20, 27",4,Small
654746ce587bfd792f516b18,"8c, 22b, 22, 27, 336, 34",6,Intermediate
654799a0eec4e8d8bd581636,"8c, 22c, 22",3,Commercial
65479e3c5024044f63f177dd,"8c, 22c, 22",3,Commercial
6547b35ef62ffda3265c71f2,"20biic, 20",2,Commercial
6547b74aba9a600f65179656,"8c, 20biia, 20",3,Small
6547bbf450240456cff206c6,"8c, 20biib, 20",3,Intermediate
6547c6bdf62ffd770e5cae41,"8c, 20b2a",2,Small
654846d479fe1f8f6808b4bf,"8c, 20biib, 20",3,Intermediate
6548b77479fe1f98010dc878,"20biia, 20",2,Small
6548c19b79fe1f83120e25f5,"8c, 20b",2,Intermediate
6548c5de5024044797f94bc2,"8c, 20biia, 20",3,Small
6548d561f62ffd2fd66492a2,"67, 20002008, 2000, 2008, 27",5,Small
654917b60f04f54dcbcf7ce8,"20biic, 20, 8c",3,Commercial
6549251eba9a607e9a22569f,"8c, 20b2a, 20biib, 20",4,Intermediate
654929dd0f04f55bfacfb941,"8c, 20biib, 20",3,Intermediate
65492f4e241e773156778d6e,"8c, 20biic, 20",3,Commercial
6549306d971604211a41a3c7,"20biia, 20",2,Small
6549932179fe1f0e0313fbe9,"8c, 20biib, 20",3,Intermediate
6549aa4cf62ffd752669893d,"8c, 20biia, 20",3,Small
6549bba7c0bc078835199634,"8c, 20biia, 20",3,Small
6549de63e732c149d8f52631,"20biia, 20",2,Small
6549f09c5024042a160364ea,"20biib, 20",2,Intermediate
654a1758c0bc0793312047c7,"8c, 20b",2,Intermediate
654a723279fe1f76a91ceb01,"8c, 20biia, 20",3,Small
654a83a4e732c12f6cfba643,"20biia, 20",2,Small
654a865697160485ad4dc77a,"8c, 20biia, 20",3,Small
654a8790ba9a607d4c2d5abc,"20biib, 20",2,Intermediate
654a8969ba9a60a0b32d5d99,"8c, 20biia, 20",3,Small
654b1198ba9a602beb2fdf11,"8c, 20ba, 20, 27a, 27",5,Small
654b441779fe1f343d227dfa,"8c, 20biia, 20",3,Small
654b73069716047560543316,"20biib, 20",2,Intermediate
654ba3d6e732c1b7f4036251,"8c, 20biia, 20",3,Small
654ba9a20f04f5855fe327e3,"8c, 20b1, 1, 20iia, 20",5,Intermediate
654bd767241e77b8708b33e6,"20biia, 20",2,Small
654bf573e235497052607f1f,"8c, 20biib, 20",3,Intermediate
654c4883e23549802562b1c3,"8c, 20biib, 20",3,Intermediate
654c9f65e23549cbd4650d2d,"8c, 20b",2,Intermediate
654cf640587bfd31e77a39e1,"8c, 20biic, 20",3,Commercial
654d1aa70f04f5b5ddeb6848,"8c, 20biic, 20",3,Commercial
654d938be235498fdd6a7f8f,"8c, 20biic, 20",3,Commercial
654e24397914c53d9d7f5168,"8c, 21b, 21, 29",4,Intermediate
654e5b678434ca5252d4c5fe,"8c, 22c, 22, 29",4,Commercial
654e892b7914c505cf811391,"20biib, 20",2,Intermediate
654f18219f8fd4b5dc19818d,"20ai, 20",2,Cultivation
654f98cde7c0077072beee57,"8c, 20biib, 20",3,Intermediate
654fa0cf6d33d16c90425416,"8c, 20biic, 20",3,Commercial
655080eec39068570d890019,"8c, 20biib, 20",3,Intermediate
6550de15a4adbf4754f98d93,"188, 27, 8c",3,Small
6551b8dc3d3a036283785dc5,"8c, 20b, 20",3,Intermediate
6551c0eba4adbf599afd142a,"8c, 20a, 20, 20biia",4,Cultivation
65522bbae59a140c30924a12,"34a, 34, 8c, 22a, 22",5,Small
65524917e59a14015c92c1c7,"8c, 20biia, 20",3,Small
6552c98252801f4544ceebd2,"8c, 20biia, 20",3,Small
6552e693c7acc6ef63f2649c,"8c, 20biia, 20",3,Small
655349b73193bda7e5b36754,"8c, 20biia, 20",3,Small
65537f669f1d23df1d159de5,"8c, 20b, 20",3,Intermediate
655385463f00b42a744bd826,"20biia, 20",2,Small
65539199b2948e4c66644c76,"37a, 37, 8c, 22",4,Small
655394e03193bd3847b6dae8,"37a, 37, 8c, 22",4,Small
65539c143193bdf611b6fabc,"272, 37a, 37, 8c, 22a, 22",6,Small
65539c7b0bf1322e09ae1c63,"8c, 22b, 22",3,Intermediate
6553a0ff3f00b41e444c3a1f,"8c, 22",2,Small
6553a103b2948e9db964869a,"8c, 22a, 22",3,Small
6553a4732dfc6c6812f46eed,"8c, 22b, 22",3,Intermediate
6553a6940bf13227e0ae3fbf,"8c, 22b, 22",3,Intermediate
6553aab506246e5cf202737e,"8c, 22a, 22",3,Small
6553ad4b3193bd7bbeb72d42,"8c, 22a, 22",3,Small
6553ae65f0ce386d1f56f573,"20b, 20",2,Intermediate
6553b0b065913702d8bad672,"272, 34a, 34, 8c, 22a, 22",6,Small
6553b1a53193bd7f50b7355d,"272, 37a, 37, 8c, 21b, 21",6,Intermediate
6553b34387f23a013fafd885,"8c, 22c, 22",3,Commercial
6553b4123193bdf418b73c84,"272, 34a, 34, 8c, 22a, 22",6,Small
6553bb6b6591375e9ebaea0d,"272, 37a, 37, 8c, 21b, 21",6,Intermediate
6553ca25f0ce380708572a07,"8c, 22b, 22",3,Intermediate
6554a037b2948ef7216ba8bc,"8c, 20biib, 20",3,Intermediate
6554e9b13f00b456e5558bec,"272, 37a, 37, 8c, 22b, 22",6,Intermediate
6554edad0bf132b7efb6b0cc,"272, 37a, 37, 8c, 22a, 22",6,Small
6554f60df0ce3838d6600ff3,"34a, 34, 8c, 22a, 22",5,Small
655516760bf1328304b6e834,"20biia, 20",2,Small
65551f983f00b4727b55da36,"8c, 20biic, 20",3,Commercial
6555dd1c87f23a612ebe4b15,"8c, 20biic, 20, 29",4,Commercial
6555ee19b869c5518a75d126,"8c, 20biib, 20",3,Intermediate
6555f30406246e680c11c8b3,"8c, 20biia, 20",3,Small
6556345c06246e7d9514298e,"8c, 20biia, 20",3,Small
65564f0e3193bdaad2d02435,"8b, 20a",2,Cultivation
6556508e7591f142c5abe62f,"20iia, 20",2,Small
655658cb659137141dcca126,"8c, 20biia, 20",3,Small
6556639cf0ce3869ac68af1b,"20biia, 20",2,Small
6556750b3f00b455d05dfd08,"8c, 20biic, 20",3,Commercial
655746bf3f00b4482a640a7e,"8c, 20biic, 20",3,Commercial
6557760e06246e64891cf15b,"8c, 20b, 20",3,Intermediate
655777b7b869c50fbd802fd7,"37a, 37, 8c, 22a, 22",5,Small
65577a7cb869c50437804a83,"20biic, 20",2,Commercial
65577fba2dfc6c75510da438,"8c, 20biia, 20",3,Small
655786f91e7698243491b389,"8c, 20biia, 20",3,Small
65578d3ff0ce38029f7134cc,"8c, 20biib, 20",3,Intermediate
65579e41f0ce386433715826,"8c, 22b, 22",3,Intermediate
6557b59b6591376919d793d7,"8c, 20biia, 20",3,Small
655863000bf1320b51ccd067,"20biib, 20",2,Intermediate
6558632087f23a2277d09041,"8c, 20biic, 20",3,Commercial
6558f5aa2dfc6cfc9a16d6e0,"8c, 20biib, 20",3,Intermediate
6559166db2948e81e3888f9f,"20ai, 20, 8b",3,Cultivation
655952a365913712fde2bc27,27,1,Small
65597fed87f23af284d77122,"8c, 20biia, 20",3,Small
6559ab066591375c5ee3e01d,"20biib, 20",2,Intermediate
6559d0662dfc6c32491b9ebb,"8c, 20biib, 20",3,Intermediate
6559d33b0bf13281ced5ba03,"8c, 20biia, 20",3,Small
655a292a0bf1325ec1d70037,"8c, 20biia, 20",3,Small
655a42630bf132f024d720ff,"8c, 20biib, 20",3,Intermediate
655a546d0bf1326b44d7319a,"20b, 20, 20iia",3,Intermediate
655b0db487f23a5b99df0b68,"20biib, 20",2,Intermediate
655b6853b869c55d73976ddc,"8c, 20biia, 20",3,Small
655c8359b2948e75b39d76fa,"8c, 20biib, 20, 34",4,Intermediate
655ccae40bf1324bace709d2,"8c, 20biia, 20",3,Small
655cdd5c06246e08413dab3e,"37a, 37, 8c, 22a, 22",5,Small
655d21310bf1326b39e76ec6,"20biib, 20",2,Intermediate
655d72ecf0ce38434a936ad5,"8c, 20biib, 20",3,Intermediate
655da7b887f23a7b2cf06468,"8c, 22a, 22",3,Small
655dc87bb869c57421a5679d,"8c, 22c, 22, 29",4,Commercial
655e08b77591f12c7cdd9a0e,"8c, 20biib, 20, 43",4,Intermediate
655e1cfd9f1d23147656d0c6,"8c, 20biia, 20, 27",4,Small
655e1fe92dfc6cd4d7346831,"8a, 20a, 20",3,Cultivation
655e21502dfc6c24ee346f31,"20biia, 20",2,Small
655ec5be06246efda34851c3,"8c, 20biib, 20",3,Intermediate
655f2f65aa00361ac6d13da4,"8c, 20b",2,Intermediate
655f6eeb6591373dc6089c69,"8c, 20biia, 20",3,Small
656044d6b869c5c0b9b90a18,"8c, 20biia, 20, 43",4,Small
656044e29f1d23d3e166f8cc,"20biib, 20",2,Intermediate
65604d61b2948e19bfb884ad,"20biic, 20",2,Commercial
65608bf4b869c53dc4bb31b4,"8c, 20bii, 20",3,Intermediate
6560f5cb06246e741a5786fe,"8c, 20biib, 20",3,Intermediate
6561044b7591f11b15f35787,"8c, 20biib, 20",3,Intermediate
65610aff3f00b4b531a243b2,"20biic, 20, 27a, 27, 29",5,Commercial
6561fd4e659137665117ba7b,"8c, 20biic, 20",3,Commercial
656207bb87f23a00e00ddbae,"8b, 8c, 20ai, 20, 20bc",5,Cultivation
6562181c06246ef2905ec1ec,"8c, 20b, 20",3,Intermediate
65631cc12dfc6c648f5441c4,"8c, 20biia, 20",3,Small
65635c286591373c491df394,"20biib, 20",2,Intermediate
6563f1a67591f13b38031027,"8c, 20biia, 20",3,Small
65647d7706246e4aa96bc8d8,"8c, 20b, 20",3,Intermediate
6565c05b9f1d23611d868e4d,"8c, 20b, 20",3,Intermediate
656760fc3f00b46149c2e9a4,"20biib, 20",2,Intermediate
6567846c2dfc6c273f68fc34,"8c, 22a, 22",3,Small
656a3bdd5a7b2ff7df87344d,"337, 20biic, 20",3,Commercial
656ad5622dfc6c862e762102,"22c, 22, 28, 29",4,Commercial
656b6c40b2948e1002ee0e4f,"20biia, 20",2,Small
656d5c5c7591f1faf92daba4,"20biib, 20",2,Intermediate
656d9fc687f23a662e464b95,"8c, 20biib, 20",3,Intermediate
656e0a72f0ce38b7eff0095e,"8c, 20biia, 20, 27",4,Small
656eec1c3f00b46d1beb52e7,"8c, 20biia, 20",3,Small
656fd1d1b869c5e6420e7c0f,"8c, 22a, 22, 336",4,Small
65704464659137be2664bf2e,"8c, 20biib, 20",3,Intermediate
65721db4f0ce38374011f9d9,"8c, 21c, 21, 22c, 22, 29, 25, 27a",8,Commercial
6572f913461dac2f9e33b9dc,"20biic, 20",2,Commercial
657364762dfc6c1683b30356,"20biia, 20",2,Small
65738df1461dac3b68363fa8,"8c, 20biib, 20, 27b, 27",5,Intermediate
657409107591f196c9638fd3,"20biic, 20, 8c",3,Commercial
6574792006246ea798d15497,"8c, 20biib, 20",3,Intermediate
65757ed287f23a443c82c56a,"8c, 20biib, 20",3,Intermediate
6575f6c6461dac623747d54d,"8c, 20biia, 20",3,Small
6575fdd37591f1eaf26f95e7,"20biib, 20",2,Intermediate
6576a6059f1d23c8b4edcf8d,"20biib, 20",2,Intermediate
6576b2da0bf132d77386988f,"8c, 20biia, 20",3,Small
65772e4006246e106de0e7bc,"8c, 20b",2,Intermediate
65774b60b869c5d30b42136c,"20biia, 20",2,Small
6577a4b6461dac73f255d120,"8c, 20biia, 20",3,Small
65784b6e7591f143aa820d8c,"8c, 22c, 22, 29",4,Commercial
6578bcfdb869c5eae94cb477,"8c, 20biib, 20",3,Intermediate
65797a2cf0ce385a3945d605,"20biia, 20",2,Small
65797cbab2948eb80352150d,"8c, 20biib, 20",3,Intermediate
657a1b917591f15d848db0aa,"8c, 20biib, 20, 34",4,Intermediate
657a6d013f00b470484171f0,"8c, 20biic, 20",3,Commercial
657aa00087f23a9a21a77ba0,"20biia, 20",2,Small
657aacb69f1d2316e60d5bfa,"8c, 20biib, 20",3,Intermediate
657b13540bf132135fad5f80,"8c, 20biib, 20",3,Intermediate
657bd67ff0ce38496c581fd9,"8b, 8c, 20biib, 20",4,Intermediate
657be3747591f14dcb9bf063,"20biia, 20",2,Small
657becba1eeef16c1804612b,"20biic, 20, 120b",3,Commercial
657ca8bab2948e16166dba2a,"8c, 20biib, 20",3,Intermediate
657d4bdf1eeef13c4f1599f4,"20biic, 20",2,Commercial
657d52459f1d23997d257dec,"8c, 20biia, 20",3,Small
657d628d0bf132f65ebe4e1d,"20biib, 20, 27, 29",4,Intermediate
657d702e7591f1b646a881ad,"8c, 20biib, 20",3,Intermediate
657d94969f1d23be8b27e72c,"8c, 20biib, 20",3,Intermediate
657dae090bf1327c44c10f7b,"8b, 20a, 20, 20b1, 1",5,Cultivation
657db8a6b2948e5af778cb30,"20biia, 20",2,Small
657dde0e0bf13204a7c1db0f,"20biia, 20",2,Small
657eb87cede3d31fe4e5d9d8,"8c, 22a, 22, 27, 29",5,Small
657f232c6194a23c8854e39d,"8c, 20biia, 20",3,Small
657fff3da863c198650a207b,"17c, 17, 18a, 18",4,Commercial
65805633b86873b3617aeb3c,"8c, 20biia, 20",3,Small
65806f20b868737fcd7b8aea,"8c, 20biia, 20",3,Small
65807593a863c116420f1d01,"20biia, 20",2,Small
658087178a64d7e04d45d757,"8c, 20biib, 20",3,Intermediate
65810e38078547072824da96,"8c, 21b, 21",3,Intermediate
658110a7df23920f753d2928,"8c, 20biia, 20, 29",4,Small
6581ae94a863c1369c1938b4,"8c, 20biia, 20",3,Small
6582c210d29d2d614ca6ab36,"8c, 20b1, 1, 20iia, 20",5,Intermediate
6582cd15a74e71293f24037f,"8c, 20biia, 20",3,Small
6582e8d07ce64a715e756831,"8c, 20biib, 20",3,Intermediate
6584281c6d13709ed8ac48c8,"8c, 20biia, 20",3,Small
65842b22a863c18431305102,"8c, 20biic, 20",3,Commercial
65842b7ba74e714e0b2fbbdb,"20biia, 20, 8c, 27",4,Small
65845899a74e7177fd31bc01,"8c, 20biib, 20, 25, 29, 20b",6,Intermediate
65846b0fa863c162f63291ab,"8c, 20biic, 20",3,Commercial
65847ceb8a64d735b9689396,"8c, 20bii, 20",3,Intermediate
65848a8bac8ce73301a09f95,"20biic, 20",2,Commercial
6584974cb868733aef9e031c,"8c, 20biib, 20",3,Intermediate
6584fa5e7ce64a1638856c39,"20biib, 20",2,Intermediate
65850a24a863c12aa235a503,"8c, 22c, 22",3,Commercial
65857529a863c136533bc414,"8c, 20b2a",2,Small
65858aae078547744c50b46f,"8c, 20biia, 20",3,Small
6588224af50e97104fba8b8f,"8c, 20biia, 20",3,Small
6588517fef2180660cd3857f,"20biia, 20, 8c",3,Small
6588757d3094019958fa79af,"8c, 20biib, 20",3,Intermediate
658978cfbb5dde2bc32e6b41,"8c, 20biia, 20",3,Small
65899e487ef3e16fba94c7f2,"8c, 20biia, 20, 27",4,Small
65899e9bd268c4502c694f9c,"8c, 20biia, 20",3,Small
6589b5daef218017b4dd86fa,"20biia, 20",2,Small
6589bda2bb5dde0d6a2fb081,"8c, 22c, 22, 29",4,Commercial
6589bf047ef3e17ec79513a8,"8c, 22c, 22, 29",4,Commercial
6589c8967b9a3f1697411db1,"8c, 22c, 22, 29",4,Commercial
6589da15fe0c782539ecb8d3,"8c, 20biia, 20, 29",4,Small
658a552aa1e15672a0e07d1d,"8c, 20biib, 20",3,Intermediate
658ab235558fdcde5758bf63,"8c, 20biia, 20",3,Small
658ae28c7ef3e174169edead,"8c, 20biia, 20",3,Small
658ae799ef218005cde79f80,"8c, 20biia, 20",3,Small
658b128b7b9a3f06664bbd04,"8c, 20biia, 20, 29",4,Small
658b18c978c9cd22ea4afced,"20biia, 20",2,Small
658c190c0cbdce15e24ba607,"8c, 20biib, 20",3,Intermediate
658c19633a81ee5489b556cb,"20biia, 20",2,Small
658c407429e91ee33745c373,"20biic, 20",2,Commercial
658c45c865d71b1009869679,"8c, 21c, 21, 22c, 22, 29, 30",7,Commercial
658c5390cafbc29bf0661a6f,"8c, 22c, 22, 27",4,Commercial
658c5cd52d61db7c5600bfd0,"8c, 20biib, 20",3,Intermediate
658c7fde687216b31af71df9,"20biia, 20",2,Small
658cb282cafbc23a33669c4f,"8c, 20biib, 20",3,Intermediate
658cc0ff2d61dbf42103bb3e,"8c, 20biia, 20, 27",4,Small
658d1b5f2d61db1c07065914,"8c, 20biia, 20",3,Small
658d423ccafbc2b2d1742f76,"8c, 20biia, 20",3,Small
658d46dd3a81eeb8f1c1d13f,"8b, 8c, 20ai, 20, 20iia",5,Cultivation
658d6296ae7bd5d069a7452e,"20biic, 20, 8c",3,Commercial
658d9344a5a44044ce539e73,"20biib, 20",2,Intermediate
658dc944a5a440f7245447a9,"22c, 22",2,Commercial
658dd3c10cbdce7a395cf350,"20biia, 20",2,Small
658dd6762d61db17a60e481e,"20biia, 20",2,Small
658dddbb3a81eed3b4c6e48c,"8c, 22c, 22",3,Commercial
658deb2ca5a440e22c546e49,"182, 120b, 211, 34, 20biia, 20",6,Intermediate
658e382d2d61db3cd11116e9,"20biib, 20",2,Intermediate
658e7b22f1da1900658d9c78,"20biib, 20",2,Intermediate
658ea00d1b92142bd53c5b70,"8c, 22b, 22",3,Intermediate
658ead002d61dbf4af186a2e,"8b, 8c, 20ai, 20, 20biib",5,Cultivation
658eae05687216238a15af9e,"8c, 20b, 20",3,Intermediate
658edb56ac2d848610fec7be,"8b, 20ai, 20",3,Cultivation
658edf640cbdceb9e06b3db0,"20biia, 20",2,Small
658ef069f1da197ca3969b5c,"20biia, 20",2,Small
658f04606872166819190b40,"8c, 20bii, 20",3,Intermediate
658f1dc4a5a4402b2c62566e,"8c, 20biia, 20",3,Small
658f3e5d65d71b5ba1a4aaff,"420, 464, 468, 471, 489a, 489, 489c, 489d, 20biib, 20",10,Commercial
658f83713a81eef7bbd939f3,"20ai, 20, 29",3,Cultivation
659003c62d61db4669270320,"8c, 20biib, 20",3,Intermediate
6590125aae7bd57bc4c5921e,"8c, 20biib, 20, 34, 27",5,Intermediate
659022c80cbdceaec279c42d,"8c, 20b, 20",3,Intermediate
65904a7af1da1906f8a4ec34,"8c, 22b, 22",3,Intermediate
659053061b9214b56b4fe2f7,"20biia, 20",2,Small
65905534f1da190c3ea50ee8,"8c, 20biia, 20",3,Small
659074a5ae7bd577c7c873ea,"8c, 21b, 21, 29",4,Intermediate
659089ceae7bd5df40c881e5,"21b, 21, 8c",3,Intermediate
65911648a0263f96c2295cc2,"20biia, 20",2,Small
65914553f5333672e8e798f3,"8c, 20biib, 20",3,Intermediate
6591ab799520c72ee87e26fb,"20biia, 20",2,Small
6591d522fc83e259ef4c15a3,"20biia, 20, 21b, 21, 22b, 22, 406, 420, 21c",9,Commercial
65930ca8eec4a3f005d8667c,"8c, 20biia, 20",3,Small
6593925a33c530aa5d85b5f1,"27b, 8c, 20biia, 20",4,Small
65939620715412605e866269,"8c, 22b, 22, 29",4,Intermediate
659397b3dd6722fd39ea76fe,"8c, 20biia, 20",3,Small
6593c2bec5c22331e3d8b3fd,"8c, 20biic, 20",3,Commercial
6593c4879bb3f10ed9d04f25,"8c, 20biic, 20, 29",4,Commercial
6593f8b76e074171e2a3ef63,"20biia, 20, 27, 29",4,Small
65941b8dc5c223feb3e0138a,"8c, 20biia, 20",3,Small
6594356e6e07415b77a80f10,"20bc, 20, 20iia",3,Commercial
65945cc06e07411fe1a89ac2,"8c, 20biib, 20",3,Intermediate
6594c92a33c530146e9472b8,"8c, 22c, 22",3,Commercial
6594ce02eec4a374d7ed17c0,"8c, 20biib, 20",3,Intermediate
65956e2733c5308c559df64a,"8c, 20ba, 20, 27a, 27",5,Small
65959992c5c223d372efa506,"8c, 20biia, 20",3,Small
65962e1df398e983e79c8fb1,"8c, 22b, 22",3,Intermediate
65966435f398e915e2a09167,"8c, 20biia, 20",3,Small
65966f769bb3f1eff1ee5c96,"8c, 20biib, 20",3,Intermediate
6596bbe2c1b479c47e67043b,"8c, 20biia, 20",3,Small
6596bca733c530abb2ad0863,"8c, 20bii, 20",3,Intermediate
6596bddcf398e921baa5f693,"20biib, 20",2,Intermediate
6596d6196e074189fac61b8f,"8c, 20biia, 20",3,Small
65976e6d7d064fd70038d761,"20biib, 20",2,Intermediate
65980ef33e830a3fb65c3d29,"8c, 20biia, 20",3,Small
6598109a7d064fa2f244d829,"8c, 20biia, 20",3,Small
65988beeed6bf6a4bdd93a3f,"8c, 22b, 22, 27",4,Intermediate
65989ec91346336464bb907f,"8c, 20biib, 20",3,Intermediate
6598a1ac38a4c88d69013848,"8c, 20biib, 20",3,Intermediate
6598b136ed6bf6828ddbc054,"20biic, 20",2,Commercial
6598c9d93e830a95d16066bb,"8c, 20biia, 20, 29",4,Small
6598fac714c3e875d8cb9c8b,"20ai, 20, 20biib",3,Cultivation
659925b0ed6bf65188e1420a,"8c, 20b, 20",3,Intermediate
65993d6c81103102fb8a9b7b,"8c, 20bii, 20, 29",4,Intermediate
65994819134633ae9dc3df50,"8c, 20biia, 20",3,Small
659962a5ed6bf6e59ae56a5e,"8c, 20b, 20",3,Intermediate
659979f313463364f9c667fc,"20biia, 20, 27",3,Small
65997c613e830a55b66b5767,"8c, 20biia, 20",3,Small
659982c07d064fe1cb5405ef,"8c, 20biia, 20",3,Small
659991bbed6bf672b6e6eeee,"8c, 20biib, 20",3,Intermediate
659992516941f82a64dd1717,"20ai, 20",2,Cultivation
6599a8773e830a9bd26c6653,"20biic, 20",2,Commercial
6599b5b7d74bf82054caace2,"20biia, 20",2,Small
659adb47dfa3833ece686c32,"8c, 20b2a",2,Small
659af25045fc38bb78af0981,"20biib, 20",2,Intermediate
659b52ca38a4c831f119aa8e,"20biib, 20",2,Intermediate
659b53ff6b0132f5321a47b1,"8c, 20biia, 20",3,Small
659b7fe41346332f4dd41e29,"8c, 20biia, 20",3,Small
659b97e43e830a24d67b5462,"20b, 20, 20iia",3,Intermediate
659ba3fa45fc38a94db42e77,"8c, 20biib, 20",3,Intermediate
659bee9dd74bf86663dd42ca,"20biic, 20, 29, 34",4,Commercial
659c3a191346336906dc328d,"20biia, 20",2,Small
659c731913463342bcdc6f9c,"8c, 20biic, 20, 29",4,Commercial
659cb700ed6bf67dd801c261,"8c, 20biib, 20, 29",4,Intermediate
659cf1146b01320b0d27ab9a,"20biic, 20",2,Commercial
659d233a14c3e810f3f04510,"20bii, 20",2,Intermediate
659d419a14c3e82803f1ee82,"20iia, 20",2,Small
659d48c614c3e81bfaf22d61,"8c, 20biib, 20, 29",4,Intermediate
659d544e81103134cfad4e20,"20bii, 20",2,Intermediate
659d66e56941f85a05fec05d,"8c, 20biia, 20",3,Small
659d70dd6941f8e421fee90b,"8c, 20biib, 20",3,Intermediate
659d7ecb6b013257152d006a,"8c, 20biia, 20",3,Small
659d9179811031a2fdae2f32,"8c, 20biia, 20, 29",4,Small
659d9a628110317d3bae3f27,"20biia, 20",2,Small
659da5cbed6bf666020be168,"8c, 20biib, 20, 420, 77",5,Intermediate
659e3a06d74bf84e7cedba38,"8c, 21b, 21, 29",4,Intermediate
659e6bbaed6bf6a4ed13042c,"20biib, 20, 29, 8c",4,Intermediate
659ebdf5dfa3837435881d3d,"8c, 20biia, 20",3,Small
659ee52114c3e8597bfd8e40,"20biib, 20",2,Intermediate
659ef25c6b0132a4d836d01a,"8c, 20biib, 20",3,Intermediate
659fc8df6941f82646102bb4,"8c, 20biib, 20, 27, 29",5,Intermediate
65a01bed8110315ca6c2343b,"20biib, 20",2,Intermediate
65a030d338a4c822dd4086a6,"8c, 20biia, 20, 29",4,Small
65a036e4134633721bfbbf7c,"8c, 20biia, 20",3,Small
65a04a2c3e830a098da0e635,"20a, 20",2,Cultivation
65a04eea45fc388f1ed90631,"20biia, 20",2,Small
65a0d6266941f87c4f17157b,"8c, 20biic, 20",3,Commercial
65a0d6f97d064f105e8d9edc,"8c, 20biia, 20",3,Small
65a0f9c981103177bbc8bf87,"8c, 22c, 22, 27",4,Commercial
65a1002338a4c839ed47563f,"8c, 20biib, 20",3,Intermediate
65a129b91346333f2003d4a7,"8c, 20b, 20",3,Intermediate
65a18196ed6bf6931e2eaabb,"8c, 20b, 20",3,Intermediate
65a1879f38a4c841694bba72,"8c, 20biib, 20",3,Intermediate
65a18b9d7d064fb431941bf3,"8c, 20biia, 20",3,Small
65a19253ed6bf6181b2ec9bb,"8c, 20biib, 20",3,Intermediate
65a1ed6213463333bf0882f5,"8c, 20biia, 20, 27, 29",5,Small
65a2018257e4b01f1cce7b65,"20biia, 20",2,Small
65a24df9ebf814257695aa12,"20biic, 20, 8c",3,Commercial
65a2968674cb5be9ed8430bd,"8c, 20biib, 20",3,Intermediate
65a2ee78c97e2c7ae559cb3d,"20b, 20",2,Intermediate
65a39fc2ebf81484109ed09e,"20bii, 20",2,Intermediate
65a3c18ad6aa57b93f4025bd,"8c, 20b2b, 20b2a, 21, 25, 26, 27a, 27, 39",9,Intermediate
65a3dcc0ebf81482539fe97d,"8c, 20biic, 20",3,Commercial
65a3e1fea47ddfca6870dcc8,"8c, 20biia, 20",3,Small
65a3e5074f54fd51a83b7bdf,"8c, 20biic, 20, 29",4,Commercial
65a3ede6a47ddf6a957105f1,"8c, 20biia, 20",3,Small
65a3f518a47ddf0ac0711911,"20biib, 20, 8c",3,Intermediate
65a4257cddf0670208764e32,"20biib, 20, 27a, 27",4,Intermediate
65a459266cf30f49c8de5d96,"8c, 20biic, 20, 29",4,Commercial
65a5688d0ce7a43d01a2b98b,"20biib, 20",2,Intermediate
65a56c354f54fd60ce414ebf,"8c, 20biia, 20",3,Small
65a57d87d6aa57ff1e468f20,"8c, 20biia, 20",3,Small
65a6d796d6aa57bee94ff21b,"8c, 20biib, 20",3,Intermediate
65a779f2a47ddffa9b842fd2,"8c, 20biic, 20",3,Commercial
65a7d7dd6cf30f05d5f5f8ef,"20biib, 20",2,Intermediate
65a825a8d6aa5779f15b6ac5,"8c, 20biib, 20",3,Intermediate
65a87d78a47ddf83688c7fb8,"20biib, 20",2,Intermediate
65a89fdc41845c7a068a4d29,"8c, 20b, 20",3,Intermediate
65a8bf5574cb5b631ea81d8b,"20biic, 20, 8c",3,Commercial
65a8cd3c41845c73c58e03a2,20a,1,Cultivation
65a8d3d70ce7a46569bc5b26,"8c, 20b, 20, 29",4,Intermediate
65a916444f54fd12665e0188,"20ai, 20",2,Cultivation
65a92c05ddf067a4e89bb869,"8c, 21c, 21, 22c, 22, 27, 29, 468, 471, 420",10,Commercial
65a95204a47ddfeaf6960f72,"20biib, 20",2,Intermediate
65a9d22ba47ddf33f59957f4,"20biib, 20",2,Intermediate
65a9d6e2c97e2c21f98ad2a9,"8c, 21c, 21, 29",4,Commercial
65aa1866ebf81406f6cca7ad,"20biia, 20",2,Small
65aa2a710ce7a4cb9dcbbd2d,"8c, 20biib, 20",3,Intermediate
65aa6c1b6cf30f6aac0f872f,"20biia, 20",2,Small
65ab2fb774cb5b89e4c43553,"8c, 20biia, 20, 27, 29",5,Small
65abaf5bd6aa5756b984e36d,"8c, 20biib, 20, 29",4,Intermediate
65ac0c1b74cb5b9cc1e90f37,"8c, 20biib, 20, 27",4,Intermediate
65ac64f1c97e2c0c56c335ec,"20b, 20",2,Intermediate
65acada2a47ddf0e3bc9d7d8,"20biib, 20",2,Intermediate
65ad4b7157e4b08e1049dafc,"20a, 20, 202, 2",4,Cultivation
65ad6322379a43446dc3fbae,"20biia, 20",2,Small
65ae1b810ce7a47755025d51,"20biib, 20",2,Intermediate
65ae2d9de434d3437f67e463,"20biia, 20",2,Small
65ae6574d6aa57ca95ae6c17,"20biib, 20, 8c, 27, 29",5,Intermediate
65ae93d3ddf0672691ec1f9e,"8c, 20b, 20",3,Intermediate
65aec9c16cf30f804253d2f0,"8c, 20b",2,Intermediate
65af6095379a432794e16f90,"8c, 20biia, 20",3,Small
65af8cb80ce7a47a854ad080,"420, 8c, 20biic, 20, 29",5,Commercial
65afdf9957e4b05f4799321a,"20biia, 20, 27a, 27",4,Small
65afea9d74cb5b085d351535,"8c, 20biia, 20",3,Small
65afeefc57e4b0c66d997091,"8c, 20b, 20",3,Intermediate
65b01e644f54fd2174eae10d,"8c, 20biic, 20",3,Commercial
65b02de6a47ddf24941b3523,"8c, 20biib, 20",3,Intermediate
65b12bc24f54fd1cad02801a,"20biib, 20",2,Intermediate
65b14b4fa47ddf822737a731,"20biia, 20, 29, 8c",4,Small
65b2aef76cf30f01bfbfba6b,"20biia, 20",2,Small
65b376f857e4b066fcd9a394,"8c, 20biib, 20",3,Intermediate
65b3f2f1ddf0677a5d5f83b0,"20biia, 20",2,Small
65b3f41474cb5b334567e40d,"27a, 27, 20biia, 20",4,Small
65b4190c379a4347144e0a69,"8c, 20biib, 20",3,Intermediate
65b464ea379a43fa5150b6a4,"8c, 20bii, 20",3,Intermediate
65b48649c97e2c01255b1b26,"8c, 20biib, 20",3,Intermediate
65b4a40b57e4b009d1ead648,"8c, 20biic, 20, 29",4,Commercial
65b4daf8980a24e8580fe514,"20biib, 20, 8c",3,Intermediate
65b4e748c97e2cddcc77d695,"8c, 20biib, 20, 27",4,Intermediate
65b51e0c57e4b0c1d3fee29d,"20biia, 20",2,Small
65b542d5ddf06767f77ad6f4,"8c, 20biic, 20, 212, 29",5,Commercial
65b5c75aebf8143d63b117ec,"8c, 20biib, 20",3,Intermediate
65b65f6e379a4386516e5cef,"20biia, 20",2,Small
65b6ba1874cb5b5717962ec5,"20biib, 20",2,Intermediate
65b6eb124f54fd771a5fccba,"22b, 22, 8c",3,Intermediate
65b7559d379a4326cd766012,"8c, 20biia, 20",3,Small
65b8038cc97e2c65969a0672,"8c, 20iia, 20",3,Small
65b806a00ce7a4e317d04218,"8c, 20biib, 20",3,Intermediate
65b80ddd4f54fd4da47042c4,"20biia, 20",2,Small
65b8e0174a1242c595386808,"8c, 20biib, 20",3,Intermediate
65b9339e379a43bbef9b4fe7,"20biia, 20",2,Small
65b93ec1c935b5ba7186dd93,"20biib, 20",2,Intermediate
65b94d6bebf8147a6fdef92b,"29, 8c, 20biib, 20",4,Intermediate
65ba2ac5379a436012a73067,"20biib, 20, 8c",3,Intermediate
65ba6d30ebf814753bf4d81f,"8c, 20biia, 20",3,Small
65ba93ce4a1242fde955dcb3,"8c, 20biic, 20",3,Commercial
65baab9d74cb5baa2acd6987,"8c, 20biib, 20",3,Intermediate
65bab7f3ddf06771e9c515d3,"8c, 20biia, 20",3,Small
65bb7a0e6cf30f0c17404eb5,"8c, 20biia, 20",3,Small
65bbacb257e4b0152b504235,"20biia, 20",2,Small
65bbb945980a24f7bb770314,"8c, 20biia, 20",3,Small
65bbeaa557e4b03c9c515bd0,"20biia, 20",2,Small
65bc7c8c57e4b0654756b775,"420, 406, 8c, 22c, 22",5,Commercial
65bc8bc1ddf06732f7e15f58,"8c, 20biic, 20",3,Commercial
65bcb2d8c935b5f7a7b83598,"20biic, 20",2,Commercial
65bcc776379a43d6e1ce2284,"8c, 20biib, 20",3,Intermediate
65bcde51c97e2c135fe21655,"8c, 20biib, 20",3,Intermediate
65bcf567c97e2c7e3ce9c6d0,"27, 8c, 20biia, 20",4,Small
65bd1e164a124217f289e6bf,"8c, 20biia, 20",3,Small
65bd27664f54fd3b5fc6c93d,"8c, 20biic, 20",3,Commercial
65bd42680ce7a4b93c3575e7,"21b, 21, 22c, 22, 27, 8c, 29, 21a",8,Commercial
65bd44d3379a436a59e14b56,"8c, 20bii, 20",3,Intermediate
65be0c9d768d8ddb9fb51f1c,"20biia, 20",2,Small
65be36ea6cf30fabdd8b0efb,"8c, 20biia, 20",3,Small
65be3e844f54fd1063f3541d,"20biib, 20, 8c, 102",4,Intermediate
65be642d57e4b0a4c19c94e5,"20biib, 20, 8c",3,Intermediate
65be7a7cddf067edad22d297,"8c, 20biib, 20",3,Intermediate
65be890074cb5b475f2b0921,"20biia, 20",2,Small
65be9d70ddf0675c22231411,"8c, 20biic, 20",3,Commercial
65beaea0379a4385b50de55d,"8c, 20biib, 20",3,Intermediate
65bf9bbc768d8dea95ccc4e3,"8c, 20biib, 20",3,Intermediate
65bfb11957e4b0088fa5895c,"8c, 20biia, 20",3,Small
65bfb2480ce7a40223610da8,"8c, 20biic, 20",3,Commercial
65bfe27e768d8d6e8acddd31,"20biia, 20",2,Small
65c06002c935b5821f044df5,"8c, 20biib, 20",3,Intermediate
65c09e77379a43636a222255,"8c, 20biib, 20",3,Intermediate
65c0e90d379a438b8e285e15,"8c, 20biic, 20, 29",4,Commercial
65c1045f6cf30f9845a5e463,"8c, 20biia, 20",3,Small
65c190300ce7a4a7717738dd,"8c, 20biia, 20, 21b, 21, 21c, 22b, 22, 22c, 29",10,Commercial
65c20b7d74cb5bdd9c5c88fc,"8c, 20biia, 20, 27",4,Small
65c23ce9379a43194f3d463f,"20biic, 20",2,Commercial
65c245bd0ce7a45e7388dd1a,"8c, 20ai, 20, 20biia",4,Cultivation
65c24e56379a4337373e03f2,"8c, 20biia, 20",3,Small
65c2851febf81468797dbcbc,"8c, 20biia, 20",3,Small
65c2a7100ce7a42d638a0369,"20b, 20",2,Intermediate
65c2b007c97e2c2f9446ee65,"20biib, 20",2,Intermediate
65c2ba0f379a432ac43ef9a7,"8c, 20biia, 20, 27",4,Small
65c2dbf26cf30f8e28bd4238,"20biia, 20",2,Small
65c2dc23c97e2c07dc4b18a9,"8c, 20biia, 20, 27",4,Small
65c36c13379a43687559a76d,"8c, 20biib, 20",3,Intermediate
65c3ad9374cb5b77be787cc1,"20b, 20",2,Intermediate
65c3ae2674cb5b3a507881db,"8c, 20b, 20",3,Intermediate
65c3afa6c935b52363424dcb,"20biia, 20",2,Small
65c3bb8dddf067a9c4692c38,"20biib, 20",2,Intermediate
65c3bf6f768d8d43341f567e,"8c, 20biia, 20",3,Small
65c3d232768d8db0f91fc594,"20biia, 20",2,Small
65c3e767c935b5ef9a43187e,"8c, 20biia, 20",3,Small
65c3f6c7c97e2c69a161dc0e,"20biia, 20",2,Small
65c43716c97e2c932d648838,"20biic, 20",2,Commercial
65c4a678980a247335109d9c,"420, 406, 8c, 22c, 22",5,Commercial
65c4d50b57e4b00009f5099d,"8c, 20biia, 20",3,Small
65c4df3cddf067156e7a1c24,"8c, 20biib, 20",3,Intermediate
65c4ff0b6cf30fc08de0d561,"8c, 20b, 20",3,Intermediate
65c50064ebf81459b9a2aa60,"20biib, 20, 8c, 102",4,Intermediate
65c501fcc935b5c78c54a773,"8c, 20biic, 20, 25, 27a, 27, 29, 30",8,Commercial
65c52a9174cb5b50168c836b,"20a, 20",2,Cultivation
65c52cff57e4b0f4f5f6a3b1,"8c, 20biib, 20",3,Intermediate
65c52ffa57e4b01605f6a687,"8c, 20biib, 20, 27, 29",5,Intermediate
65c58fa3980a24e47718c7b3,"8c, 20b, 20",3,Intermediate
65c5c40aebf81437beacb036,"8c, 20biia, 20",3,Small
65c5ee64c97e2c18be7ea1da,"8c, 20biic, 20, 75",4,Commercial
65c62bde57e4b011710ace80,"8c, 20biia, 20",3,Small
65c63e2c6cf30f8587fe3669,"8c, 20biic, 20",3,Commercial
65c657da0ce7a4ba6fc5e8bf,"20biic, 20",2,Commercial
65c66eae379a43d54688fdb9,"20biia, 20",2,Small
65c674ac4f54fda80d64570e,"20biia, 20, 29, 8c",4,Small
65c68dd76cf30f64bffeee73,"8b, 20ai, 20, 20b",4,Cultivation
65c6e45974cb5bdec9a267b6,"29, 27, 20biia, 20, 8c",5,Small
65c71001768d8d663a4feadb,"8c, 20biia, 20",3,Small
65c73676980a24b7023efdac,"20biib, 20",2,Intermediate
65c7619f4f54fddc237e7dc5,"8c, 20biib, 20",3,Intermediate
65c771a56cf30f54761308d4,"8c, 20b, 20",3,Intermediate
65c79091c97e2cb94eaa19a4,"8c, 20biib, 20, 29",4,Intermediate
65c7a3c674cb5b5583bdac09,"8c, 20biib, 20",3,Intermediate
65c7b8fc980a242b594f2aa7,"8c, 20biic, 20",3,Commercial
65c8550fc97e2c2453adc902,"8c, 20biib, 20, 27b",4,Intermediate
65c8d568c97e2cecc2b0e5e7,"20biib, 20",2,Intermediate
65c8e58bddf0672942b65d69,"8c, 20biia, 20",3,Small
65c90f3757e4b06e153717d6,"8c, 20biic, 20, 29",4,Commercial
65c91074980a241ce056211f,"8c, 20biia, 20",3,Small
65c9220e379a434412aa8de9,"20biib, 20",2,Intermediate
65c9efc96cf30f7ddd24bce6,"20biia, 20",2,Small
65c9f46ac935b5b476951826,"8c, 20biib, 20",3,Intermediate
65ca06de379a433326b92521,"8c, 20biia, 20, 27",4,Small
65ca3c6f980a2454b665bfd2,"8c, 20b, 20",3,Intermediate
65ca45b7379a43dfd7bb8414,"8b, 20ai, 20",3,Cultivation
65ca709cebf8148b5eed445b,"8c, 21c, 21, 29",4,Commercial
65cb49454f54fdfe8a9e6fe8,"8c, 20biib, 20",3,Intermediate
65cb798574cb5b4072e2c23d,"8c, 20b, 20",3,Intermediate
65cbc457379a431ba3cc1aa2,"8c, 20biia, 20",3,Small
65cc70fe74cb5b36c7ed5a5f,"8c, 20biib, 20",3,Intermediate
65cd0869379a439235de6c02,"8c, 20biib, 20",3,Intermediate
65cdf31a74cb5bf60bfd2a5b,"20biib, 20",2,Intermediate
65ce547eebf814d0a41750a6,"20biic, 20",2,Commercial
65ce77cac935b5b60cc88bf9,"8c, 29, 20biib, 20",4,Intermediate
65ced9b7c935b51a3ccc27e4,"8c, 20biic, 20",3,Commercial
65cf8a90ddf067e468fcdc06,"8c, 20biic, 20",3,Commercial
65cfa1e0ebf814ecfd2672c9,"8c, 20biia, 20",3,Small
65cfa6386cf30f7cc161a0ea,"8c, 20biia, 20",3,Small
65cfd064c935b5bee8d5e4ec,"20biib, 20, 27",3,Intermediate
65d0263cc97e2caf44fd4de6,"8c, 20biia, 20",3,Small
65d0a8b874cb5b51501b5249,"20biia, 20, 8c",3,Small
65d0d07d6cf30ff7b070a763,"8c, 20biib, 20",3,Intermediate
65d0d87e980a241b79ac55a7,"8c, 20b, 20",3,Intermediate
65d18cdb379a4324830e231b,"8b, 20ai, 20, 8c, 20biib",5,Cultivation
65d23d73c97e2c05850f491e,"20biia, 20, 27",3,Small
65d2427e57e4b017f39b8933,"8c, 20biia, 20, 27",4,Small
65d3215f0ce7a435fc553382,"8c, 20biia, 20",3,Small
65d4276557e4b0cb6ead38e5,"370a, 3, 4, 5, 20biia, 20",6,Small
65d4c862379a435c2a313041,"8c, 20biia, 20, 27",4,Small
65d4ea28f7ffb3661d857260,"20biib, 20",2,Intermediate
65d52866c935b5c3050550cc,"20biib, 20, 8c",3,Intermediate
65d57723ddf0670f0c2e7440,"8c, 20biia, 20, 27",4,Small
65d5cc3e4f54fdd488035025,"20biia, 20",2,Small
65d6200974cb5bb22d4b7efd,"8c, 20ai, 20, 20biib",4,Cultivation
65d63b856cf30f5a829b06e9,"20biib, 20, 8c",3,Intermediate
65d64177c935b56d46110b85,"8c, 20biia, 20, 27, 29",5,Small
65d64ba4f13932a189c13e36,"20biia, 20",2,Small
65d73f80ddf067026e466a7d,"8c, 20biib, 20",3,Intermediate
65d77629ebf81462556f1752,"8c, 20biic, 20, 29",4,Commercial
65d7763c379a43b4ba4c4d28,"22b, 22, 8c",3,Intermediate
65d788516cf30f273babff99,"8c, 20biib, 20, 27, 29",5,Intermediate
65d7942374cb5b7f86585db5,"8b, 20ai, 20, 20b",4,Cultivation
65d7a030980a2431e7ed1237,"20biia, 20, 27, 8c",4,Small
65d7b38b4f54fd6e71163e11,"8c, 20biib, 20",3,Intermediate
65d7c1f14f54fdda8a164189,"8c, 20biia, 20, 27, 29",5,Small
65d7fc47c935b5102c232aa0,"8c, 20biia, 20, 20biib, 21c, 21, 27",7,Commercial
65d88d220ce7a44b5c85217d,"8c, 20biia, 20",3,Small
65d89ca30ce7a4216f85d3b6,"8c, 20b",2,Intermediate
65d8b26d74cb5be596616d3d,"8c, 20biia, 20",3,Small
65d8f5ffddf067aa32548514,"8c, 20biia, 20, 27",4,Small
65d90780c935b506572adb11,"8c, 20biia, 20",3,Small
65d9c82dc935b521b935c429,"8c, 20biic, 20",3,Commercial
65d9eb4957e4b0f6f4ebdd71,"8c, 20biia, 20",3,Small
65da499c0ce7a419649974f6,"8c, 20biic, 20",3,Commercial
65da5cf4ddf067d595678b19,"8c, 20biia, 20",3,Small
65da8ff1ebf8146bfd89f833,"8c, 20bii, 20",3,Intermediate
65db34094f54fdade13bb584,"8c, 20biib, 20",3,Intermediate
65db5d8e74cb5b952477f25e,"8c, 20biia, 20",3,Small
65db75e874cb5b78a3782cb2,"8c, 21b, 21, 29, 25, 27a, 27",7,Intermediate
65db8fec379a43554d6fedab,"8c, 20biia, 20, 27b, 379, 420, 80a, 80, 181",9,Small
65db940cf13932e5edfa78fb,"8c, 20biib, 20",3,Intermediate
65db94300ce7a43596a39f50,"20biia, 20, 8c",3,Small
65db9b10980a2436f0140d55,"20b, 20",2,Intermediate
65dba7216cf30fe4c8ca9300,"8c, 20biia, 20",3,Small
65dcd43a0ce7a45519b08519,"8c, 20biia, 20",3,Small
65dcdf76ebf81444f599458c,"8c, 20biic, 20, 29",4,Commercial
65dd29cc6cf30f5a74db355a,"8c, 20biia, 20",3,Small
65dd98716cf30f4d4ae26f8b,"8c, 20biia, 20",3,Small
65dda920980a2477d22ab2f1,"20biia, 20, 27",3,Small
65ddc199980a2434082cc2a5,"8c, 20biib, 20",3,Intermediate
65ddc41974cb5b2b3d9170e4,"8c, 20biib, 20",3,Intermediate
65ddd517379a430f3a8b5bfa,"8c, 20biic, 20, 29",4,Commercial
65ddeada6cf30f1532e6ff46,"8c, 20biia, 20",3,Small
65de1e536cf30f95c3e82c51,"8c, 20biib, 20, 27",4,Intermediate
65de532cc97e2c312d878b16,"8c, 20biib, 20",3,Intermediate
65de7f026cf30f6d5ceb3dda,"8c, 20bii, 20",3,Intermediate
65deeff16cf30f84b9f39a15,"20biib, 20, 8c",3,Intermediate
65defa4a980a247e2e3ad8ca,"20biia, 20",2,Small
65df3b12980a2408f0428bdd,"8c, 20biia, 20",3,Small
65df4a276416f157c255d604,"8c, 20biia, 20",3,Small
65df9773379a438e4e9da6af,"8c, 22b, 22, 27, 29",5,Intermediate
65dfcbdfddf06734b0a5205d,"8c, 20biib, 20",3,Intermediate
65dfe9db980a2451d546e739,"8c, 20biia, 20",3,Small
65e053c46cf30f0017051bca,"20biib, 20",2,Intermediate
65e05bc2ddf06771f9acebd4,"8c, 20biia, 20, 27",4,Small
65e0aec374cb5b44a0b7845e,27,1,Small
65e0b654980a24851c550cce,"20biic, 20",2,Commercial
65e0bb0b6cf30f3d760b201b,"8c, 20biia, 20",3,Small
65e0c6896cf30f37720b5323,"20biia, 20",2,Small
65e190b074cb5b46b3bf307b,"20biia, 20",2,Small
65e1b50dddf06702ddbb61b8,"8c, 20biib, 20",3,Intermediate
65e1d0f474cb5b131dc3ecc2,"8c, 20biia, 20, 27, 29",5,Small
65e1dc8296f6c363c62fe099,"20biib, 20",2,Intermediate
65e1e9b66cf30f3c5617b570,"8c, 20bii, 20",3,Intermediate
65e2058addf067f87abfe115,"20a, 20",2,Cultivation
65e22f700ce7a4da62f4c2a1,"8c, 20biia, 20, 78",4,Small
65e233080ce7a43308f4c6cc,"20biic, 20",2,Commercial
65e23a92980a24323b657071,"8c, 22c, 22, 27, 29",5,Commercial
65e30669ddf067ba27c89694,"8c, 20biia, 20, 27",4,Small
65e3726e57e4b023fa50cead,"8c, 20biic, 20, 29",4,Commercial
65e38042ddf06705d3cbf465,"8c, 20b, 20, 27b",4,Intermediate
65e380f6c97e2c503cc42d49,"20biib, 20",2,Intermediate
65e421c8980a241fcc75145f,"8c, 20biia, 20, 27b, 27",5,Small
65e4c973c935b52f95a2b17b,"8c, 20biib, 20, 29",4,Intermediate
65e521d04f54fd9686a15f87,"8c, 20biia, 20",3,Small
65e53fa8c97e2c418ccf7497,"8c, 20biia, 20, 27",4,Small
65e56411c97e2c7929d0b7b4,"8c, 20biib, 20",3,Intermediate
65e5ee90c97e2c2453d7beac,"8c, 20b, 20",3,Intermediate
65e609f5ddf0671ef8e0aeca,"8c, 20biib, 20, 409",4,Intermediate
65e6690e74cb5b688ae8ad07,"8c, 20biia, 20",3,Small
65e70e894f54fd2174b99cfb,"8c, 20biib, 20, 27",4,Intermediate
65e70ebf74cb5b527af1fb02,"8c, 20biia, 20, 27b",4,Small
65e711b2379a43f79ceb5158,"8c, 20biib, 20",3,Intermediate
65e71ad196f6c311a064f82c,"8c, 20biia, 20",3,Small
65e76a0cc935b5656bc07e08,"8c, 20biic, 20",3,Commercial
65e7f9d00ce7a423ea28552b,"8c, 20biia, 20, 27",4,Small
65e8133c57e4b0b2bd7ce98d,"8c, 20bii, 20",3,Intermediate
65e869a2379a43b46cfc0e4d,"8c, 20biib, 20",3,Intermediate
65e8df9dc97e2c4476f492ac,"20biia, 20",2,Small
65e920db4f54fd96f4cc07b5,"20biia, 20",2,Small
65e985b074cb5b13110c4a51,"8c, 20b, 20",3,Intermediate
65e98fe7ebf814b60d198644,"20biib, 20",2,Intermediate
65e9df62c935b581f0daf4f7,"8c, 20biia, 20",3,Small
65ea23bd0ce7a4dcdc3d77c0,"20biia, 20",2,Small
65ea2ddd4f54fd6235d5a55a,"29, 20biia, 20",3,Small
65ea9192379a436cf90c17af,"8c, 17b, 17, 27, 29",5,Intermediate
65ea9b30980a247fd3b04ade,"8c, 22b, 22, 27",4,Intermediate
65ec47d496f6c3a65a96fc26,"8c, 20a1, 1, 20bii, 20",5,Cultivation
65ed0cd4ddf067f1241d0b61,"8c, 20biic, 20",3,Commercial
65ed1e7d74cb5b940b25aaa5,"8c, 22b, 22",3,Intermediate
65edfbc5ebf814454536b9bb,"8c, 20biic, 20",3,Commercial
65ee0252ddf06757402259b7,"120b, 307, 34, 20bii, 20",5,Intermediate
65ee5b2a57e4b08899af1f5d,"20biia, 20",2,Small
65ef308c980a2438ddd25d51,"8c, 20biia, 20, 20biib, 27",5,Intermediate
65ef320096f6c37efeb346a8,"20b, 8c",2,Intermediate
65efb80d74cb5b41b43b07a0,"8c, 20biib, 20",3,Intermediate
65efc83d74cb5bcb663b1c07,"8c, 20biib, 20",3,Intermediate
65efe9e46cf30fe7628dc78d,"8c, 22c, 22",3,Commercial
65f0e97635856e1731b39dc1,"20biib, 20",2,Intermediate
65f12c0a4f54fd9c080ac037,"20biib, 20",2,Intermediate
65f1b710379a430476475ce4,"20biia, 20, 8c",3,Small
65f1c3ed74cb5bc3424d50dd,"20biib, 20",2,Intermediate
65f1dd0aebf814e7d05abbaf,"8c, 20biic, 20, 29",4,Commercial
65f1ffd835856e278cbd06f2,"8c, 20biic, 20, 27, 29, 27a, 25",7,Commercial
65f23ef24f54fd66b316f11c,"8c, 20biic, 20",3,Commercial
65f2720b35856e1669c04fd9,20,1,Small
65f2b161c935b57d941e5eef,"8c, 20biia, 20",3,Small
65f2b2d14f54fdec921abe76,"8c, 20biib, 20",3,Intermediate
65f2b66757e4b04925d5c757,"20b2a, 9",2,Small
65f2c3ee35856e3f27c4c243,"20biia, 20, 8c",3,Small
65f346d974cb5b2fff5a9dfa,"8c, 20biib, 20, 29",4,Intermediate
65f349ae4f54fd88bb20bebe,"8c, 20biia, 20",3,Small
65f34f25c97e2c0eab548b20,"20biic, 20, 8c",3,Commercial
65f3a9074f54fd3aa3238c38,"8c, 20biic, 20, 29",4,Commercial
65f3d4fdddf067030657b0c9,"8c, 20biib, 20",3,Intermediate
65f3d6ab6cf30f089ab0e09b,"8c, 20biib, 20",3,Intermediate
65f3e6d435856e78eacf6057,"20biic, 20, 29, 8c",4,Commercial
65f46304c97e2ccf6f612f4c,"8c, 20biia, 20",3,Small
65f48528980a2404e908afc2,"8c, 20biib, 20",3,Intermediate
65f49a7aebf814e33b751065,"8c, 22a, 22, 27",4,Small
65f5669d0ce7a42e269ee652,"20biib, 20",2,Intermediate
65f56fe435856e1e58e2f19f,"8b, 20ai, 20",3,Cultivation
65f59858ebf8146f2d7f5b71,"8c, 22c, 22, 29, 27a, 27",6,Commercial
65f5b1af35856e48fae6a1ed,"8c, 20biia, 20",3,Small
65f5db75ddf06783d36d5f5e,"8c, 20biic, 20, 27, 29",5,Commercial
65f6ba8074cb5b50bc785fce,"8c, 20biic, 20, 27a, 27, 29",6,Commercial
65f6cbc157e4b069bffbcb42,"8c, 20biib, 20",3,Intermediate
65f74cc0ebf814ad5689b405,"8c, 20biib, 20",3,Intermediate
65f74db074cb5b5cbc7b4825,"20biia, 20",2,Small
65f796cfddf06717ab78d40a,"8c, 18b, 18, 27b",4,Intermediate
65f87c04c935b5541e56df36,"8c, 20biic, 20, 27, 29",5,Commercial
65f88310379a43cbe9841fcd,"8c, 20biia, 20",3,Small
65f89f0b379a431270844e38,"20biia, 20",2,Small
65f8fee957e4b0fa55115049,"8c, 20biia, 20",3,Small
65f92b1e980a245198327141,"20biib, 20",2,Intermediate
65f96f7cc935b55afc647b6f,"8c, 22b, 22",3,Intermediate
65f9765e379a4304c7912abc,"8c, 20biia, 20",3,Small
65f99f96ddf067bb5d95ffd5,"22a, 22, 8c, 34e, 34",5,Small
65f9a3190ce7a402f7cb1be2,"22a, 22, 8c, 34e, 34",5,Small
65f9aabc379a43151794ef72,"34e, 34, 22a, 22, 8c",5,Small
65faac0157e4b0940d289edd,"8c, 20biib, 20",3,Intermediate
65fb2f84ebf814582bb5f494,"20biia, 20, 8c",3,Small
65fc1d2bddf067f58daf27d2,"34e, 34, 22a, 22, 8c",5,Small
65fc5087c97e2c1305b92f2a,"34e, 34, 8c, 22a, 22",5,Small
65fc52cf379a4346cdaf40a7,"34e, 34, 22a, 22, 8c",5,Small
65fc52f2c935b55fa886dc30,"20biib, 20, 8c, 102",4,Intermediate
65fc7262c935b554678762e7,"34e, 34, 22a, 22, 8c",5,Small
65fcaa1474cb5b5f37b8c629,"8c, 20biia, 20",3,Small
65fcbffd0ce7a40c25ea7ddd,"22c, 22, 29, 8c, 201",5,Commercial
65fd35f96cf30f8bd416ea06,"20biia, 20, 109",3,Small
65fd6f8941c6f05db1013deb,"20biia, 20",2,Small
65fd72e041c6f038040177a2,"20biib, 20",2,Intermediate
65fd8edc4f54fd3ea29275f4,"8c, 20biia, 20",3,Small
65fda18febf814087cd62575,"8c, 20biib, 20",3,Intermediate
65fda56374cb5bb179c73c35,"8c, 20biia, 20",3,Small
65fda8ef0ce7a4584df7eb04,"34e, 34, 22a, 22, 8c",5,Small
65fdd46d980a24e7726c36f6,"8c, 20biib, 20, 379, 34",5,Intermediate
65fddb8457e4b05dd84fcebb,"8c, 20biib, 20, 29",4,Intermediate
65fdeed8ddf0674020c35140,"8c, 22c, 22, 27",4,Commercial
65fe721a0ce7a4534afeef03,"8c, 20biic, 20",3,Commercial
65fe72930ce7a47737feffee,"8c, 20b, 20, 102",4,Intermediate
65fe97d44f54fd966a9fdbe8,"8c, 20biib, 20",3,Intermediate
65fea873c935b5859da468ac,"20biib, 20",2,Intermediate
65fece6e4f54fd65fca3afa4,"8c, 20biia, 20",3,Small
65fed00141c6f013ee14f89c,"20biib, 20, 8c, 102",4,Intermediate
65fee9f0379a4343e1d1237a,"8c, 20biib, 20",3,Intermediate
65ff073ac935b5a920a993aa,"3762n, 376, 2, 5, 2012, 6, 29",7,Small
65ff075ac935b535e7a994a4,"8c, 20biic, 20",3,Commercial
65ff4c5bc97e2c769ad9a02b,"8c, 20biib, 20",3,Intermediate
65ff72f9ebf8147188e8805a,"8c, 22c, 22, 20biia, 20, 27",6,Commercial
66001e3fc935b5369fb6aaed,"8c, 20biib, 20",3,Intermediate
66002ab60ce7a434ad1423d1,"8c, 20biib, 20",3,Intermediate
66004eb1c97e2c2d0be3c96d,"20biib, 20",2,Intermediate
660053bf6cf30f32b3396fd0,"20biib, 20",2,Intermediate
660069ab0ce7a415a515723d,"8c, 20biia, 20",3,Small
66006f10980a2437e588a012,"20biib, 20, 8c",3,Intermediate
66009a4741c6f024b4253ce4,"8c, 22c, 22, 29",4,Commercial
66013f5e74cb5b74c1e731d6,"8c, 20biib, 20",3,Intermediate
66017043c935b550e7c0e24d,"8c, 20biic, 20, 29",4,Commercial
66017829c935b50aa3c13e10,"20bii, 20",2,Intermediate
6601870157e4b01a3276657d,"8c, 22c, 22, 29",4,Commercial
6601a6890ce7a42e631f7316,"20biia, 20",2,Small
6601d84eebf81441bffd97a2,"8c, 17b, 17, 27, 29",5,Intermediate
6601df7b0ce7a4cffe2007f4,"20biia, 20, 29, 582, 58, 2",6,Small
6602438f57e4b055687ac5da,"8c, 20biia, 20, 27",4,Small
6602c32b41c6f01d72473ba9,"20biia, 20",2,Small
6602e1f8c97e2c512a03a753,"8c, 20biia, 20",3,Small
660316644f54fd1c0bd31ac3,"20biia, 20",2,Small
66033f3c6cf30f08425916ad,"20biic, 20",2,Commercial
6603844ac97e2c194e07f4f3,"8c, 20biib, 20, 34",4,Intermediate
660422336cf30fac896b70b7,"20biia, 20",2,Small
660454b90ce7a454da506dc0,"8c, 20biib, 20",3,Intermediate
6604f15b41c6f0059164c59f,"20biia, 20",2,Small
66050c12980a242173cb54c9,"8c, 20biic, 20",3,Commercial
66056f6e41c6f02d3274450f,"8c, 20biia, 20, 27",4,Small
660583e3ebf8143a2b3e9e73,"8c, 20biia, 20",3,Small
66059c540ce7a4f590675079,"20biib, 20",2,Intermediate
6605afe7ddf06789902c025b,"20biib, 20, 27",3,Intermediate
66063bf94f54fd2c93087326,"8c, 20b, 20, 102",4,Intermediate
660677ecddf067ac81350e6c,"8c, 20biia, 20",3,Small
6606998d379a43c3bb3adb14,"8c, 20biia, 20",3,Small
6606edf2c97e2cc12f405c4e,"8c, 20biia, 20",3,Small
6606fd92ebf81476ff50e6dc,"8c, 20biia, 20",3,Small
66070d4cc97e2c105640fc8c,"20b, 20",2,Intermediate
6607a24474cb5b5aaf4d739d,"8c, 22b, 22, 29, 27a, 27",6,Intermediate
6607b3dfddf06771384861e5,"20biia, 20",2,Small
6607d565ddf067ada84cc269,"8c, 20biib, 20",3,Intermediate
6607e1d457e4b00355d85b3e,"8c, 20biib, 20, 29, 27",5,Intermediate
6607e278b6e811f998abd09e,"8c, 20biia, 20",3,Small
6607f8cc57e4b00fe6dd6b98,"20biia, 20",2,Small
66085dba379a43aeac571428,"8c, 20biia, 20",3,Small
66085e44c935b52ae3378c87,"22a, 22, 8c, 34e, 34",5,Small
660895cd379a4320d2573b3e,"8c, 20biib, 20, 27a, 27, 29, 34",7,Intermediate
6608ed96379a4307eb5bdbd3,"20biib, 20, 8c, 102",4,Intermediate
6608fdacc935b596a63e6d3d,"20biib, 20, 27, 29",4,Intermediate
660902f36cf30fff14b9bf6d,"324, 34, 27b",3,Small
66090aad6cf30fbd74ba6d77,"8c, 20biic, 20, 29, 128, 177",6,Commercial
660928a84f54fda0703d76ca,"34e, 34, 8c, 22a, 22",5,Small
660965e6ddf0678a0c668ddd,"8c, 20biia, 20, 27",4,Small
6609fc3b980a24e5571870dc,"20biia, 20",2,Small
660a4defb6e8112dfcd2a9c5,"8c, 20biib, 20",3,Intermediate
660a5d78980a244bbe243eea,"20biib, 20, 8c",3,Intermediate
660a7834ebf814f64b8bcfac,"8c, 20biib, 20",3,Intermediate
660aaf33980a2447e32ac824,"8c, 20biic, 20",3,Commercial
660aaf7e4f54fd7bb05656ed,"20biib, 20",2,Intermediate
660ae97b74cb5b642386754f,"8c, 20biib, 20",3,Intermediate
660aeff0b6e8115acbe2c4fd,"457, 380, 20biic, 20, 32, 411",6,Commercial
660b453a74cb5bad5189b6c7,"8c, 20biib, 20, 27, 25",5,Intermediate
660b95e76cf30f37c4db5c11,"8c, 20biib, 20",3,Intermediate
660c09696cf30f4570e7f8d7,"8c, 20b, 20",3,Intermediate
660c1bb6980a249c70403a40,"20biib, 20",2,Intermediate
660c260d379a43eeec8ef2d3,"8c, 20biia, 20, 27",4,Small
660c2c5bc935b5af30777dcf,"272, 273, 22",3,Small
660c3f19ddf0675d7d963c63,"8c, 20biib, 20, 29",4,Intermediate
660c4e214f54fd0d1775d60c,"8c, 20biia, 20",3,Small
660c6c9657e4b018e61b98e5,"8c, 20biib, 20",3,Intermediate
660c720e57e4b0486f1b9ea7,"8c, 20biib, 20",3,Intermediate
660c7649379a43253c8fc491,"8c, 20biib, 20",3,Intermediate
660cac7fb6e811a7630406f3,"20biia, 20",2,Small
660cd6ab74cb5bf485a2706e,"8c, 20biib, 20, 27",4,Intermediate
660cdb26b6e811420b04bf31,"8c, 22c, 22, 29",4,Commercial
660d3940b6e811157f1411ff,"20biia, 20",2,Small
660d8204379a43fb469fd639,"8c, 20biia, 20",3,Small
660d9eadddf067e804a93727,"8c, 22c, 22",3,Commercial
660da5aa980a2443ac5536e3,"8c, 20biic, 20, 22c, 22, 27",6,Commercial
660dacd674cb5b49ddb162b3,"20biib, 20",2,Intermediate
660dfa694f54fd15ba8ce7f9,"20biia, 20",2,Small
660e789e6cf30f533b0cc53d,"8c, 20biib, 20",3,Intermediate
660eb227980a247378678440,"20biia, 20",2,Small
660ec0f5c935b5a33ca065e1,"8c, 20bii, 20, 27",4,Intermediate
660ece1557e4b0a725421ed0,"20biia, 20",2,Small
660ecf5b4f54fd0f279b2850,"8c, 20biia, 20",3,Small
660ed73dddf0670377ba5046,"8c, 20biia, 20, 27",4,Small
660f1bcab6e811342d2e73ee,"8c, 22c, 22, 29",4,Commercial
660fadf2c935b57ac4a9f78f,"8c, 20biic, 20",3,Commercial
66100b2a57e4b08640525510,"20biia, 20",2,Small
66101929c97e2c23b6cbd53c,"20ai, 20, 8b",3,Cultivation
661039ee6cf30f1b1a250b62,"8c, 20biia, 20",3,Small
66105643ebf814e2e4e08e17,"8c, 21c, 21",3,Commercial
6610f661ebf8142c05ed6c3c,"20biia, 20",2,Small
661145ca980a24ecb692c03c,"8c, 20biia, 20",3,Small
6611794bebf814d711f57c57,"8c, 20biic, 20, 27a, 27, 29",6,Commercial
6611901c6cf30fd04437c423,"8c, 20biia, 20, 27, 29",5,Small
66119ed2c97e2c066de5d61d,"8c, 20biic, 20",3,Commercial
66126d76b6e81128b95f37d6,"8c, 20biia, 20, 27",4,Small
661351ed57e4b02a2f787809,"8c, 20biib, 20",3,Intermediate
661398e0379a433c5aef379e,"8c, 20biic, 20, 29",4,Commercial
66141f3f0ce7a415ce47f3cb,"8c, 20biia, 20",3,Small
6614329d379a4364b3fe9d64,"8c, 20b",2,Intermediate
6615307f6cf30f54fd600af5,"8c, 20biib, 20",3,Intermediate
66154879ebf814b9001b9aa9,"20biia, 20",2,Small
66156d45ebf81455b01c4890,"8c, 20biib, 20",3,Intermediate
66156f3bc97e2cea780d73e1,"8c, 20biib, 20",3,Intermediate
661582590ce7a4300a51aec1,"15, 29, 8c",3,Small
661583bbebf814820b1c8be4,"20biib, 20",2,Intermediate
66159d661f8fc710d51af8e8,"8c, 21b, 21, 29",4,Intermediate
6615a34c4f54fdb735ee7845,"8c, 22b, 22, 20biia, 20, 29",6,Intermediate
6616b80157e4b05b84a24de2,"394, 8c, 20biia, 20, 27",5,Small
6616c22c6cf30f0ee971389e,"8c, 20biib, 20",3,Intermediate
6616de55980a24b388d38fbd,"8c, 20biib, 20",3,Intermediate
6616e7510ce7a4d96a64104c,18,1,Small
6616e96fddf06753d82175f5,"8c, 22c, 22",3,Commercial
6617f1d6379a4354f429f971,"8c, 20ai, 20, 20biia",4,Cultivation
6617f39ec935b53c3412b4f1,"8c, 20biib, 20",3,Intermediate
661800bf6cf30f21b97c17cc,"8c, 20biib, 20",3,Intermediate
66181ca64f54fd30270fe7e2,"20iia, 20",2,Small
6618da1dc97e2c3af3302dab,"8c, 20biib, 20, 29",4,Intermediate
6618fe9fc935b566971cb165,"8c, 20biib, 20",3,Intermediate
66190264980a24abbce7f4c5,"8c, 20biib, 20",3,Intermediate
66193475ebf81410ea481a1f,"8c, 20biia, 20, 22c, 22, 29, 34a, 34",8,Commercial
661943b657e4b07f5bbbcf7a,"8c, 20biib, 20",3,Intermediate
6619478574cb5bffe14725d2,"20biia, 20",2,Small
66196078c935b553dc225678,"8c, 20biia, 20, 27",4,Small
6619689074cb5becee481244,"8c, 20biib, 20, 27",4,Intermediate
66196bb6980a2437dced589e,"20b, 20, 20iia, 27",4,Intermediate
66197beaebf8144baf49fbc4,"20biia, 20",2,Small
6619aa470ce7a4208380959a,"8c, 22c, 22, 29, 34a, 34",6,Commercial
6619e9bc57e4b005aebfd797,"8c, 20biib, 20",3,Intermediate
661a42bb0ce7a4233289fd21,"8c, 20biib, 20, 27a, 27, 29",6,Intermediate
661a5ef84f54fdff102e54f0,"8c, 27, 20biia, 20",4,Small
661a73dd6cf30f18fda0fc44,"8c, 20biia, 20",3,Small
661a83fd980a249065fe3640,"8b, 20ai, 20",3,Cultivation
661a84dd0ce7a440498eee03,"8c, 20biib, 20, 27, 29",5,Intermediate
661a950a379a431ace4b3844,"8c, 20biia, 20",3,Small
661a97cbc935b5054438094f,"8c, 20biib, 20, 29",4,Intermediate
661aa080ddf0679fdc4df739,"20biia, 20",2,Small
661b2d3e57e4b03283d5459f,"8c, 20biib, 20, 27",4,Intermediate
661b9eeeebf814763964082a,"8c, 20biib, 20",3,Intermediate
661be2dfc935b598f042bc05,"8c, 20biia, 20, 27",4,Small
661c2943ddf067788c5a1c23,"8c, 20biia, 20",3,Small
661c453ac935b599ce43d1ee,"8c, 20biic, 20, 29",4,Commercial
661cb6074f54fdd085417f8d,"8c, 20biib, 20",3,Intermediate
661d2c646cf30ff369c260d6,"8c, 20biib, 20",3,Intermediate
661d55b3980a24fcdc1fae78,"8c, 20biia, 20",3,Small
661d685957e4b0c6a9f1364e,"8c, 20biia, 20",3,Small
661d75ad6cf30f8d38c43a66,"8c, 20biia, 20",3,Small
661e05cdb91e85547433c1fc,"8c, 22b, 22, 22c, 27, 29",6,Commercial
661e06d96cf30f2a74c81f88,"8c, 20biia, 20",3,Small
661e82ca379a43f17e732717,27,1,Small
661ea19cc97e2ce6b478efd9,"8c, 20biib, 20",3,Intermediate
661ea4714f54fd9bd1624745,"8b, 8c, 20a, 20, 20biic",5,Cultivation
661ecbd557e4b0e0ec00a9da,"8c, 20biia, 20",3,Small
661ef8e4c97e2c2419798667,"8c, 20biia, 20",3,Small
661f35e474cb5bb3dc8ebaf4,"8c, 20biia, 20",3,Small
661f6b3eebf81403b9932840,"8c, 20biia, 20",3,Small
661fb65eddf067f598894159,"8c, 22b, 22, 27",4,Intermediate
661fca760ce7a43996cbfe7e,"20biia, 20, 8c",3,Small
661fdfe374cb5bba709547d4,"20biia, 20, 8c",3,Small
66208055980a246a754376b5,"8c, 22c, 22, 29",4,Commercial
66210cdfc935b54e7a865ffb,"8c, 20biib, 20",3,Intermediate
6621478357e4b0712f25daf2,"20biia, 20, 8c",3,Small
66214b35980a248d655edf1e,"8c, 20biic, 20",3,Commercial
66216411980a2463755f3d07,"34e, 34, 22a, 22, 8c",5,Small
66218fae74cb5b3026aa4dbb,"8c, 20biia, 20, 27",4,Small
662298ceddf0675d8cb34222,"8c, 20biib, 20",3,Intermediate
6622a38a379a4350b89e6251,"20biia, 20",2,Small
6622a7ba74cb5b3874b6fd17,"34a, 34, 8c, 22a, 22",5,Small
6622a9651bd38827f34e2271,"34a, 34, 8c, 22a, 22",5,Small
6622aafeddf0673677b396e1,"34a, 34, 8c, 22a, 22",5,Small
6622e4471bd388c8444e8d21,"8c, 20biib, 20",3,Intermediate
66233b05c935b580059ba0b6,"20biia, 20",2,Small
6623a4277a085f85488fe669,"8c, 20biib, 20",3,Intermediate
6623bbca988a1b5ad1df3b83,"20biib, 20, 8c, 102",4,Intermediate
6623de9f7a085f1c7a990a0c,"8c, 20biic, 20",3,Commercial
6623eb4720f0a101e24e6384,"8c, 20biib, 20, 27",4,Intermediate
6623f0f2988a1bfc42e110d1,"8c, 20biib, 20",3,Intermediate
6623f29f6008ab758bf04e7f,"8b, 20ai, 20",3,Cultivation
662482f97a085fa9ca9cee48,"8c, 20biia, 20",3,Small
6624f00b81a1f670a11f5b78,"8c, 20biib, 20",3,Intermediate
6625210e994f366b10bfe870,"8b, 8c, 20a, 20, 20biia",5,Cultivation
66252eca81a1f66172212344,"34a, 34, 8c, 22c, 22",5,Commercial
66254ddd988a1bb772eb66c3,"8c, 20b, 20",3,Intermediate
6625522b884cf1a27e929fb8,"8c, 20biib, 20",3,Intermediate
66261b47988a1bfa1f00877f,"8c, 20biic, 20, 29",4,Commercial
66269508588cd65db6e24d8f,"22b, 22, 29, 8c",4,Intermediate
6626bde181a1f6ec323851e2,"8c, 20biia, 20",3,Small
6626cbf5988a1b6e850e9e28,"8c, 20biib, 20, 29",4,Intermediate
6626f46120f0a156b775751d,"8c, 20biib, 20",3,Intermediate
6627556320f0a129067b8c0b,"8c, 22c, 22, 27, 29",5,Commercial
66277f586008ab15081c1c15,"8c, 20biia, 20",3,Small
6627e5256008ab681b21cb9a,"8c, 20b, 20",3,Intermediate
66289bdd6008abac5726dde3,"8c, 20biia, 20",3,Small
66292a47988a1b5c21295d39,"8c, 20biib, 20",3,Intermediate
66294745abf1a91a30bab1d5,"34e, 34, 22a, 22, 8c",5,Small
662a0e1a7a085f4cb3e6074e,"8c, 20biia, 20",3,Small
662a42e6994f36ef1903d5a1,"20biib, 20, 8c, 102",4,Intermediate
662a68577a085f6bc0eaf9be,"20biia, 20",2,Small
662a9c6720f0a151aa9e885c,"8c, 20b, 20",3,Intermediate
662aabcb7ac178f57f0ef25e,"20biib, 20",2,Intermediate
662ab6ca884cf10cd6d76ec5,"8c, 20biia, 20",3,Small
662b75cabb18f79e27e44c08,"8c, 20biib, 20",3,Intermediate
662b8fea7a085fce0bf4fd7e,"8c, 20biic, 20",3,Commercial
662b95e56008ab4e4a4b8f58,"20biia, 20",2,Small
662bcdb8884cf1b42ce820e6,"20biia, 20",2,Small
662be82ebb18f71b8cea58cb,"8c, 20biia, 20",3,Small
662be857bb18f71730ea5b1d,"8c, 20biia, 20",3,Small
662be953884cf15677e8a904,"8c, 20biia, 20",3,Small
662be97b588cd624941caf33,"8c, 20b, 20",3,Intermediate
662bee75a68e1f4a3d077336,"8c, 20biia, 20",3,Small
662c0e6a20f0a12063ad0a7a,"20biia, 20, 27",3,Small
662c14fd81a1f6436273e2d2,"20biia, 20, 27",3,Small
662c495e994f3624811d7343,"8c, 20biib, 20",3,Intermediate
662c666d7a085fe2d3fdf5ba,"8c, 20biic, 20, 27a, 27, 29, 68f, 68",8,Commercial
662c8f8381a1f631ac7abbc2,"20b, 20, 20iia",3,Intermediate
662ca888bb18f70150f278d4,"8c, 20biia, 20",3,Small
662cbcd5988a1b023b54284f,"20biia, 20, 27",3,Small
662cf852abf1a9f7cdfa772c,"8b, 8c, 20ai, 20, 20biia",5,Cultivation
662cfd9620f0a138c2c9c3d4,"8c, 20biia, 20",3,Small
662d0566994f3670b7374775,"20biia, 20",2,Small
662d05907ac178575a4566b0,"8c, 20biic, 20, 29",4,Commercial
662d07d081a1f6786293c7a2,"8c, 20biia, 20",3,Small
662d1735988a1b2db06ab3e0,"8c, 20biib, 20",3,Intermediate
662d1db6bb18f72d9c029c32,"8c, 20biia, 20",3,Small
662d1f07994f36c05d382e06,"8c, 20biia, 20",3,Small
662d1f0b81a1f62db8948b6e,"8c, 20biia, 20",3,Small
662d257b81a1f6203c94b106,"8c, 20biia, 20",3,Small
662d2922884cf16f3600bc79,"20biia, 20",2,Small
662d35147a085f50f81273ed,"8c, 20biia, 20",3,Small
662d39fdabf1a9aaf2fc9724,"20b, 20, 20iia",3,Intermediate
662da35d988a1b0c086ece73,"8c, 20biic, 20",3,Commercial
662e015b6008ab70806f95c3,"8c, 20biib, 20, 29",4,Intermediate
662e6075988a1b9755749ab6,"34e, 34, 22a, 22, 8c",5,Small
662e65366008ab134472ec4b,"34e, 34, 22a, 22, 8c",5,Small
662e9b07a68e1f686e2fc584,"8c, 20biia, 20, 27",4,Small
662e9fab7ac1782209514522,"8c, 20biia, 20",3,Small
662ea2567a085f0f671c953b,"8c, 22b, 22",3,Intermediate
662f56c1588cd601e84db028,"8c, 20biic, 20, 29",4,Commercial
662f87e0588cd68569510743,"20biib, 20",2,Intermediate
662f9ae881a1f66af8b4e534,"8c, 20biib, 20, 102",4,Intermediate
662f9b3420f0a11ef0e7b009,"8c, 20biib, 20, 29",4,Intermediate
662fcb90988a1b402c87a1b4,"8c, 20b, 20",3,Intermediate
662fd3ccbb18f72c4023e797,"20biib, 20, 8c, 102",4,Intermediate
662fe2ec884cf1dd5b21f89f,"20biia, 20",2,Small
662ff1eea68e1fc6f041fd31,"8c, 20biia, 20, 27b",4,Small
663040337a085f1e7d347750,"8c, 20biib, 20, 29",4,Intermediate
66307f47884cf156ef26c5fe,"8c, 20bii, 20",3,Intermediate
6630d3cd988a1b3e6795941c,"8c, 17c, 17, 27, 29",5,Commercial
663103d281a1f6744ccb3d54,"8c, 20biia, 20",3,Small
66311fc4884cf130993a125e,"8c, 20biia, 20",3,Small
663125ed6008ab1ec89959b7,"8c, 20biib, 20",3,Intermediate
66313531588cd6bf3166d0da,"224, 34, 8c, 20biib, 20",5,Intermediate
66316073588cd697bf671611,"8c, 20biic, 20, 27a, 27, 29",6,Commercial
6631e954a68e1fafd35abf01,"20biib, 20",2,Intermediate
663253357ac1788aeb90a227,"20biib, 20",2,Intermediate
66327adfabf1a9280d3cbca3,"8b, 20biib, 20",3,Intermediate
6632827320f0a1d50016a210,"8c, 20biic, 20, 27a, 27, 29",6,Commercial
663381906008ab51d6c011cc,"20b2b, 8c",2,Intermediate
6633d81dabf1a914f35050cb,"20biia, 20",2,Small
6634778e988a1b5592ca278c,"8c, 20biia, 20",3,Small
66347fd3e029904d0ad92936,"20biib, 20, 8c, 102",4,Intermediate
66348216588cd6694f96a8a3,"27b, 8c, 20biia, 20",4,Small
6634bfdc20f0a164be360d57,"8c, 20biia, 20",3,Small
6634e327a68e1f66128e8fa7,"8c, 20biib, 20, 29",4,Intermediate
6634e729884cf13c98718f57,"8c, 20biia, 20",3,Small
6634e845988a1b0dc4d34e4a,"20biib, 20",2,Intermediate
6634ec337ac178781eb6414f,"8c, 20biic, 20, 102",4,Commercial
6634ef0dabf1a9a53765ec65,"20biia, 20",2,Small
6634f12720f0a1b87b38c8fc,"20biib, 20",2,Intermediate
6635041a994f365d83a808b8,"8c, 20biib, 20, 27",4,Intermediate
66351c487a085f6319845118,"8c, 20biia, 20",3,Small
6636084d994f368028b8c854,"8c, 20biib, 20, 29",4,Intermediate
66360e7781a1f6ae8c1eeb1a,"8c, 20biic, 20",3,Commercial
66365708988a1bad06eae42a,"22c, 22, 29, 8c",4,Commercial
663662817a085f8507984bdd,"8c, 20biia, 20",3,Small
66366dbfabf1a965fd7b23f9,"20biia, 20",2,Small
66367a407ac1786d61c8fb28,"20bii, 20",2,Intermediate
663719d3988a1bc78aef6db8,"382, 34, 27",3,Small
66378dd1e02990b6a208b9ab,"8c, 20biib, 20, 27, 29",5,Intermediate
6637ac32988a1b36d2f42df6,"8c, 20biib, 20",3,Intermediate
6637b03820f0a163d5580c43,"34a, 34, 8c, 22a, 22",5,Small
6637cf8eabf1a9770789614b,"8c, 20biia, 20, 27, 29",5,Small
6638605f884cf1bf0396f4bb,"8c, 20biia, 20",3,Small
6638b79720f0a112926a32fc,"8c, 20biib, 20",3,Intermediate
6638e4c920f0a104756cc93b,"8c, 20biia, 20, 29",4,Small
6638fde57a085f22cdbc397a,"8c, 20biib, 20",3,Intermediate
663914b6588cd652bcd77c5c,"8c, 20biia, 20",3,Small
66391a4e7ac1781b7fe53ebc,"8c, 20biia, 20",3,Small
66398f4e20f0a142a4711b66,"8c, 20biia, 20, 29",4,Small
663a13b7e029908749388ae8,"20biib, 20, 8c, 27",4,Intermediate
663a5e87884cf12aafc827a0,"8c, 22b, 22, 27",4,Intermediate
663a6e546008ab572b27640c,"20biib, 20",2,Intermediate
663b2b87988a1b38aa2ffec2,"27a, 27",2,Small
663b4b81abf1a90186cfb08d,"392, 20biia, 20",3,Small
663b94907a085f25bdec8700,"8c, 20biia, 20",3,Small
663d0188e02990c8c361f7ac,"22a, 22, 8c, 34e, 34",5,Small
663d0eac81a1f6d156884f3c,"8c, 22c, 22",3,Commercial
663d4a2181a1f6b280889075,"8c, 20biib, 20",3,Intermediate
663d77087a085f590d0362af,"20b, 20, 20biib",3,Intermediate
663dbabc20f0a13e56c98193,"8c, 20biib, 20, 29",4,Intermediate
663e2653988a1b810075e712,"8c, 20biib, 20, 27",4,Intermediate
663e7ba6588cd63d1434f564,"8c, 20bii, 20",3,Intermediate
663f117281a1f6e28ea95b41,"20biib, 20, 29, 108",4,Intermediate
663f31f8abf1a9143212e717,"20biia, 20",2,Small
663f7254884cf12f2b1e4f88,"8c, 20biib, 20, 102",4,Intermediate
663f9470988a1b1a317e8246,"8c, 22c, 22, 29",4,Commercial
663fd421abf1a96c391529df,"8c, 20biic, 20, 29",4,Commercial
66406a96abf1a98bcb1a04f2,"8c, 20biia, 20, 27",4,Small
6643a0b16008ab6c188dcabb,"20biia, 20",2,Small
66447b68988a1b19d2a4cd4a,"20biib, 20",2,Intermediate
6644c0737a085f603b51fbaa,27b,1,Small
6644ce0f20f0a10d9d13f392,"8c, 20biia, 20",3,Small
66450aebabf1a96e01410c2a,"27, 29, 22b, 22, 8c",5,Intermediate
664657427a085f6f516341ce,"8c, 22b, 22",3,Intermediate
6646d4b181a1f618a4ea2136,"20biib, 20",2,Intermediate
66471fe481a1f6b5f8f5e537,"22b, 22, 20biia, 20",4,Intermediate
66477fb56008ab9066bff4ea,"8c, 20biia, 20",3,Small
6649a3d7988a1b46efec9821,"20b, 20, 20iia",3,Intermediate
6649fe1fabf1a91bdf7b3f03,"8c, 20biia, 20",3,Small
664a154c81a1f633c9235090,"8c, 20biia, 20",3,Small
664b04a020f0a11f23654f92,"8c, 20biib, 20, 29",4,Intermediate
664b1a03994f362e6edcfed0,"8c, 20biia, 20",3,Small
664b3505abf1a91e308cbf34,"8c, 20biib, 20",3,Intermediate
664b6e3fa68e1f0537b5b1c5,"8c, 20biib, 20",3,Intermediate
664b6eb1884cf1b81ca17044,"8c, 20biib, 20",3,Intermediate
664b701c81a1f612bc3dc019,"8c, 20biib, 20",3,Intermediate
664b7a0e6008ab1715fbfbcc,"8c, 22c, 22, 37",4,Commercial
664b991f994f36d877e38b81,"22b, 22",2,Intermediate
664b9cad20f0a1556475a9f3,"20b2a, 20b1, 1, 8c",4,Intermediate
664ba1db7ac1781405e1e3a7,"8c, 20biia, 20",3,Small
664bc47cfc1f793e5f89eb4f,"8c, 20biib, 20, 27b, 29",5,Intermediate
664c5daa6008ab4e220ef47f,"8c, 20biib, 20",3,Intermediate
664c8a81a68e1f18ecc95e81,"8c, 20biia, 20",3,Small
664ce1ec81a1f6e58a53fa72,"20biia, 20, 27",3,Small
664d3455abf1a972b1ab2a4b,"8c, 20biia, 20, 27",4,Small
664d96fbabf1a9e913af665f,"8c, 20biia, 20",3,Small
664d97a2a68e1f9bb0d329ce,"8c, 20b",2,Intermediate
664defd9994f36300e11dca5,"8c, 20biia, 20",3,Small
664e034820f0a1e2b1a5d5c8,"8c, 20biib, 20",3,Intermediate
664e34ee20f0a1df7ba6a5b6,"8c, 20biia, 20",3,Small
664eec91fc1f79cd01c2fbed,"8c, 20biib, 20",3,Intermediate
664f229681a1f6d138764430,"8c, 20biia, 20, 27b",4,Small
664f5e1dabf1a9ebc9d6688c,"8c, 20biia, 20",3,Small
664f86f76008ab1e14434d10,"20biia, 20",2,Small
664f8bd57a085fa641f71574,"8c, 20biia, 20, 27",4,Small
664fbb176008ab032b4381cb,"8c, 20biib, 20",3,Intermediate
66508c98588cd6314821a3da,"20biia, 20",2,Small
665093007ac178fe41514f6c,"8c, 20biib, 20, 27, 29",5,Intermediate
6650ddf8a68e1f04a01dfbbc,"20biib, 20",2,Intermediate
6651a4c2994f366b2c4fbfec,"8c, 20biib, 20",3,Intermediate
6651a68081a1f61ef9ac6344,"8c, 20biic, 20, 27a, 27, 29",6,Commercial
6651ce6020f0a147c2e0d086,"8c, 20biic, 20, 27, 29",5,Commercial
6651fce920f0a1bed8e2e05b,"20biib, 20, 8c, 102",4,Intermediate
66520864a68e1f0c15335ed6,"20biia, 20",2,Small
665215124ac7d950f356cbd5,"8c, 20biic, 20, 27a, 27, 29",6,Commercial
66528b336008ab34f474feed,"27b, 8c, 20biia, 20",4,Small
6652d8a981a1f6126eb6496d,"8c, 20biib, 20",3,Intermediate
6652e9d07a085fe9d5281896,"8c, 20biic, 20, 29",4,Commercial
6652ec9181a1f674beb75987,"8c, 20biia, 20",3,Small
665347e3994f36689c5c7bbd,"8c, 20biic, 20, 27, 29",5,Commercial
665375c07a085f81aa2b331f,"8c, 20biib, 20",3,Intermediate
6653b5497a085f89382b8078,"8c, 20biib, 20, 251bb, 25",5,Intermediate
66542b0aabf1a90f5822c62d,"8c, 20biia, 20, 21, 25, 26, 27a, 27, 29",9,Small
66543f0fabf1a976052467bc,"22a, 22, 28, 29",4,Small
66544fae884cf131822968f5,"8c, 20biic, 20",3,Commercial
66545297994f36260a6d19a9,"8c, 20biib, 20, 29",4,Intermediate
66549257a68e1f4e68507b08,"20biib, 20",2,Intermediate
6654a9c7988a1b4cb7996b95,"8c, 20biic, 20, 29, 27a, 27",6,Commercial
665617fc6008ab7a7ca20263,"20biia, 20",2,Small
665655cd7ac1788ab9a022a3,"8c, 20biia, 20",3,Small
665750cc588cd6a84d762135,"8c, 20biia, 20",3,Small
66576c56884cf1d4d14f8fa6,"8c, 20biia, 20",3,Small
6657715820f0a1697d1f7eb7,27b,1,Small
6657e4b0988a1b52aac07230,"302, 8c, 22a, 22",4,Small
66586245994f363a3ca1223d,"20biic, 20",2,Commercial
6658b898884cf122175ec7f8,"8c, 20biib, 20",3,Intermediate
6658b8ed988a1b96c6cc8475,"8c, 22b, 22, 27, 29",5,Intermediate
665914d5df3feb1e2d5dc3e6,"8c, 20biia, 20, 20biib",4,Intermediate
6659392ef412918539a3bca9,"20biib, 20",2,Intermediate
665a0aa18bc61f56c0ada9ce,"20biib, 20, 29, 8c",4,Intermediate
665a788f40b3781a766678a8,"8c, 20b1, 1",3,Intermediate
665a82a8fd13ae01bba63c82,"8c, 20biia, 20, 27, 29",5,Small
665affa7f1a8a1096cfb9147,"20biic, 20, 29, 8c",4,Commercial
665b15fad8212864db918256,"8c, 22c, 22, 27, 29",5,Commercial
665b1f4591f139433e5bacdf,"8c, 22b, 22, 27b",4,Intermediate
665b43cef4129126bfbcdcd6,"8c, 20biib, 20, 27, 29",5,Intermediate
665b55cc2f1bebb29aa1a96b,"8c, 20biic, 20, 29",4,Commercial
665b7483678855ef993769ce,"22b, 22",2,Intermediate
665bb151abcc3e6ef552e4df,"20biia, 20",2,Small
665c0855f1a8a13e4404c656,"8c, 20biic, 20",3,Commercial
665c2280abcc3e5c805673f9,"8c, 20biib, 20, 29",4,Intermediate
665cadb6abcc3e15585991e2,"8c, 20biic, 20, 29",4,Commercial
665d60dcabcc3e7e39651814,"8c, 20biic, 20, 27a, 27, 29",6,Commercial
665d70164a673f309b150e4c,"8c, 20biib, 20",3,Intermediate
665d74968bc61f882bd1c03e,"8c, 20biib, 20",3,Intermediate
665e5b86f1a8a12f1f261405,"8c, 20biib, 20, 29",4,Intermediate
665ea290fd13aede36d94147,"8c, 20biib, 20",3,Intermediate
665ed4238bc61f1e53e82154,"20biib, 20",2,Intermediate
66604220678855442f88da76,"8c, 20biia, 20",3,Small
66607e9440b37826ddc66ad8,"8c, 22b, 22, 27b",4,Intermediate
6663c7b872f2482439f547db,"8c, 20biia, 20, 27, 29",5,Small
666416e252f822ef0c308b96,"20biia, 20, 8c",3,Small
66642c503fc95006897841a6,"8c, 20biia, 20, 29",4,Small
66645714b5b95322bcdbff68,"8c, 20biib, 20",3,Intermediate
66647b275f465f6af1b7c3c7,"20biia, 20, 34a, 34",4,Small
6664830f14675fc3aae48a43,"8c, 20biib, 20, 21, 25, 26, 27a, 27, 29",9,Intermediate
6664921ca8998284f26faa05,"8c, 20biic, 20",3,Commercial
6664ae1ca89982d4946ffc87,"8c, 20biia, 20, 29",4,Small
666504e2b5b953cedae0e206,"20biia, 20",2,Small
6665f37509042a01d0850f3f,"8c, 20biia, 20, 29",4,Small
6665fb7014675f2ebaf1083f,"8c, 20iia, 20, 20bii, 27",5,Intermediate
66660909b5b9534f5ce60182,"20biia, 20, 27a, 27, 29",5,Small
66664a8220429d66ba4bf9cf,"8c, 20biia, 20",3,Small
6666527ea89982464c7c54b0,"8c, 20biib, 20, 29",4,Intermediate
666726c420429d6fb9643210,"20biia, 20",2,Small
66672ceff4a1d7832d7f08fb,"8c, 22c, 22, 27, 29",5,Commercial
66673ab820429dc8c2646267,"8c, 20biic, 20",3,Commercial
666758ff14675fd9d40626b6,"20biia, 20",2,Small
66676af909042a653aa61ae4,"8c, 20biib, 20",3,Intermediate
6667ebe0a89982df259a2b00,"8c, 20biia, 20",3,Small
6667fdd13e0f0d9dbaad7793,"8c, 20biia, 20",3,Small
6668f599b5b95345d41daad0,"20biib, 20",2,Intermediate
66690c7209042afce2c64ada,"8c, 20biia, 20, 21, 25, 26, 27a, 27, 29",9,Small
66696260b5b95323bd24d5a2,"8c, 20biib, 20",3,Intermediate
6669a4b7c386c25de5271438,"20biib, 20",2,Intermediate
6669fcdfb5b953784e2d4481,"20biib, 20",2,Intermediate
666a230a3fc9502adfbf8bbf,"8c, 20biib, 20",3,Intermediate
666a2bb552f8228a3b84e1ad,"8c, 22b, 22, 29",4,Intermediate
666a9d0cf4a1d70e30afabfa,"8c, 20biic, 20, 102",4,Commercial
666b36523fc9502a91cf0f59,"8c, 20biic, 20, 29",4,Commercial
666b57d83fc95096bacf4f44,"8c, 20biia, 20, 29",4,Small
666b57f23e0f0d9afad818c9,"20biia, 20, 8c",3,Small
666b595fb5b95310523c0b85,"8c, 20bii, 20",3,Intermediate
666bbcfec386c231a13f6964,"8c, 20biib, 20",3,Intermediate
666bd519b5b9538cc642abb3,"8c, 20biib, 20",3,Intermediate
666c01aa5f465f3b5e192d3b,"8c, 20biia, 20, 29",4,Small
666c1d8aa899823554d48cee,"8c, 20biic, 20",3,Commercial
666c280bc386c24e0a49ae01,"8c, 20biic, 20",3,Commercial
666c81a7b5b9530b8649ebf7,"8c, 20bii, 20",3,Intermediate
666cbd1ef4a1d7f190c3328f,"8c, 20biia, 20",3,Small
666cc5ebf4a1d701d4c3353c,"8c, 20biia, 20",3,Small
666d607672f2485cfe81207c,"8c, 20biia, 20",3,Small
666d6842b5b953dbac5acc07,"8c, 20biia, 20, 27",4,Small
666da02c52f8227164bd00e0,"8c, 20biia, 20, 27",4,Small
666daf4cc386c2514e63dc92,"8c, 20biib, 20, 27a, 27, 29",6,Intermediate
666e74a720429d6ecac3665f,"8c, 20biic, 20",3,Commercial
666eaaf009042a202017cbe8,"8c, 20biic, 20, 27, 29",5,Commercial
666ef43452f82228a0c5e26f,"392, 27b",2,Small
666f21a8a899827aaaf54b6a,"8c, 20biic, 20",3,Commercial
666f39ff14675f1f8e6cd31a,"8c, 20biic, 20, 29",4,Commercial
666fa34a20429d481ccb1c7f,27,1,Small
667045e8a8998253ddffbe0d,"20biic, 20",2,Commercial
66706d963e0f0d2472151b3d,"8c, 20biia, 20",3,Small
6670bb985f465ff8e351d433,"8c, 22c, 22, 27, 29",5,Commercial
66711e7e72f248843ca079a3,"20biib, 20",2,Intermediate
667137f83fc950cce01581d0,"8c, 20biib, 20",3,Intermediate
66716232c386c226d782913a,"20biic, 20, 29, 8c, 27a, 27",6,Commercial
667168dc14675f798b831c9a,"8c, 20biic, 20",3,Commercial
6671aa27f4a1d7ee87ff027f,"8c, 21c, 21, 22c, 22, 27, 29",7,Commercial
667296dea89982080d1a5062,"8c, 20biic, 20",3,Commercial
6672e254c386c271ad961158,"8c, 20biia, 20",3,Small
6672f3435f465f143b6eda6d,"8c, 20biic, 20, 29",4,Commercial
6672ffbd72f248b5e6bc1d5d,"8c, 20biia, 20",3,Small
6673130c5f465f828f6f4ab3,"8c, 20b, 20",3,Intermediate
667317e372f2481d24bc6252,"8c, 20biic, 20",3,Commercial
66731d325f465f7f636f66bb,"20biib, 20",2,Intermediate
6673e3f9a899824d342ace56,"8c, 20biib, 20",3,Intermediate
6674184c20429d14f406b331,"8b, 20ai, 20",3,Cultivation
66745f0b14675f356ab3c578,"20iia, 20",2,Small
6674aa1972f248faabd6a1f2,"20biib, 20, 29, 8c",4,Intermediate
6674be73f4a1d7477f2dd2b5,"20biia, 20",2,Small
66752ac3e42a41118d0b9e88,"8c, 20biic, 20, 27, 29",5,Commercial
66757028177dba7831fc2829,"8c, 20biib, 20",3,Intermediate
66759c0e2679335c757a3933,"20biib, 20",2,Intermediate
6675c480fdbe2762d8ba8b5d,27b,1,Small
6676702ec99bb37d5e10b8ee,"27b, 8c, 20biia, 20",4,Small
66767e605a90605269b5fa1c,"20biib, 20",2,Intermediate
66768a471304f242065ec520,"8c, 20biic, 20, 27a, 27, 29",6,Commercial
66768a7889f21462bfeec7ca,"8c, 20biib, 20, 27",4,Intermediate
66768da089f214cf02eee726,"20biib, 20",2,Intermediate
66768fbf89f214c4c9eef9c2,"8c, 22c, 22, 27, 29",5,Commercial
6676c526dc56d29a60ff2f79,"8c, 20biia, 20, 27",4,Small
6677145efdbe273015d0cf10,"8c, 22a, 22",3,Small
66778e0589f21417ac00f6f8,"22a, 22, 27",3,Small
6678397d1304f28c21808f9e,"8c, 20iia, 20, 251a, 25, 1, 181, 177",8,Small
66783b6d2bf68a783ecaaf67,"8c, 20biib, 20",3,Intermediate
6678dd381304f22076853c54,"8c, 21b, 21",3,Intermediate
6679412d2c7153294890e835,"8c, 20biia, 20",3,Small
66797840aa5d582627b1c26b,"376d, 376a, 3762n, 376, 2, 5m, 2012, 5, 5g, 6, 363, 27b",12,Small
66798c77505b912143a076dc,"8c, 20biib, 20, 29",4,Intermediate
6679b510aa5d5848edb37bfe,"8c, 20biia, 20",3,Small
667a180bf6e9a425ff577be8,"8c, 20biib, 20",3,Intermediate
667a30a45472c25aa11fbe9b,27,1,Small
667a54c3505b918513a74523,27b,1,Small
667aa63b3169cb3445ec54d7,"8c, 20biia, 20, 27",4,Small
667ab76e3169cbae20ed61e7,27,1,Small
667adbcd3169cb309def0327,"8c, 20ai, 20, 20biia",4,Cultivation
667afb8faa5d5870b1c1f148,"20biic, 20, 29, 8c",4,Commercial
667b1cfce5359340b997c9a5,"8c, 20biib, 20",3,Intermediate
667b2da85bafde229a7a33a2,"8c, 20biib, 20, 29, 27a, 27",6,Intermediate
667bfc01e535930395aacaab,"20biib, 20, 8c",3,Intermediate
667c0dc7defd8f1854ce71c4,"8c, 20biia, 20",3,Small
667c3d9e9f28a5c40c6a6d9e,"8c, 20biia, 20",3,Small
667c3e64defd8f4e69d07c91,"20biic, 20, 29, 8c",4,Commercial
667c64dc19d6831560230d29,"8c, 20biia, 20, 27",4,Small
667c6890e53593013aaea4a8,"8c, 20biia, 20",3,Small
667c7ee565d6b40cf6096ed2,"20biia, 20, 27",3,Small
667c83ab5bafde0ab38e13b5,"8c, 22b, 22, 27b",4,Intermediate
667cc6aaf6e9a4aa387b5410,"8c, 20biia, 20, 27",4,Small
667d3c4d9a87db79af741484,"8c, 20biib, 20, 29",4,Intermediate
667d61416d475e7c98ba4eec,"8c, 20biib, 20",3,Intermediate
667d8095ccc06e3b9392ed3c,"20biib, 20",2,Intermediate
667d82d4918cdea840551928,"8c, 20biia, 20",3,Small
667dd6649a87dba301786d7b,"8c, 20biib, 20, 29",4,Intermediate
667e3137255cb52de6613e51,"20biia, 20, 8c, 27",4,Small
667e9017255cb515ed68f685,"8c, 20biia, 20",3,Small
667e917f255cb56e81691296,"420, 406, 22c, 22",4,Commercial
667ec7a481a3605123bf2b78,"8c, 20biia, 20",3,Small
667ecef7e26f282d716bd767,"8c, 20biib, 20",3,Intermediate
667edcf6f503563988b96066,"8c, 20biib, 20",3,Intermediate
667f9cc7ed002be69a550865,"8c, 20biic, 20, 27a, 27, 29",6,Commercial
667fd768a89a83cad2903571,"8c, 17c, 17, 27, 29",5,Commercial
667fedd98248f38193017e00,"20biib, 20",2,Intermediate
667ff47816352b331c88e0bb,"8c, 20biic, 20, 27",4,Commercial
667ff5b091e7670f04b02aab,"8c, 20biia, 20, 27",4,Small
668005daa89a83e51e9a148b,"8c, 20biia, 20",3,Small
66801765a89a83104e9bc1a1,"8c, 20biia, 20, 27",4,Small
66803d5d002f9c58276c1cc3,"8c, 20biia, 20, 27b",4,Small
6680531ca89a8351ba9e1056,"8c, 20biic, 20, 27, 29",5,Commercial
6680b7a45ee950c672a3c0dc,"20biib, 20, 8c, 27",4,Intermediate
6681471d620cdd5d42bd8d1c,"8c, 20biic, 20",3,Commercial
6681664e5ee95038baaed7f3,"8c, 20biia, 20",3,Small
66816b6855d50c5cfbc3d97e,"8c, 20biia, 20",3,Small
6681af73ae0ff0dfe0e57c1a,"8c, 20biic, 20, 29",4,Commercial
6681b5c48248f3aeab19ee98,"8c, 20biia, 20",3,Small
6681d6ffae0ff0d25ee5a35e,"8c, 20biib, 20",3,Intermediate
6682624e03fda58196e2291f,"8c, 20biib, 20",3,Intermediate
6682b048002f9c39e99cebe5,"8c, 20biia, 20",3,Small
6682e6b8e191ff5398a135e7,"8c, 20biib, 20",3,Intermediate
6682f506127eaec4e1921ee3,"8c, 20biib, 20",3,Intermediate
66830a34cb75b2854e162f32,"8c, 20biia, 20, 27b",4,Small
668379b96875e63145f1c4f8,"20biia, 20, 8c",3,Small
6683b5fced6132526a94cc02,"8c, 20biic, 20",3,Commercial
6683eb06471a1bc601452a06,"20biia, 20, 8c",3,Small
66843718cb75b2620830ec79,"8c, 20biia, 20, 27",4,Small
6684457fe191fff91bc3a8fb,"8c, 20biia, 20",3,Small
66846695cb75b23cd1315c19,"8c, 20biic, 20",3,Commercial
6684d41ef290b278990d5a9a,"8c, 20biic, 20",3,Commercial
6684e3de906d23986395a31b,"8c, 20biib, 20, 29",4,Intermediate
668531350f05bf91eb3629ae,"20biia, 20",2,Small
6685410ef290b213b42886cf,"8c, 20biia, 20, 27",4,Small
66857b1817f446a94dfe69e3,"8c, 27b",2,Small
6685811c17f4464738fe9c85,"8c, 20biic, 20, 29",4,Commercial
668584b39e451939c83ebdcd,"8c, 20biic, 20, 27, 29, 128",6,Commercial
6685a8d20f05bf94523fc155,"20biib, 20, 27",3,Intermediate
668640300e89183a408286df,"8c, 20biib, 20, 20biia, 22b, 22, 27",7,Intermediate
668672e69e4519ee135a1da6,"8c, 20biia, 20, 27",4,Small
668674e3906d234249db41a2,"8c, 20biia, 20, 27b",4,Small
6686b2037c53503f0bb98617,"20ai, 20, 29, 8b",4,Cultivation
6686b9c949d03c678df504c5,"8c, 20biic, 20, 29, 27a, 27",6,Commercial
6686d6c89e45192f06683f35,"8c, 20biib, 20, 35, 3, 5",6,Intermediate
6686d855c1208bbaec4461ec,"8c, 20biib, 20, 27",4,Intermediate
6686e52d9e45196a2f68ac36,"8c, 17a, 17, 27, 29, 3184, 318, 4",8,Small
6687fee99e45196eca960bdf,"8c, 20biia, 20, 27",4,Small
66881c51906d23e593159237,"8c, 20biib, 20",3,Intermediate
6688227417f446c0e34eeacc,"8c, 20biic, 20",3,Commercial
66882716906d232a4f162d75,"8c, 20biia, 20",3,Small
66882bd117f446ecc34f59a7,"8c, 20biia, 20",3,Small
6688749e0e8918b9a2cc3966,"8c, 20biib, 20, 29",4,Intermediate
6688a2990e89186831cf87f5,"20biia, 20",2,Small
6688b9dd181972ab2b103bae,"8c, 20biia, 20, 27",4,Small
6688f844bf25340da4eae0e8,"8c, 20biia, 20, 27b",4,Small
668903375bfc6173c274cc77,"8c, 22b, 22, 27, 29",5,Intermediate
66894307737b2294181a4b63,"8c, 20biib, 20",3,Intermediate
668975123e5b890a0a255e94,"8c, 20biic, 20",3,Commercial
66897e48e43a013b1bd9d0ca,"8c, 20biia, 20",3,Small
6689a48bd1e15810cabd29ed,"8c, 20biib, 20",3,Intermediate
6689e4e6bf2534834d0623c5,"8c, 20biib, 20, 29",4,Intermediate
668a67e85bfc61a7a589be88,"8c, 25, 27b, 29",4,Small
668aae63d1e15802c7ca3103,"8c, 20biic, 20, 29",4,Commercial
668ab24b18197237b44b7c15,"8c, 20biia, 20",3,Small
668ad1bb3e5b892792339eff,"67b, 20002008, 2000, 2008, 294, 79, 13, 2012, 8c, 27",10,Intermediate
668ba525bf2534ada322d025,"8c, 20biib, 20",3,Intermediate
668bc892400ec07a25895853,"8c, 20biib, 20",3,Intermediate
668beb86e43a013d4a013b5a,"8c, 20biib, 20",3,Intermediate
668bf9b03e5b893b804aad81,"8c, 20biib, 20",3,Intermediate
668c21b4737b22417b52b177,"8c, 20biia, 20",3,Small
668c3e63e43a01722004172f,"8c, 20biia, 20, 27",4,Small
668c486a53ae6f352a439f2d,"8c, 20biib, 20",3,Intermediate
668c8c41737b22d9bc567626,"8c, 20biia, 20, 27",4,Small
668ca40e83249dc9dce89107,"8c, 20biib, 20",3,Intermediate
668cc47a76cee73a130687fb,"8c, 20biic, 20, 27, 27a, 29",6,Commercial
668d20f6d1e1588ceeffad8b,"20biib, 20",2,Intermediate
668d5150bf25341a044f216e,"8c, 20biia, 20, 29",4,Small
668d66e35bfc614145c9ae48,"8c, 20biib, 20",3,Intermediate
668d80b4d8e8bc1eac6e630c,"8c, 20biib, 20, 29, 35, 3, 5",7,Intermediate
668d90a2d9b2660ee32c20d1,"8c, 22b, 22, 29",4,Intermediate
668da6ee3e5b89486473693a,"8c, 20iia, 20",3,Small
668eb7c676cee7dba24a5620,"8c, 20biic, 20",3,Commercial
668ed013d1e158169124ac40,"8c, 20biia, 20",3,Small
668eee41e43a01552d409c5f,"20biib, 20, 27",3,Intermediate
668efa5c1819721834a43066,"20biib, 20",2,Intermediate
668f2f31e43a012d3643f0d1,"8c, 20biia, 20, 27",4,Small
668f339d737b220bf38e1d07,"20biib, 20, 29",3,Intermediate
668fcb28737b22988badeac2,"8c, 20biia, 20, 27",4,Small
668fda7e76cee7a2866f345e,"8c, 20biia, 20",3,Small
668fe2ec5bfc613cc20a8713,"8c, 20biia, 20, 27",4,Small
66903bbebf25345a558a016b,"8c, 20biia, 20",3,Small
669045bcd8e8bc0e61addf89,"8c, 20biia, 20, 27",4,Small
66906c7cd1e15856b349223c,"8c, 20biia, 20, 27",4,Small
66908c523e5b89246bb3fe91,"8c, 20biib, 20",3,Intermediate
6690dd78d8e8bc83bfc2f83f,"20b2a, 27",2,Small
66910e0a76cee726d894acab,"8c, 20biia, 20, 27, 251bb, 25",6,Intermediate
66914c10457cde2b15b595b6,"8c, 20biia, 20",3,Small
669178211596d9d30325ef0a,"8c, 20biib, 20, 27a, 27, 95, 78",7,Intermediate
669179ac1596d96a7925f2ff,"20biib, 20",2,Intermediate
6691d647457cdeb8f8b9fe01,"20biia, 20",2,Small
66920f4dfd1e289fdb924911,"8c, 20biic, 20, 29",4,Commercial
6692148599a0423770df2890,"8c, 20biia, 20, 27",4,Small
669256ad0d380dad8703d433,"305, 27, 251a, 25, 1",5,Small
66927700a2a8ac4db5a5986b,"8c, 20biib, 20",3,Intermediate
66927bc899a0423aa8eb8db4,"8c, 20biia, 20, 27",4,Small
6692c106945e4a90b2a1e539,"20biia, 20",2,Small
6692ca720d380d30f30abaa7,"8c, 20biia, 20, 27",4,Small
6692dc1c4bc828f9d0adee5c,"20bii, 20",2,Intermediate
669315ed0d380d14c10e2637,"8c, 17b, 17, 29",4,Intermediate
6693b7f199a042dbccf79384,"20biia, 20",2,Small
6693e7c21596d9069d447d57,"8c, 20biia, 20",3,Small
6694015cfa3dafedabd5b9ac,"20iia, 20",2,Small
66940e7b4bc82861a1bc2cba,"8c, 20biia, 20",3,Small
669411e699a0424721fb368f,"20biib, 20",2,Intermediate
6694aa9d45d1d2d5e06e896a,"8c, 20biia, 20",3,Small
6694f27f457cdedfcef7157f,"8c, 20b2b, 27a, 27, 29",5,Intermediate
66953912170ac636f6374490,"22c, 22, 27a, 27, 29, 8c",6,Commercial
6695e0270a93880ee1647c12,"8c, 20biib, 20",3,Intermediate
66963715a0014401b1cf59bc,"20biic, 20, 8c",3,Commercial
669638ac918e3661379a7b4d,"8c, 20biib, 20",3,Intermediate
6696589e64836a7bb623d977,"20biia, 20",2,Small
669684da71b6899faec24238,"8c, 20biia, 20",3,Small
6696a1f782a6443bfa51e78b,"8c, 20biib, 20, 27b",4,Intermediate
6696acebd584116d169af9ca,"8c, 20biib, 20",3,Intermediate
6696ad0ea001441fe2de05cf,"8c, 20biib, 20",3,Intermediate
6696b3b6eac51eba6f130b5b,"8c, 20biic, 20, 29",4,Commercial
6697af30f986fb0bbf7ff7aa,27,1,Small
6697c9aa43099bf2170279ae,"20biia, 20, 27",3,Small
6697de058131dd4fbe53b756,"8c, 20biib, 20",3,Intermediate
669806c76a66186623b1a834,"8c, 20biia, 20, 27",4,Small
669894bc6a66180436b6f296,"8b, 8, 20ai, 20, 29",5,Cultivation
66993389e3bf1643b79c2199,"8c, 20biia, 20, 27",4,Small
66994583aed3299e6699a07e,"20biia, 20",2,Small
669951cd52b13111281e9b51,"8c, 20biib, 20",3,Intermediate
6699ccf952b131b45c2503f4,"8c, 20biia, 20, 27",4,Small
669a6fc7fad0787472c3a483,"8c, 20biib, 20",3,Intermediate
669aa0f652b131a7ec8869fc,"20ai, 20, 8b",3,Cultivation
669ad75c4c076742d930172a,"8c, 20biia, 20, 27",4,Small
669afc246015330e85d9340a,"8c, 20b",2,Intermediate
669b34826015332203dc8b02,"8c, 20biib, 20, 27a, 27",5,Intermediate
669b5080f986fb758043a187,"8c, 20biib, 20, 27, 29",5,Intermediate
669b8595682013f9a9f74e15,"8c, 20biib, 20, 27",4,Intermediate
669b878ea9f2653e44d8f802,"8c, 22c, 22",3,Commercial
669bb01ef986fb119a76e39f,"8c, 20biia, 20",3,Small
669bb58a43099b3612ffc9e1,"8c, 20biib, 20, 29",4,Intermediate
669bd2f4a9f265a75ded1aa8,"8c, 20biia, 20, 27b",4,Small
669bef794c076713fc6c8a09,"8c, 20biia, 20",3,Small
669bfbd64c076747eb6cc353,"8c, 20biia, 20, 27",4,Small
669bfce18131dd68f7497b57,"8c, 20biia, 20, 29",4,Small
669bfcf3f986fb48e07a803f,"8c, 20biic, 20",3,Commercial
669c068aa9f26546f2ee4bd0,"8c, 20biia, 20, 27",4,Small
669c47700a2846d9319cd396,"8c, 20biib, 20, 27b",4,Intermediate
669c4845fad078abe30197ac,"20biia, 20",2,Small
669cd6ac6820132bad11be0a,"8c, 20biib, 20, 27",4,Intermediate
669ce494a9f265b811f6e738,"8c, 20biia, 20",3,Small
669d353e52b1313977d5f171,"20biib, 20",2,Intermediate
669d36158131dd276556258d,"20biib, 20",2,Intermediate
669d707d43099bfe901117b6,"8c, 15, 21, 22c, 22",5,Commercial
669e2375a9f2656fb61a1fa6,"8c, 20biia, 20, 27",4,Small
669e250fe3bf16f4337a714a,"8c, 20biic, 20, 29",4,Commercial
669e46aa6015336412694d73,"8c, 20biia, 20",3,Small
669e4f574c07676653b601ff,"8c, 20biia, 20",3,Small
669e6c4ffad078fbe9578ba4,"20biia, 20",2,Small
669e6c9ce3bf16375e99f09f,"8c, 20biia, 20",3,Small
669e6f8f0a2846e996f13688,"8c, 20biib, 20, 27",4,Intermediate
669e70934c0767dc3bbc0eed,"8c, 29, 20biib, 20",4,Intermediate
669e7f4943099b3793529225,"8c, 20biib, 20",3,Intermediate
669e8b066015334281761f88,"8c, 20biib, 20, 27",4,Intermediate
669ee56f4c0767ccf1bddb38,"8c, 27b, 27a, 27",4,Small
669f461356404c344ba7eb0e,"8c, 20biia, 20, 27",4,Small
669f9d873c41b58a25080ecc,"20biib, 20, 27a, 27",4,Intermediate
669f9e49dfcf91cee57a5070,"8c, 20biib, 20",3,Intermediate
669fc5a2411720b91cf29eaa,"8c, 22b, 22, 27, 29",5,Intermediate
669fc9154552477d66544319,"20biib, 20",2,Intermediate
669fdc734117208337f3d97f,"20a1, 1, 8c",3,Cultivation
669fe15683894798de852757,"8c, 20biia, 20",3,Small
669fe2263477b77c66b4a40e,"8c, 20biic, 20, 29",4,Commercial
669ff9cf2c4fd43dc754f543,"8c, 20biia, 20",3,Small
66a000dd41172080cdf4aba3,"20ai, 20",2,Cultivation
66a014c1455247edbf567fa5,"20biia, 20",2,Small
66a01606bbdf85151e1fa186,"8c, 20biib, 20",3,Intermediate
66a061584117207ed3f88391,"8c, 20biia, 20",3,Small
66a0813fbbdf854b4123ba98,"8c, 20biic, 20, 21b, 21, 22c, 22, 27, 29",9,Commercial
66a0a3a77f9af59941689be8,"8c, 22c, 22, 27, 29",5,Commercial
66a0dfac03a0f75001c8637a,"8c, 20biic, 20, 29",4,Commercial
66a1294d8856bd114172d4de,"8c, 20biia, 20, 27",4,Small
66a13b15aca3534e96f76ec0,"8c, 20biia, 20, 27",4,Small
66a13f47ca1a8f7e8cb07837,"8c, 20biia, 20, 29",4,Small
66a1615b7b2a157376983f2b,"8c, 20biib, 20",3,Intermediate
66a16c8e6af3a45b3550548c,"8c, 22c, 22",3,Commercial
66a1f58e3beaa11596ae2e9a,"20b, 20, 20iia",3,Intermediate
66a213030a229fd38bf9a645,"8c, 20biib, 20",3,Intermediate
66a27c4b6ca3ea080dcc7c20,"8c, 20biia, 20, 27",4,Small
66a2835e192aad08c848a89a,"8c, 20biia, 20",3,Small
66a28a61331b0e03c0d13c08,"8c, 20biia, 20, 27b, 27",5,Small
66a291372ea8aa754eb4e337,"8c, 20biia, 20",3,Small
66a2aab26a7a8b200cdb48dd,"8c, 20biib, 20, 27",4,Intermediate
66a2bbaeb7661037abbe6526,"8b, 20a, 20, 20b1, 1, 27b",6,Cultivation
66a348d4722d255101234b7b,"8c, 20biia, 20",3,Small
66a35fcb722d2533f729e13b,"8c, 20biia, 20, 27b",4,Small
66a36e6fa7a77e01766e587b,"8c, 20biia, 20",3,Small
66a390d7876cb1bb1bff2a58,"3184, 318, 4, 8c, 20biic, 20, 29",7,Commercial
66a399c9ad611e7589522a0f,"8c, 20biia, 20, 27",4,Small
66a3a3c8ad611e534753069f,"8c, 20biia, 20",3,Small
66a3aac6890d2e6189d898d5,"8c, 20biib, 20, 29",4,Intermediate
66a3c66acc1d4ad05a4ca2de,"8c, 20biib, 20, 27",4,Intermediate
66a3c9c4722d25852a35aebf,"8c, 20biia, 20",3,Small
66a3ce5cf2c19d5cc7ae9909,"8c, 20biia, 20, 27",4,Small
66a3d9c9722d253dc5361f02,"8c, 20biib, 20",3,Intermediate
66a3e2e7d9e853f3d728fb06,"8c, 20biia, 20, 27b",4,Small
66a3e63e85219d905aa426f0,"20iia, 20",2,Small
66a3fed6a7a77e119c776c79,"8c, 21b, 21, 29",4,Intermediate
66a4dfaf6b9397a98f4e4eaa,"8c, 20biia, 20",3,Small
66a5408b1b980ff6db5ff97a,"8c, 22c, 22, 27, 29, 27a",6,Commercial
66a58db0f333b2139d595605,"20biia, 20",2,Small
66a603a1e229df4010a72f07,"8c, 20biia, 20",3,Small
66a6652d1b980fb1be6cf156,"20biic, 20",2,Commercial
66a66854c0842eec27bf5707,"8c, 20biia, 20, 27",4,Small
66a6685f54ce409907850627,"8c, 20biia, 20, 27",4,Small
66a6806a6a8f23770e2ed13b,"8c, 20biia, 20",3,Small
66a688a0f333b216cf6387f8,"8c, 20biib, 20",3,Intermediate
66a751fee229dff33db622a4,"8c, 20biib, 20",3,Intermediate
66a755429d4fd037f2c67728,"8c, 20biib, 20",3,Intermediate
66a7782654ce40e84592b133,"8c, 20biia, 20, 67a, 20002008, 2000, 2008",7,Small
66a790f39d4fd038cbcaa36a,"8c, 20biia, 20",3,Small
66a7d122e229df6a0ebea749,"8c, 20biib, 20",3,Intermediate
66a7f7596b93970f9675b4d1,"8c, 20biic, 20",3,Commercial
66a8227554ce40071b99a658,"8c, 20biia, 20",3,Small
66a85250a5e569abbcfb3546,"8c, 20biib, 20, 27, 29",5,Intermediate
66a8b60a1b980f75988e7920,"27, 8c, 20biib, 20",4,Intermediate
66a8c1a76b93979ed888df1b,"8c, 20biib, 20",3,Intermediate
66a8d5245704fc14e54df321,"8c, 20biia, 20",3,Small
66a8f3eb54ce40e5e6c6b9e5,"8c, 20biib, 20",3,Intermediate
66a9039e1b980f3c449c1a5e,"8c, 20biia, 20, 20ai",4,Cultivation
66a921ade229dfe29ce6ec4a,"20biib, 20",2,Intermediate
66a926ebe229df117be72adb,"8c, 20biia, 20",3,Small
66a92fc15704fc2cef5892bf,"8c, 20biia, 20, 27",4,Small
66a98aecf333b21ec0a41226,"8c, 20biia, 20, 27b",4,Small
66a9a89bc0842e84c4061d79,"8c, 20biia, 20",3,Small
66aa2f4a1b980f0069be7c5e,"8c, 20biib, 20, 29",4,Intermediate
66aa5230b3aac5f87540f49a,"8c, 20biia, 20",3,Small
66aa75189d4fd0d26122deda,"8c, 20biia, 20, 27",4,Small
66aa7b40e229df1f36117ebe,"8c, 20biia, 20, 27",4,Small
66aa8112e229df1aed11a340,"8c, 20biia, 20",3,Small
66aa87755704fc25c4882d65,"8c, 20biia, 20, 27",4,Small
66aa87bc9d4fd00a64237ced,"8c, 20biib, 20, 27, 29",5,Intermediate
66ab55aae9d16f1b630df617,"20iia, 20",2,Small
66ab7590ddd646aa51c806aa,"8c, 20biic, 20",3,Commercial
66aba711ddd6467b7acf323a,27,1,Small
66abb54e190f600460d4d347,"20biia, 20",2,Small
66abc00ac2067adefc91a292,"8c, 20biia, 20, 27",4,Small
66abd96100f36338f671b8fb,"8b, 20bi, 20, 8c, 20biib",5,Intermediate
66ac42c2e9d16fed6822ce5e,"8c, 27b, 27a, 27",4,Small
66ac6ef4c2067a23e199db58,20b2a,1,Small
66ac783d26a9b855ce65bb49,"20biib, 20, 29, 8c",4,Intermediate
66acddbd554ed4828bcd6206,"8c, 20biia, 20, 27",4,Small
66ace553b44162778c69de14,"8c, 20biia, 20",3,Small
66ace94dd11678df1a41fcc1,"8c, 20biib, 20",3,Intermediate
66ace9f2327a0e77da8df1fc,"8c, 20biib, 20",3,Intermediate
66ad2799a0ebbe3b0cbe05b1,"20biia, 20",2,Small
66ad3de71cc2932104ae2e5b,"8c, 20biia, 20",3,Small
66ad4edbb4416271436eb038,"20biib, 20",2,Intermediate
66ad54bed116788dff46ce25,"8c, 20biib, 20",3,Intermediate
66ada0042c8d170c113d2138,"8c, 20biib, 20",3,Intermediate
66adeb141b5ebdb9713d876d,"8c, 20biic, 20, 25, 27a, 27, 29",7,Commercial
66ae384fed48a979db4b3ded,"8c, 20biia, 20, 27",4,Small
66ae3d0a8470885c6c2f7745,"20ai, 20, 8b, 8",4,Cultivation
66ae4e8f625868d7cace0d86,"20iia, 20",2,Small
66ae526fa6a10b069d2a5ae1,"8c, 20biia, 20, 27",4,Small
66ae682aa6a10b612b2b4331,"20biia, 20",2,Small
66ae8eeaa6a10bc5c92ba0f9,"8c, 20biic, 20",3,Commercial
66aeda7a0e2a98dd4e824cbf,"8c, 20biib, 20, 27",4,Intermediate
66aeeb9c57e4fe30bbc3f5f3,"27a, 27, 29, 8c, 20biic, 20",6,Commercial
66af088e0e2a9844e782fb32,"20biib, 20",2,Intermediate
66af170396dc0c005e625fda,"8c, 20biib, 20",3,Intermediate
66af9381a6a10b3af53a4a2d,"8c, 20biia, 20",3,Small
66af9444ed48a928485d4d06,"20biia, 20",2,Small
66af99cc96dc0c51436b26d8,"8c, 20biia, 20, 27",4,Small
66afaf75ed48a9cdff5e3cb0,"8c, 20biib, 20",3,Intermediate
66afd41fa8337841af240cbc,"8c, 20biib, 20",3,Intermediate
66b0287996dc0ce8347046ca,"8c, 20biib, 20",3,Intermediate
66b045f5d295c8cd9c8020bb,"8c, 20biib, 20",3,Intermediate
66b04611491b7b89f64d3822,"3085, 308, 5, 35, 3, 20biia, 20, 9",8,Small
66b1178e59dc181ac86dc1bf,"8b, 8, 20bi, 20, 8c, 20biib",6,Intermediate
66b11f904d92da1501dd8ee7,15,1,Small
66b13079491b7b1f74666c04,"8c, 20biia, 20",3,Small
66b1b4206a1da8ae59177a73,"8c, 20biib, 20, 29",4,Intermediate
66b1bd434d92da7d9eebf980,"8c, 20biia, 20, 27",4,Small
66b1cf584d92da425ef49939,"8c, 20biia, 20",3,Small
66b1d6f462bba65597ea9cbf,27,1,Small
66b2083b087841e32d323c7f,"8c, 20biib, 20, 27, 29",5,Intermediate
66b229dd590be837b3edf58a,"8c, 20biia, 20",3,Small
66b2312c62bba65421f7bfd4,"8c, 20biia, 20, 27a, 27",5,Small
66b23636ea4ff058d4265865,"8c, 20biia, 20",3,Small
66b24289ea4ff01dea26ebe2,"20biia, 20",2,Small
66b24955491b7b18858e23cd,"8c, 20biia, 20",3,Small
66b24e4c491b7bfb5b8e506d,"8c, 20biia, 20, 27",4,Small
66b2b79dbdfe74e550aa7596,"20b, 20",2,Intermediate
66b2cafaf40c6885992d5fe8,"8c, 20biib, 20",3,Intermediate
66b2d58cff57489ee9037ae4,"8c, 20biib, 20",3,Intermediate
66b2f6527ebda404418e4c13,"20biia, 20",2,Small
66b3d4679ba3427bfb0d65dd,"8c, 22c, 22, 27",4,Commercial
66b3ee81dd4dd4542f07126f,"8c, 20biia, 20, 27",4,Small
66b49d280abe9bb27d399f0f,"8c, 20biib, 20",3,Intermediate
66b4b22321b51c49d6fee0a8,"8c, 20biib, 20",3,Intermediate
66b4b70a86d2658331c7a076,"8c, 20biib, 20, 27, 29",5,Intermediate
66b4b9e183554a41d7b09f71,"8c, 20biib, 20, 29, 20biia, 27",6,Intermediate
66b4d278908e8b12d59b089f,"8c, 20biia, 20",3,Small
66b4ee41cc897d231fa5f5ce,"20ai, 20, 8b, 8",4,Cultivation
66b4f18583554a7cd7b443f0,"8c, 20biia, 20",3,Small
66b502cc83554a8494b4d939,"20biib, 20",2,Intermediate
66b5463583554a243db53ce6,"20biia, 20",2,Small
66b559db9d3d58980be9859b,"8c, 20biib, 20",3,Intermediate
66b586f70abe9b241f4d3ecb,"22b, 22, 27a, 27",4,Intermediate
66b59aad0abe9b84154d8830,"8c, 20biib, 20",3,Intermediate
66b5a643f2d7f816028c4b8e,"8c, 22a, 22",3,Small
66b5b51686d265329dd886f6,"8c, 20biia, 20",3,Small
66b61b6466e93572c3c3b03f,"8c, 20biia, 20, 27",4,Small
66b6270d86d2653801e10678,"8c, 20biib, 20",3,Intermediate
66b63188f2d7f88289a2451f,"8c, 20biib, 20",3,Intermediate
66b64105f2d7f816a3a2b83f,"8c, 20biia, 20",3,Small
66b6689bcc897d040dbc1cac,"8c, 20biia, 20",3,Small
66b6d6a29d3d582d2b05667f,"8c, 20biia, 20, 27",4,Small
66b6f76595b580858d3f7e9b,"20b, 20, 20iia",3,Intermediate
66b70744a71c81b8f2c6414c,"8c, 20biia, 20, 27b",4,Small
66b72e9493a1171adbd28b86,"20biia, 20, 2511a, 25, 1, 251bb",6,Intermediate
66b7361e06f94c21d2477862,"20biia, 20",2,Small
66b7392906f94c1a2347ca24,"8c, 20biib, 20",3,Intermediate
66b761fb3049869df0ed83e4,"8c, 20biia, 20",3,Small
66b779d331a3a933721f3399,"8c, 20biia, 20, 27b",4,Small
66b77d5695b580c66d4c35ab,"20biia, 20",2,Small
66b7ab2fe7c4fd2d90ad13b1,"8c, 20biia, 20, 29",4,Small
66b7b86e95b580e7464d721d,"8c, 20biib, 20, 27",4,Intermediate
66b8b39b93a117f63fe99689,"8c, 20biic, 20, 29",4,Commercial
66b8e02831a3a972132b8b3d,"8c, 20biic, 20",3,Commercial
66b8f8c08d1e61750874c76e,"8c, 20biia, 20",3,Small
66b960f38deecb549cc12151,"8c, 20biib, 20, 29",4,Intermediate
66b9af0ae1bdda0aebde0079,"27b, 8c, 20b2a",3,Small
66b9d4b68deecb34a1cfceec,"20biia, 20",2,Small
66b9df5b8deecb30a9d18e46,"8c, 20biic, 20, 29",4,Commercial
66b9faca53d0f8dbbb8e703a,"8c, 20biib, 20, 27",4,Intermediate
66ba03be8deecb20b2d6130d,"8c, 20biib, 20",3,Intermediate
66ba14325bae0f6037fd97a4,"8c, 20biia, 20",3,Small
66ba32e4e07b31981c61ea65,"8c, 20biic, 20",3,Commercial
66ba33cce07b31153161fa53,"8c, 20biib, 20, 21b, 21, 27, 29",7,Intermediate
66ba41b14e8c2aa32947f1af,"8c, 20biib, 20",3,Intermediate
66ba53d78deecb9ee1d969f6,"8c, 20biib, 20",3,Intermediate
66ba724b0a7559edf237db99,"20biia, 20",2,Small
66bb6aabaa8c2d4f74ffba7b,"3512, 351, 2, 251bb, 25, 20bii, 20",7,Intermediate
66bbc95b7567d31fa82865c5,"8c, 20biib, 20",3,Intermediate
66bbdae4d7bf430eddb8f1b0,"8c, 20iia, 20",3,Small
66bc2a874e89b43f900931dd,"8c, 20biia, 20, 27",4,Small
66bc48747567d309d33024fa,"8c, 20biib, 20, 27a, 27, 29",6,Intermediate
66bc9a1fd390aa3a44622264,"8c, 20b",2,Intermediate
66bcab900544595f7ced5788,"8c, 21c, 21, 22c, 22, 29, 27a, 27",8,Commercial
66bcc92878918dd3f08f4a13,"8c, 20biib, 20",3,Intermediate
66bcc9c4d390aad0da65b6e7,"20biib, 20, 29, 8c",4,Intermediate
66bd90ded390aaf0506cf29a,"8c, 20biia, 20, 27, 28",5,Small
66be3e71d390aa58c5772943,"8c, 20biia, 20",3,Small
66be423b0544598d6cf5dd1d,"8c, 20biia, 20",3,Small
66be465b76423e9089bac448,"8c, 22c, 22, 27, 29",5,Commercial
66be4ff178918d9079a06c06,"8c, 20biia, 20, 27",4,Small
66be68667567d37d98500316,"8c, 21c, 21",3,Commercial
66becda6a300a04ad1f8770d,"20biib, 20",2,Intermediate
66bf0eeea300a002f7053668,"8c, 20biia, 20, 27",4,Small
66bf3efd78918d19b9b48cd0,"20biia, 20",2,Small
66bf772cd7bf43eee8ffa6ac,"20biia, 20",2,Small
66bfc81278918dc5c4ba8c6b,"8c, 20biic, 20, 27",4,Commercial
66c0332eaa8c2d670d53481c,"8c, 21b, 21, 18a, 18, 27",6,Intermediate
66c03b157567d361a5780373,"8c, 20biic, 20, 29",4,Commercial
66c0783b78918d0467e69e12,"8c, 20biia, 20, 27",4,Small
66c091a14e89b4d6ea770513,"8c, 20biia, 20, 27",4,Small
66c0b090aa8c2d686c9329b4,"8c, 20biia, 20",3,Small
66c0e8df7567d305e4a71f09,"8c, 20biia, 20",3,Small
66c15996aa8c2d25dc98f8a2,"8c, 20biia, 20, 20biib, 27b, 27",6,Intermediate
66c159fda300a038694309ee,"20biia, 20, 27",3,Small
66c1d268aa8c2d41ac9dc813,27,1,Small
66c1fe3e4e89b4b40087a3b3,"20biib, 20",2,Intermediate
66c2062ed7bf432bc237fb58,"8c, 20biia, 20",3,Small
66c2241eaa8c2d811ba0cc13,"8c, 20biia, 20, 27b",4,Small
66c23ea4a300a039644b5a78,"20biia, 20",2,Small
66c25f29a300a053164b8843,"8c, 20biib, 20, 29",4,Intermediate
66c28546d390aad871d5f843,"20biia, 20",2,Small
66c2aa64aa8c2d54dca5033d,"8c, 20biia, 20, 27, 29",5,Small
66c2ca5d76423e4e9a068e95,"8c, 20biia, 20, 27",4,Small
66c37b0905445967e427a9a5,"8c, 20biia, 20",3,Small
66c37f85aa8c2d859eaed127,"8c, 20biib, 20",3,Intermediate
66c39b2578918d61de199898,"8c, 20biic, 20, 27a, 27",5,Commercial
66c42229d390aa54a5eb6a60,"8c, 20biia, 20",3,Small
66c46bdf4e89b47b61b327fc,"8c, 20biia, 20",3,Small
66c4b82d76423e97763196e9,"8b, 8, 8c, 20ai, 20",5,Cultivation
66c4e6d7aa8c2d7edbd1ba8b,"8c, 20biib, 20",3,Intermediate
66c58c3dd390aac5b70a51b1,"8c, 20biib, 20, 27",4,Intermediate
66c5ef8fd390aa393526ecbd,"8c, 20biia, 20, 27",4,Small
66c5f0d67567d356ce1b0770,"8c, 20biia, 20",3,Small
66c5fefb76423e8dae56b34b,"20biia, 20, 27",3,Small
66c601d078918d3f4d5d99f6,"8c, 20biia, 20",3,Small
66c60de1e2ed7b300fefd650,"8c, 22c, 22, 125, 35, 3, 5, 251a, 25, 1",10,Commercial
66c62929aa8c2d7568fc43f3,"8c, 20biia, 20",3,Small
66c63148d7bf43be26893804,"8c, 22b, 22, 125, 35, 3, 5",7,Intermediate
66c636467567d37eda1e3d6e,27,1,Small
66c6aa0bd390aa59ad2d3457,"8c, 20biib, 20",3,Intermediate
66c6b1877567d3796722ad70,"8c, 20biib, 20, 29",4,Intermediate
66c6c718a300a0480fb40768,"20biib, 20",2,Intermediate
66c6ec154e89b4578de76879,"8c, 20biia, 20, 29",4,Small
66c6f5c176423e8238678415,"8c, 20biia, 20, 27b",4,Small
66c77023d7bf43b2d3a1b8d5,27,1,Small
66c77c9505445949024c6f82,"8c, 20biib, 20, 27, 29",5,Intermediate
66c783caaa8c2d1a4b172dea,"8c, 20biia, 20",3,Small
66c78cbfd390aa3313432e44,"8c, 20biic, 20",3,Commercial
66c7aa1a76423e842c6fdb70,"8c, 20biib, 20, 27, 27a, 29",6,Intermediate
66c8250a78918dd68f7d6b72,"8c, 20biia, 20, 27",4,Small
66c84b3ea300a0f0e8db9632,27,1,Small
66c854a8aa8c2d0a4927b8f6,"8c, 20biia, 20, 27",4,Small
66c87fc878918d13a394a898,"20biib, 20",2,Intermediate
66c8838cd390aa67cf60f37d,"8c, 20biia, 20, 27b",4,Small
66c885bb05445939a457ab66,"8c, 20biib, 20",3,Intermediate
66c8a93576423e061d8c85ce,"20biib, 20",2,Intermediate
66c8dc2478918debdf984052,"8c, 27, 20biib, 20",4,Intermediate
66c94a3c9191ba0d09ea829d,"8c, 20biia, 20, 27b",4,Small
66c9d95f989f626435f900af,"8c, 20biia, 20",3,Small
66ca002fef9fb7abb64cc70a,"8c, 20biic, 20, 29",4,Commercial
66ca02ff891ffc0bbcddded7,"8c, 20biia, 20, 27b",4,Small
66ca1247891ffc450bde712a,"8c, 22c, 22, 29, 14",5,Commercial
66ca18389191ba3f760ccd98,"8c, 22c, 22, 29, 27a, 27",6,Commercial
66ca212b989f624021fd4bae,"8c, 20biia, 20",3,Small
66cacde8891ffc6486e618b0,"8c, 20biib, 20",3,Intermediate
66caf29e891ffc2595e98b9d,"8c, 22c, 22, 29",4,Commercial
66cb3a701f87a1642a3f9608,"20biia, 20, 27",3,Small
66cb63f71f87a175134163d0,"8c, 20biib, 20, 27",4,Intermediate
66cb8a6a891ffc4835f171c6,"8c, 22c, 22, 29",4,Commercial
66cbbf67891ffc92bdf26576,"8c, 20biia, 20",3,Small
66cbee219191ba469a228797,"8c, 20biib, 20",3,Intermediate
66cc0335891ffcf3f7f5b214,"8c, 20biia, 20, 27, 29",5,Small
66cc64037dbaf4c145be36fc,"8c, 22c, 22, 29",4,Commercial
66cc7f99891ffca8d00660cb,"8c, 20biia, 20",3,Small
66cc8a5d1f87a1253556284e,"20biia, 20, 27",3,Small
66cca8fdef9fb76af1718b19,"8c, 20biia, 20",3,Small
66ccb3b09191ba4af3340274,"8b, 8, 20ai, 20",4,Cultivation
66ccc6639191baab0534581f,"8c, 20biia, 20",3,Small
66cccd8a891ffc80c70b40f9,"8c, 20biia, 20",3,Small
66cdbaed1f87a1044b7f1b48,"8c, 20biia, 20",3,Small
66cdc568989f62a1a251aba9,"8c, 20biic, 20",3,Commercial
66cdc6a91f87a12aa680fac9,"8c, 20biib, 20",3,Intermediate
66cdd8427dbaf43fe4f149a1,"8c, 20biia, 20, 27",4,Small
66cdd8ff7dbaf4f057f16409,"3184, 318, 4, 8c, 20biic, 20, 27",7,Commercial
66ce2628607d44431bcf6aeb,"8c, 20biia, 20, 29",4,Small
66ce37bc1f87a10d88865a30,"8c, 20biib, 20, 27, 29",5,Intermediate
66ce825ff02ae36170e97e38,"8b, 8, 20ai, 20",4,Cultivation
66cec1abcc8c44924790561e,"8c, 20biia, 20",3,Small
66cefc9dcddf222c405843bb,"8c, 20ai, 20, 27",4,Cultivation
66cf01e76e8acd3db5bdf571,"8c, 20biic, 20",3,Commercial
66cf1d0ea1185325f527cbf2,"8c, 20biib, 20",3,Intermediate
66cf3d7075c2a3b885dfc37c,"8c, 20biic, 20",3,Commercial
66cf4cd36e8acd4557ca22ec,"8c, 27, 20biib, 20",4,Intermediate
66cf873e6e8acd09b0cb3c94,"8c, 20biic, 20, 29",4,Commercial
66d02312b9439a55100889fe,"8c, 20biia, 20, 27",4,Small
66d02b1e6e8acd1b91dd92fe,"8c, 20biib, 20",3,Intermediate
66d04051b9439a27630b95e3,"8c, 20biia, 20, 27b",4,Small
66d04132cddf2209c57846e2,"8c, 20biia, 20, 27",4,Small
66d07d816e8acdaedce90d68,"8c, 20biia, 20",3,Small
66d085f56e8acde16fe9ba7e,"8c, 20biia, 20",3,Small
66d0bf29cddf223cf7865740,"8c, 21b, 21, 27",4,Intermediate
66d174a0a1185355f85e7bd2,"8c, 20biia, 20, 29, 1211, 121, 1, 3172, 317, 2",10,Small
66d1cd8fcc8c4446e8e5b766,"8c, 20biia, 20, 27",4,Small
66d1e695a1185352c27365d0,"20b, 20, 9i, 9, 112",5,Intermediate
66d1f2b4cddf22c560acbc05,"8c, 20ai, 20, 27b",4,Cultivation
66d20dc935a88b4b12e102bc,"8c, 20biia, 20, 21b, 21, 29",6,Intermediate
66d27c9c6e8acd1d840eb198,"8c, 20biia, 20, 27b",4,Small
66d2ee086e8acdc7d91d1c6d,"20ai, 20, 20biia, 27, 8c",5,Cultivation
66d2fd97b9439a6ac849e74c,"20biia, 20",2,Small
66d30b9ccddf226acacbaf0f,"8c, 20biia, 20",3,Small
66d31f952d9c0f81df595e75,"8c, 20biia, 20, 27",4,Small
66d33690a118531ec095ec31,"8c, 20biia, 20, 27b",4,Small
66d35125b9439a50c252bb2b,"8c, 20biib, 20",3,Intermediate
66d352a2a11853868a97d997,"20biib, 20, 29",3,Intermediate
66d3654935a88b56d606343d,"8c, 20biia, 20, 7a, 7, 8e, 8",7,Small
66d3a871b9439a83b054e9ae,"8c, 20biib, 20, 8b, 8, 20bi",6,Intermediate
66d3d23bcddf226951d641f8,"8c, 20biib, 20",3,Intermediate
66d4748675c2a3a27534b797,"8c, 20biia, 20",3,Small
66d4a4a1a11853479da8f119,"20biia, 20",2,Small
66d4a68f1b33d23007032dd6,"8c, 20biic, 20, 29",4,Commercial
66d52bb9cddf22f26de45888,"8b, 8, 20a, 20, 20biib",5,Cultivation
66d538eab9439abbcb6532de,"8c, 20biia, 20",3,Small
66d5e42e75c2a397a8554e64,"8c, 20biia, 20, 27",4,Small
66d5ef3dcc8c4448de37b1ac,"8c, 20biia, 20",3,Small
66d5fa8175c2a3926955f679,"8c, 20biic, 20",3,Commercial
66d6022ccc8c447d23386480,"8c, 27b, 20biia, 20",4,Small
66d6c39675c2a31728649e3e,"8c, 20biib, 20",3,Intermediate
66d72a7ab9439a7bcda31573,"8c, 20biia, 20, 27b, 251bb, 25",6,Intermediate
66d72d76a11853f0e3ebbf03,27,1,Small
66d7fe4ab9439ab5e6ab44a4,"8c, 20biib, 20",3,Intermediate
66d80f3e1b33d2636f5ed447,"8c, 20biic, 20, 29, 27a, 27",6,Commercial
66d84af6a11853f3a105331d,"8c, 20biib, 20",3,Intermediate
66d8598435a88b673d722ad0,"20biia, 20",2,Small
66d865bd1b33d279246f60a1,"8c, 20biia, 20",3,Small
66d86a1c6e8acd0b619fca53,"8c, 20biib, 20",3,Intermediate
66d86d4ca1185358fb0a2c3e,"8c, 20biib, 20",3,Intermediate
66d87df06e8acd21b0a161c9,"8c, 20biib, 20, 27",4,Intermediate
66d892d8cc8c441c83716c8f,"8c, 20biic, 20, 29, 27a, 27",6,Commercial
66d8af93cc8c44ff2671df66,"20biia, 20",2,Small
66d8d3472d9c0f425184472d,"8c, 20biib, 20",3,Intermediate
66d8d8a435a88b620076295d,"8c, 20biia, 20, 27",4,Small
66d8e02235a88bca44762ce6,"8c, 20biib, 20",3,Intermediate
66d95928cddf227047627674,"8c, 20biib, 20",3,Intermediate
66d97108cddf2215b667454f,"8c, 20biic, 20",3,Commercial
66d9755ba118536eeb1d26ff,"20ai, 20, 20biia, 27, 8b, 8",6,Cultivation
66d999861b33d276f48eca7c,"8c, 20biia, 20",3,Small
66d9d5a4cc8c443a01927126,"8c, 20biia, 20, 27b",4,Small
66d9e03875c2a322ebb3c6bb,"8c, 20biia, 20",3,Small
66d9e2466e8acd5f77c64da7,"20biia, 20, 27",3,Small
66da1596a11853b1a42c74b6,"20biia, 20",2,Small
66da716b35a88b6a309a90fc,"8c, 20biia, 20",3,Small
66da9febcc8c44b2099c2b69,"8c, 20biib, 20",3,Intermediate
66dace561b33d2847eaca3d0,"20biia, 20",2,Small
66db0a8dcc8c449219ac2877,"8c, 20biic, 20",3,Commercial
66db2c7b75c2a365c9c8ca92,"8c, 20biia, 20",3,Small
66db65381b33d2b45fbaeb68,"8c, 20biia, 20, 27",4,Small
66dbf11035a88b3864ba54f2,"8c, 20biib, 20",3,Intermediate
66dbfeb91b33d282e6c1c7f2,"8c, 20biia, 20",3,Small
66dc180acc8c44b1e6b72ba8,"8c, 20biib, 20",3,Intermediate
66dc3bfbcddf2206289fb260,"8c, 20biia, 20",3,Small
66dc4c7a6e8acd428af35db1,"8c, 20biib, 20, 20biic, 13",5,Commercial
66dc6ba435a88b83efc2c298,27,1,Small
66dc76c375c2a36943d4bc46,"8c, 20biib, 20, 29",4,Intermediate
66dc84376e8acd25c4f5d9cb,27,1,Small
66dc8b27cddf22201ea2ff5d,27,1,Small
66dc98f42d9c0f161faac8d0,"8c, 20biic, 20",3,Commercial
66dc9c1875c2a301a5d58681,"8b, 8, 20a, 20",4,Cultivation
66dca0dbcddf224145a4bb13,"8b, 8, 20a, 20",4,Cultivation
66dcb470b9439a3b02184f54,"8c, 20biia, 20",3,Small
66dd9958b9439af16322f73f,"20biib, 20",2,Intermediate
66ddb07935a88b6f09d1e4c6,"8b, 8, 20a, 20",4,Cultivation
66ddb455b9439a18e625289b,"8b, 8, 20a, 20",4,Cultivation
66dde99b35a88b11ced374d7,"8c, 20biia, 20",3,Small
66deac366e8acd3dcf199e67,27,1,Small
66deb91335a88b3d71e7cf2d,"8c, 20biic, 20, 29",4,Commercial
66df3cd6a11853092095aff8,"8c, 20biib, 20, 29",4,Intermediate
66dfbece35a88b4d85fabdfa,"8c, 20biic, 20",3,Commercial
66e041262d9c0f4015cba147,"8c, 20biia, 20",3,Small
66e062daa11853121db79d5d,"8c, 20biia, 20, 27",4,Small
66e07b26cc8c4440ea1161b6,"8c, 20biib, 20",3,Intermediate
66e08b34b9439a28765e9d8a,"8c, 20biib, 20",3,Intermediate
66e08ff56e8acd32224283da,"20biib, 20, 27",3,Intermediate
66e0a2bf6e8acd66bd42aa7f,"8c, 20biic, 20, 27a, 27, 29, 25, 1b, 1",9,Commercial
66e0fa1ea11853626bbced55,"8c, 20biia, 20",3,Small
66e117116e8acd1f3046cb1e,"8c, 20biia, 20, 27, 29, 79",6,Small
66e151626e8acdac67522262,"8c, 20biib, 20, 8b, 8, 20bi",6,Intermediate
66e18c4da11853eeb2ce4871,"8c, 20biia, 20",3,Small
66e1b4c9cc8c440d2e306904,"223, 292, 20biia, 20, 27, 21, 76",7,Small
66e1d2c61b33d223ee33934e,"20biia, 20",2,Small
66e1d98acc8c44de6d315aa1,"8c, 20biic, 20",3,Commercial
66e1eac96e8acd2b6f6288e7,"8c, 20ai, 20, 27b",4,Cultivation
66e1f32dcc8c44478931ae99,"20biia, 20",2,Small
66e22558b9439a38597ec115,"20biia, 20",2,Small
66e23b15cddf22e58e1ce72f,"20biia, 20",2,Small
66e2d517b9439a3143983be5,"8c, 20biia, 20, 27",4,Small
66e30383cddf220c07391cb9,"8c, 27b",2,Small
66e33608cddf22c2083b1a0c,"8c, 20biia, 20",3,Small
66e397d5a11853fbd1f7034b,"8c, 20biia, 20, 27",4,Small
66e3ed3ca118533ba600fd08,"8c, 20biib, 20",3,Intermediate
66e418ae75c2a30c356bf844,"8c, 20biib, 20",3,Intermediate
66e5517cb9439a8334c635f3,"8c, 20biib, 20",3,Intermediate
66e5b894cc8c447fb27bea93,"8c, 20biia, 20",3,Small
66e5d0c7a118530798238d7d,"8c, 20biia, 20, 27",4,Small
66e5d12135a88b40f77c792a,"8c, 20biib, 20",3,Intermediate
66e5e1e21b33d22ccb84dc60,"20biia, 20",2,Small
66e62b5fb9439a5c5bd198b1,"8c, 20biib, 20, 27",4,Intermediate
66e6e7612d9c0f78481279dd,"8c, 20biia, 20",3,Small
66e70ae3a11853574431bb4a,"8c, 20biib, 20",3,Intermediate
66e79378b9439a7a57df0132,"8c, 20biia, 20",3,Small
66e816dcb9439a3ee4e664cc,"8c, 20biib, 20",3,Intermediate
66e83974b9439a9835e8e98b,"8c, 21b, 21, 29",4,Intermediate
66e842e475c2a36b0e9adcdf,"8c, 20biib, 20",3,Intermediate
66e847512d9c0f7dc41b8c6f,"8c, 20biia, 20",3,Small
66e85bb735a88b26cd93cd2c,"8c, 20biib, 20",3,Intermediate
66e8812e6e8acd68c7d4f413,"8c, 20biia, 20",3,Small
66e89581b9439a2438eb09f3,"8c, 20biib, 20",3,Intermediate
66e8e3eb6e8acda013d89957,"8c, 20biia, 20",3,Small
66e98da435a88b68359fffd6,"8b, 8, 20ai, 20",4,Cultivation
66ea748bcc8c440764bc81df,"8a, 20biib, 20",3,Intermediate
66eaa915cddf2241cea7b67b,"8c, 20biib, 20",3,Intermediate
66eaeb3dcc8c442d16c99a9d,"78, 79, 3512, 351, 2, 11, 2012, 12, 8, 27",10,Small
66eb7cff6e8acd3ef606d67f,"8c, 20biib, 20, 27b",4,Intermediate
66eb8fc66e8acdbfa807055c,"8c, 20biic, 20, 27a, 27",5,Commercial
66ec4df735a88b8d9eeb8439,"8c, 20biia, 20",3,Small
66ec4f7a75c2a3d478f1cd51,"8c, 22b, 22, 27, 29",5,Intermediate
66ec6b431b33d2165e04da3e,"8c, 20biic, 20, 29, 27a, 27",6,Commercial
66ed8b6da4cd0a40eec1b621,"8c, 20biib, 20, 27",4,Intermediate
66ed8d6fa4cd0a9223c1da0e,27,1,Small
66ed9b29b9439a2b008856b3,"8c, 20biia, 20, 27",4,Small
66edacf1cddf22ba912bcf49,"20biic, 20, 29, 8c, 27a, 27",6,Commercial
66ee24acb9439a6fe88dbbc6,"8c, 20biib, 20",3,Intermediate
66ee6d0fb9439a7d0c961153,"8c, 20biia, 20",3,Small
66eea86bb9439a97f1cae917,"8c, 20biia, 20, 27",4,Small
66eebc79a118537ed7359dcc,"8c, 20biic, 20, 29",4,Commercial
66eecec875c2a3800b69fb59,"8c, 20biib, 20",3,Intermediate
66eed9fa6e8acd339ac14e7b,"20biia, 20, 27b",3,Small
66eee97cf423663e6d805e96,"8c, 20biib, 20, 29, 27",5,Intermediate
66ef4bd175c2a373926c6a10,27,1,Small
66effe526e8acdfd43cb4fb4,"8c, 20biia, 20",3,Small
66f011211b33d27fae87026a,"20biia, 20",2,Small
66f01388a1185332be4592e1,"8c, 20biib, 20",3,Intermediate
66f017756e8acd6f62cc6628,"20biia, 20",2,Small
66f02fc0a11853612c46f10e,"3094, 309, 4, 8c, 20biia, 20, 27b, 27",8,Small
66f03319cddf22aea17f1f00,"8b, 8, 20a, 20",4,Cultivation
66f074ca35a88befcf67bc42,"8c, 20biia, 20",3,Small
66f186246e8acdbdc8ee5855,"8c, 20biic, 20",3,Commercial
66f1bb6d2d9c0f3e94b01f67,"20biib, 20",2,Intermediate
66f1d8b3cddf229ddda97930,"8c, 20biic, 20, 29",4,Commercial
66f2074ccddf2212a4ad1ef1,"20biia, 20, 27, 8c",4,Small
66f21bbaf42366d7839da302,"8c, 20biib, 20",3,Intermediate
66f2a939a1185367ae7a6fd6,"8c, 20biia, 20",3,Small
66f2b43fb9439a7b30153619,"8c, 20biib, 20",3,Intermediate
66f30c26b9439afccb1b1764,"20biia, 20, 27",3,Small
66f3e09375c2a3024ec195d7,"8c, 20ai, 20, 27",4,Cultivation
66f3e3c2b9439a5484328441,"8c, 20biia, 20, 27",4,Small
66f41380b9439a3b593a45d0,"8c, 20biib, 20",3,Intermediate
66f4268ecddf220047fbdb99,"8c, 20biia, 20, 27",4,Small
66f475b6f423660ce4d07cdd,"8c, 20biib, 20",3,Intermediate
66f4b61bcddf22088d01d089,"8c, 20biic, 20, 27a, 27, 29",6,Commercial
66f583dcaf1e9153be308b35,"8c, 20biia, 20, 27",4,Small
66f595169937615975fed5fa,"8c, 20biia, 20, 27",4,Small
66f5957426516d921c0e797b,"8c, 20biia, 20",3,Small
66f60bbcbba47b6cc2a30038,"8c, 20biib, 20, 29",4,Intermediate
66f674b979ebff81d75ac5b5,"8c, 20biib, 20, 29, 27a, 27",6,Intermediate
66f67da479ebffd4385b42f9,"8c, 20biib, 20, 27",4,Intermediate
66f689076767b69c463c0aab,"8c, 20biia, 20",3,Small
66f6b6ea26516dee6328fb0b,"8c, 20biia, 20, 27",4,Small
66f6c46faf1e913c974db29a,"8c, 22b, 22, 20biia, 20, 27a, 27",7,Intermediate
66f6c9129937610e3f1dd2b5,"8c, 20biic, 20",3,Commercial
66f735863a5f1e4aa7a649cd,"8c, 22c, 22, 34",4,Commercial
66f73a456767b6485e490ef5,"8c, 22c, 22",3,Commercial
66f74ef53a5f1e300da9cd73,"8c, 22c, 22, 34",4,Commercial
66f7565726516d36e22f800d,"8c, 22c, 22, 34",4,Commercial
66f76ff926516d60f32fc48b,"8c, 20biib, 20",3,Intermediate
66f78297af1e915379540a28,"8c, 20biia, 20, 27",4,Small
66f7af9a651a676fa4cc2179,"8b, 8, 20ai, 20",4,Cultivation
66f7b2c379ebff9a6471999c,"8c, 20biib, 20",3,Intermediate
66f7f8757f7b43da00f938d1,"8b, 8, 20ai, 20",4,Cultivation
66f7fd2879ebff217a77c5ae,"8c, 20biib, 20, 27a, 27",5,Intermediate
66f7ff413a5f1e6444bcf74a,"8c, 20biia, 20, 27b",4,Small
66f831fb6767b632e063bb9d,"8c, 20biia, 20, 27",4,Small
66f8cc693a5f1e5bb0c6019c,"8c, 20biia, 20",3,Small
66f8db50bba47b7747d2bf56,27b,1,Small
66f92e3a7f7b439b1d075118,"27, 8c, 21a, 21",4,Small
66f93b1fbba47b30d6d62f82,"8c, 20biib, 20",3,Intermediate
66f9a94faf1e9106a878640e,"8c, 22b, 22, 20biia, 20, 29",6,Intermediate
66fa590779ebff3c1c9f161d,"20a, 20, 20biia, 27, 8c",5,Cultivation
66fa954626516d342b7279f4,"8c, 20biib, 20",3,Intermediate
66fadb2cdec63fd078d8ae44,"8c, 20biic, 20",3,Commercial
66faea48af1e914ea49e15d9,"8c, 20biia, 20",3,Small
66fb9a4c357d4fcda1b991b2,27b,1,Small
66fbb8339937613fb48aa168,"8c, 20biia, 20",3,Small
66fbbf0e99376152dd8b4536,"8c, 20biia, 20, 27",4,Small
66fbd9717f7b433429447d93,"8c, 20biia, 20",3,Small
66fbea813a5f1ed3e8194f5a,"20biib, 20",2,Intermediate
66fbeef479ebffc8afc3ad5d,"8c, 20biib, 20",3,Intermediate
66fc4362357d4f5104c9e017,"8c, 20biia, 20",3,Small
66fc4d10af1e9161edbcd8c2,"8c, 20biic, 20, 29",4,Commercial
66fc798c3a5f1e53471eb113,"27a, 27",2,Small
66fcc4bd26516d0df89e1666,"8b, 8, 20ai, 20",4,Cultivation
66fd2aa67f7b430f345ced8e,"8c, 20biia, 20",3,Small
66fd31f0993761b483aa4886,"8c, 20biib, 20, 27",4,Intermediate
66fd476c3a5f1e0ac3315414,"8c, 20biib, 20, 27b",4,Intermediate
66fd612326516d5075afd386,"22b, 22, 22c, 20biia, 20, 29, 8c, 34e, 34",9,Commercial
66fd72cc651a672fdff68090,"8c, 20biia, 20, 27",4,Small
66fd7d199937615830afbdaa,27,1,Small
66fe2d38af1e914bc8d9cdab,"8c, 20biib, 20",3,Intermediate
66fe84846767b635db059cde,"8c, 20biia, 20",3,Small
66fe90f0651a67136e02749b,"8c, 20biia, 20",3,Small
66feaf7f79ebff30e11ea6ce,"8c, 20biia, 20",3,Small
66feb3f97f7b43f3378ce79b,"8c, 20biia, 20",3,Small
66fec68d26516d6c1aef239a,"8c, 20biia, 20",3,Small
66fed9836767b65c760c2366,"34a, 34, 21c, 21",4,Commercial
66ff5414bba47b3b4d4c9679,"20biib, 20, 8c",3,Intermediate
66ffd6f59e1f53190170af5e,"8c, 20biib, 20, 29",4,Intermediate
670075eb91dfae34077f5bd1,"20biia, 20, 27",3,Small
67013e5645a56c4f481446c4,"8b, 8, 20ai, 20",4,Cultivation
67014771b6b6aa7c6b7b3c13,"8c, 20biia, 20",3,Small
67018ad622275f2cbb487d3d,"8c, 20biia, 20, 29",4,Small
6701fa3fd8106a6ee12ca507,"20biib, 20",2,Intermediate
670227ead8106abbc82eeb3b,"8c, 20biia, 20",3,Small
6702329bdf5a2cb7872cde5a,"8c, 20b, 20",3,Intermediate
670241bc954124b1d2d6110f,"8c, 20biia, 20, 27b",4,Small
67024c4091dfae0d549b71ac,"8c, 20biib, 20",3,Intermediate
6702dbe18b4e025663052a81,"8c, 20biia, 20",3,Small
6702f25f51d705d9ed037773,"8c, 20biia, 20, 27",4,Small
67039af022275faf59678582,"8c, 20biia, 20, 27b",4,Small
6703c21d8b4e02caf82befd6,"20a, 20, 20biia, 27, 8c",5,Cultivation
6703d7b2d8106affe56eaafb,"8c, 20biia, 20, 27b",4,Small
6704089691dfae8e8fc76bd6,"8c, 20biia, 20",3,Small
670414a8b6b6aa7f5cba33d3,"8c, 20biib, 20, 27b, 27a, 27, 29",7,Intermediate
670416fdd8106a694c73e098,"8c, 20biib, 20, 27",4,Intermediate
670422f9598680fab40bec21,"8c, 21b, 21, 27a, 27",5,Intermediate
67044e6c8b4e02dc07345511,"20biia, 20, 77",3,Small
670476ac91dfae2c52cbc2a1,"20biib, 20",2,Intermediate
6704870691dfae4468cbd648,"8c, 20biia, 20",3,Small
6704dba584ee1d3bcfda1b69,"8c, 20biic, 20, 27, 29",5,Commercial
67053f1691f3d2dbe8a1a5a7,"20biic, 20, 29, 8c",4,Commercial
6705409c469feb19acd4429a,"8c, 20biia, 20, 27b",4,Small
6705554f84ee1d9350f0ff3f,"8c, 20biia, 20, 27, 29",5,Small
6705f77b91f3d2aee8a90523,"20biib, 20",2,Intermediate
67063b4691f3d24a79ba499d,"8c, 20biib, 20, 29",4,Intermediate
67065282034d96cd502bc07d,"8c, 20biia, 20, 27",4,Small
67068a6a469feb620af946a1,"8c, 20biib, 20",3,Intermediate
6706a405469feb0c10fad2fa,"21b, 21",2,Intermediate
6706ba0efbf1df5d71a77dc4,"8c, 20biia, 20, 27b",4,Small
6706beeca0150768af047ebe,"8c, 20biia, 20, 27",4,Small
67073a42a6adc04917892aae,27,1,Small
6707df3617affd52ec10060d,"8c, 20biib, 20, 27",4,Intermediate
670811cd58507752391e1ce0,"8c, 20biia, 20, 27",4,Small
6708b9c4ea7d48a87cac34f5,"8c, 20biia, 20, 27",4,Small
6708e429a980b8ffbff0d311,"8c, 20biib, 20, 27",4,Intermediate
6709771e0994bc4131f9dfcc,"8c, 20biib, 20, 27b, 27",5,Intermediate
670a1f780994bc08dafe41b7,"8c, 20biia, 20, 27, 25",5,Small
670aa9b27c95a4388756dbcd,"20b, 112, 9i, 9",4,Intermediate
670bb0e39e6ebf4cffbfbcfb,"8c, 27, 21a, 21",4,Small
670c1d9abba4f236483589d7,"8b, 8, 20iia, 20",4,Intermediate
670cb4c2bba4f241dd3b1c93,"8c, 20biia, 20, 27b",4,Small
670e47109e6ebf0f82ef4e26,27b,1,Small
670e784aea7d48dc8705d641,"22b, 22, 8c, 34e, 34",5,Intermediate
670e9da61ab5fd7a59dca607,"1152, 115, 2, 352, 3242, 324, 132, 27",8,Small
670e9ec01ab5fddf7fdcac52,"8c, 20biia, 20",3,Small
670eaaf0585077449485cf34,"8c, 20biia, 20",3,Small
670fa5165850772fb49c5f6a,"8c, 20biib, 20",3,Intermediate
670fe86abba4f277147f92c2,"8c, 20biia, 20",3,Small
670feaadbba4f2764e7fa42b,"8c, 20biia, 20, 27",4,Small
671027387c95a47fc9add93f,"8c, 20biib, 20, 29",4,Intermediate
671078805850770875a66bb7,"20biia, 20, 27",3,Small
67109bd366ba7891dd59fad0,"3032, 303, 2, 62, 8c, 20b, 20",7,Intermediate
6710ac08a980b8a09e54c5f2,"8c, 21b, 21",3,Intermediate
6710f9160a118f068de0c3be,"8c, 20biia, 20",3,Small
67110c5f9e6ebf68912da12c,"8c, 20biia, 20, 29",4,Small
6711104517affda7ec871400,"8c, 20biic, 20, 27a, 27",5,Commercial
67111f2c7c95a48442c95c4f,"8c, 20biia, 20",3,Small
671164097c95a43bbfcb869b,"20biib, 20",2,Intermediate
6711bee566ba7839cb75b956,"20biia, 20, 27",3,Small
6711ea83a980b806e46e3095,"8c, 20biia, 20, 27",4,Small
6711f4a89e6ebf2e8537eac7,"27a, 27, 8c",3,Small
671249e31ab5fd927428e05e,"8c, 20biib, 20, 27, 27a, 29",6,Intermediate
67127f800994bc824894cf77,"8c, 20biia, 20",3,Small
6712a3c0a980b87c8c7c89b7,"20biia, 20",2,Small
6712b44a17affd73709e793d,"8c, 20biia, 20",3,Small
6712fa2617affdd700a1eada,"8c, 20biib, 20",3,Intermediate
671381fbea7d480b3570eea6,"8c, 20biia, 20",3,Small
671384d717affd0633acdb29,"8c, 20biia, 20",3,Small
67138bc90994bce467a69b29,"8c, 20biib, 20",3,Intermediate
6713b1c10994bc00fbab9bdd,"8c, 18b, 18, 15",4,Intermediate
6713b8ffa980b885748e2aa3,"8c, 20biib, 20, 29, 27a, 27",6,Intermediate
6713dfdf17affd48c7b5116d,"8c, 20biic, 20",3,Commercial
6713e2f666ba78192aa2d1f9,"8c, 20biic, 20, 27a, 27",5,Commercial
6713ece966ba788a5aa31d83,27,1,Small
671463f60a118f0996fa96e5,"8c, 20biia, 20, 27, 29",5,Small
671549410994bc0d60c09734,"8c, 20biib, 20",3,Intermediate
67155b880a118f98f3fed730,"20biia, 20",2,Small
67156d3a0994bccd62c0d13f,"8c, 20biib, 20",3,Intermediate
6715abd99e6ebfb5cd7743a4,"8c, 20biib, 20",3,Intermediate
6715b083ea7d486e3a8b0ca5,"8c, 20biia, 20",3,Small
671622dba980b8373ba8ac10,"8c, 20biia, 20",3,Small
67162462ea7d48a6e698ea99,"8c, 27",2,Small
67164882a980b8e35eab96ca,"20biia, 20",2,Small
67166268bba4f26d56f757f0,"8c, 20biia, 20, 27b",4,Small
67166f62ea7d482396a331bb,"8c, 20biia, 20, 27b",4,Small
671676750a118fd2340938c5,"8c, 20biia, 20, 27b",4,Small
671678570a118f0adf0940e8,"27a, 27, 8c",3,Small
6716a59c7c95a426db300721,"8c, 20biia, 20, 27b",4,Small
6716bad617affdb7f1d66dd3,"8c, 20biia, 20, 27b",4,Small
6717081258507724e42c77e7,27,1,Small
67171754ea7d484aa2a94586,27b,1,Small
67178f1f0994bc58dbf5bb62,"8c, 20biib, 20, 29, 27a, 27",6,Intermediate
671795bea980b8470dc5a397,"8c, 20biib, 20",3,Intermediate
6717c8bd17affd209aeef516,"20biib, 20, 8c",3,Intermediate
6717e5bb7c95a4402753cae6,"8c, 20biic, 20",3,Commercial
67188c840a118f56fe1d3b19,"20biia, 20, 27b",3,Small
6719242e0994bca69c189480,"8c, 20biib, 20",3,Intermediate
671924de66ba78cbaa1ee52a,27,1,Small
67192e8c17affd4b16088f13,"20biib, 20, 8c",3,Intermediate
6719303a66ba784ca11f2af1,"8c, 20biib, 20, 27b",4,Intermediate
6719665d7c95a4581e76d9bd,"8c, 20biia, 20, 29",4,Small
6719b98a0994bcbf101e0c8e,"8c, 20biic, 20",3,Commercial
6719d6dda980b85746e349c3,"8c, 20biib, 20",3,Intermediate
671a0a309e6ebf8146e87aaa,"8c, 20biia, 20, 27",4,Small
671a4757585077fa939ccfab,"8c, 20biia, 20, 27a, 27",5,Small
671a677117affd0ee02035df,"8c, 27",2,Small
671a679b66ba78648a3bb090,"8c, 27, 20biia, 20",4,Small
671a762fea7d48774e15d2a4,"8c, 20biib, 20",3,Intermediate
671a90481ab5fd4808c49a53,"8c, 20biia, 20",3,Small
671abe9417affdc62320edbb,"8c, 22c, 22, 27, 29",5,Commercial
671b42c5bba4f285a95fbc92,"8c, 22c, 22, 27, 27a, 29",6,Commercial
671b83fca980b85c8002e32b,"8c, 22b, 22, 27",4,Intermediate
671bb82f585077f4ecc96c8e,"8c, 20biia, 20",3,Small
671bc1c87c95a424c6b440f6,"8c, 20biia, 20",3,Small
671bc466bba4f260ad76a482,"8c, 20biia, 20",3,Small
671bd10966ba7808615ca79a,"8c, 20biia, 20, 27",4,Small
671cbdcabba4f235318474fc,"8c, 20biia, 20, 27",4,Small
671cc5f766ba78a4de6f1bba,"8c, 20biia, 20",3,Small
671d2dc6bba4f281518ed3ba,27,1,Small
671d38371ab5fdbc7cf97fe0,"8c, 20b2b, 29",3,Intermediate
671e12471ab5fd294c016906,"25, 27, 29, 3, 4",5,Small
671e4e7dbba4f212e59c128d,"27, 8c, 20biia, 20",4,Small
671e6f6f66ba78575783e391,"8c, 20biia, 20, 27b",4,Small
671e8c3c1ab5fd4a6105129d,"8c, 20biia, 20",3,Small
671f79ec0994bcf1d7983a77,"8c, 20biia, 20, 27b",4,Small
671f7d9666ba783101aecf3c,"8c, 20biic, 20",3,Commercial
67202826585077c8ee305393,"8c, 20biib, 20, 27, 29",5,Intermediate
67206082bba4f23dccc45333,"8c, 20b2a, 27b",3,Small
6720bbb3ea7d488499b70309,"8c, 20biib, 20",3,Intermediate
6720bf3e17affdc676849065,"8c, 20biib, 20",3,Intermediate
67211c3f0a118fdba06c9f6d,"8c, 20biia, 20, 27",4,Small
67211ee666ba78c9ccd7561b,"8c, 20biia, 20",3,Small
67211f2c1ab5fd3e3d3c4f2c,"8c, 20biic, 20",3,Commercial
672128cf66ba78747bd7857b,"20biic, 20, 8c, 29",4,Commercial
672138507c95a464be2a0dea,"8c, 20biib, 20, 27",4,Intermediate
672151fd0994bc2c0cba9df7,"8c, 22c, 22",3,Commercial
6721b0c966ba78141bdca6f8,"8c, 20biia, 20, 27",4,Small
6721bac8bba4f2912ee0383f,"8c, 20biia, 20, 27b",4,Small
6722032b1ab5fd699052d52f,"8c, 20biia, 20, 27",4,Small
67220d96bba4f26916ede504,"8c, 20biib, 20, 27b",4,Intermediate
672258e97c95a44d15551c09,"8c, 20biia, 20, 27b",4,Small
672259de585077056474da52,"8c, 22c, 22, 34i, 34",5,Commercial
672288ba1ab5fda3235ba987,"8c, 22c, 22",3,Commercial
6722e4e1ea7d488c06eca5f8,"20biic, 20",2,Commercial
672307e8bba4f282caf750f5,"8c, 20biib, 20, 29",4,Intermediate
672365a51ab5fd3ece6716aa,"8c, 20biic, 20, 27a, 27, 29",6,Commercial
67237b6aea7d484b6df6841d,"27a, 27, 8c",3,Small
672383da1ab5fd8a1d687514,27,1,Small
6723b47b9e6ebf69f8a7bc03,"8c, 22c, 22, 27a, 27, 29",6,Commercial
6723be11a980b802ca75294a,"8c, 20biic, 20, 29",4,Commercial
6723d175585077829085d623,"8c, 20biia, 20, 27",4,Small
6723e50c585077219085f0e0,"8c, 20biic, 20",3,Commercial
6724fea4585077465a9ec011,"8c, 20biia, 20, 27b",4,Small
6724fef1a980b82fb4858579,"20biib, 20",2,Intermediate
672518b69e6ebf991ebee15c,27,1,Small
6725224f1ab5fd51ee80e41a,"8c, 20b, 20",3,Intermediate
6725ceae9e6ebf921ec90efe,"20biia, 20",2,Small
6725ee43bba4f2437e1fc952,"8c, 20biia, 20, 27",4,Small
672615d1a980b86bbe935cf8,"8c, 20biic, 20, 27a, 27, 29, 78",7,Commercial
67264e391ab5fd35e59784ed,"8c, 20biia, 20, 27b",4,Small
6727c2f89e6ebf3d6be4f3be,"8c, 20biib, 20, 21b, 21, 27",6,Intermediate
6727d52eea7d489b3246aa34,"8c, 20biia, 20, 27",4,Small
67286c4e0994bcd2b9394cb8,"8c, 20biic, 20, 29",4,Commercial
6728a12abba4f240194b1138,"8c, 20biia, 20, 27a, 27",5,Small
6728b885a980b84259b3908b,"20biia, 20",2,Small
6728bd6b0a118f818bae9591,27,1,Small
6728d22d9e6ebf785e107b8a,"20biia, 20",2,Small
6728e6950a118f40efb12015,"8c, 27a, 27, 20biia, 20",5,Small
67290f831ab5fd82cbc9d694,"8c, 20biib, 20",3,Intermediate
6729188166ba78ef206f7eec,"8c, 20biib, 20",3,Intermediate
67291962ea7d4813a0772c9d,"20biib, 20",2,Intermediate
67292e919e6ebf54cb142030,27,1,Small
6729ed3c17affdb3f90fd5dd,27b,1,Small
672a1b31bba4f2f3ea7c4139,"8c, 20biia, 20",3,Small
672a27617c95a4169f0220ba,"8c, 20biia, 20, 27b",4,Small
672a4850585077a04629c88c,"8c, 20biia, 20, 27b",4,Small
672a5574ea7d486ede9b267f,"8c, 20biia, 20",3,Small
672ac4929e6ebf38853c0079,"8c, 20biia, 20, 29",4,Small
672b18941ab5fd5528f349a6,"8c, 20biib, 20",3,Intermediate
672b45449e6ebf2a575ec335,"8c, 20biib, 20, 29, 27a, 27, 78",7,Intermediate
672c1b2366ba78d96fcd1385,"8c, 20biia, 20",3,Small
672c7fc3a980b84584eb8e1c,"8c, 20biia, 20, 27",4,Small
672c9a4a17affd1a3e54b97b,"8c, 20iia, 20, 27",4,Small
672c9bff7c95a45aa1573c53,"8c, 20biib, 20",3,Intermediate
672d1611585077aa748e154b,27b,1,Small
672d302466ba783265f8f9d9,"8c, 22c, 22, 27, 29",5,Commercial
672dbe2366ba78a4ae0a5b07,27b,1,Small
672dc774a980b85cfbfdae20,"8c, 20biib, 20",3,Intermediate
672de82517affd2a30711d46,"8c, 20biib, 20",3,Intermediate
672e2dbc1ab5fd3d1f518687,"8c, 20biic, 20",3,Commercial
672e58670a118fb3d3e88894,27b,1,Small
672eca650994bcd07de0988c,"8c, 20biia, 20",3,Small
672f9e060994bc6074f88e9b,"8c, 20biia, 20",3,Small
672fa4d8ea7d4873583386d8,"8c, 20b, 20, 27b",4,Intermediate
672fcc7917affd50fc8d43c6,"27a, 27, 8c",3,Small
673003c60994bcd45ffc4745,"8c, 20biia, 20",3,Small
6730a72e1ab5fd18387917ed,"8c, 20biib, 20, 27b",4,Intermediate
6730c52cbba4f29f17fcc572,"8c, 20biia, 20, 27b",4,Small
6731937b1ab5fd0be88400ec,"8c, 20biib, 20, 27, 29",5,Intermediate
67324b4666ba7801a06786dc,"8c, 20biib, 20, 27a, 27",5,Intermediate
673257dd17affd423cb0cd99,"8c, 20biia, 20, 27b",4,Small
6732b06c58507771db06e4ca,27,1,Small
6732df35585077612b08761a,"8c, 20biia, 20, 27b",4,Small
6732fa870994bc070435abbb,"20ai, 20, 27, 8b, 8",5,Cultivation
6733328f0994bc69543d3cd5,"8c, 20biic, 20, 29",4,Commercial
673335701ab5fd648ab4c2aa,"20biia, 20, 27b",3,Small
67337a50ea7d484c17837b91,"3096, 309, 6, 27b, 27, 20ba, 20",7,Small
67339629a980b8e4dd437b2d,"27a, 27, 8c",3,Small
6733992b5850773bc8249029,"8c, 20biic, 20",3,Commercial
67339b0e9e6ebf75e72a64b4,"8c, 20biia, 20, 27b",4,Small
6733a17c66ba78772684d1a0,"8c, 27",2,Small
6733a65c1ab5fd48a3bbc3cd,27,1,Small
6733ba4abba4f24ad538180b,27,1,Small
6733c42a66ba7878d085192f,27,1,Small
6733cf957c95a47754ec06e4,"27a, 27, 8c",3,Small
6733f413bba4f23d743b929e,"8c, 20biib, 20",3,Intermediate
6734b0bc9e6ebf79464aa497,"22b, 22, 8c, 34e, 34",5,Intermediate
6734c385ea7d4810c4a821cb,"8c, 20biia, 20",3,Small
6734c5dd7c95a456dd0acaea,"8c, 20biib, 20",3,Intermediate
6734d72c9e6ebf692c4c7430,"8c, 20biib, 20, 27b",4,Intermediate
6734dc7f0994bc2ab267aa09,"20biia, 20, 27",3,Small
6734de6c58507732cc49865f,27,1,Small
6734e88b0994bc90f167e4a1,"8c, 20biia, 20, 27",4,Small
6734ed68585077548449dc86,"8c, 20biib, 20, 27",4,Intermediate
67352d1366ba784e6ba161bc,"305, 292, 352, 3512, 351, 2, 27",7,Small
673597a60994bcf639772bb7,"8c, 20biia, 20",3,Small
67359f78a980b8f44966fa01,27,1,Small
6735c12fa980b841e1696ba0,"8c, 20biib, 20, 27",4,Intermediate
6735cda51ab5fdd830ea8817,27,1,Small
673630ea0a118f655e26c11a,27,1,Small
67363c89ba4cd21b1650f402,27,1,Small
67365502580ebd2abc9709f7,"8c, 20biib, 20, 27b",4,Intermediate
67365eee585077496566c2fe,"27a, 27, 8c",3,Small
6736a37d1ab5fd31e4f721d8,27,1,Small
6736b49f4015dde4bb9f0de1,"125, 27bii, 27",3,Small
6736d7c9c4510a65a0266853,27,1,Small
67371c14ccbccaa328176132,"8c, 20biib, 20, 27",4,Intermediate
673722d5adee146a7e23ad02,"8c, 20biia, 20",3,Small
67375328b959a4eb6b4d50b3,"8c, 20biia, 20, 27",4,Small
673770f70994bc2ae893fddd,"8c, 17b, 17, 29",4,Intermediate
6737779bccbcca4fe91dff1e,"8c, 20biia, 20",3,Small
673778d70994bc591d941c8f,"8c, 20biia, 20, 27b",4,Small
67377c1b0994bcc452942ce7,"8c, 20biia, 20",3,Small
6737a015585077785a778f69,"27a, 27, 8c",3,Small
6737ac10cb959ceb040c0fa4,"8c, 20biib, 20",3,Intermediate
6737c2ed145b39077cee6d73,"8c, 20biia, 20, 27",4,Small
67381b4b0994bc632c98717e,"8c, 20biib, 20, 27b",4,Intermediate
6738531cadee1424ec3974ad,"8c, 20biib, 20, 27b",4,Intermediate
6738ba1a0994bcfde4b9f962,"8c, 20biia, 20",3,Small
6738dc2cb959a43e1783f5ae,"8c, 20biic, 20, 29",4,Commercial
6738ed995850770d38a1afc5,"8c, 20biia, 20, 29",4,Small
67394d2cb959a4797487af09,"8c, 20biia, 20",3,Small
6739d0a45850770a63a93c58,"8c, 20biia, 20, 27",4,Small
673a0fd80994bce8e2c4227f,"8c, 20biic, 20, 29",4,Commercial
673a197e17affd1ab530c509,"29, 20biic, 20",3,Commercial
673ab7e60994bcbe94c86bf4,"20biib, 20",2,Intermediate
673adb71ccbccaf4e15944c0,"8c, 20biib, 20, 106",4,Intermediate
673b3484bc1a922ef478f8f4,"20biia, 20, 27b",3,Small
673b4bd3fc0939c756f18239,"8c, 20biia, 20, 27",4,Small
673b83149321e1ad5aa81152,"8c, 20biib, 20",3,Intermediate
673c5a8138a0155834850517,"8c, 20biia, 20",3,Small
673c72ad5b52ce258d7c8f56,"8c, 20biia, 20, 27b",4,Small
673c8d2138a015ea1b887aa0,"8c, 20biib, 20, 27b",4,Intermediate
673cd3d54c9dbd69a8d49f8a,"8c, 20biia, 20, 27b",4,Small
673ce4fa02cdb17de138e7c8,"8c, 20bii, 20, 27b",4,Intermediate
673d649b5b52ce8ae486f4be,"8c, 20biia, 20",3,Small
673d7d0e5b52ced2458adec5,"8c, 20biia, 20, 27b",4,Small
673dfd9f5b52ceae0ea88c45,"8c, 20biib, 20, 27b",4,Intermediate
673e014ef3fefb19990e8191,"8c, 20biib, 20, 27, 29",5,Intermediate
673e170e53ce7880f562f21b,"8c, 20biia, 20",3,Small
673e43b1f1ac1bb8d14761f2,"8c, 20biic, 20",3,Commercial
673e90f553ce7856e966e1ac,"8c, 20biib, 20, 29",4,Intermediate
673f451e5b52ce532dd01fcd,"8c, 20ai, 20, 27b, 27, 20biib",6,Cultivation
673f485638a01581cbc27ed0,"20biia, 20, 27",3,Small
673fa43c38a015ab8bc44604,"8c, 20biia, 20, 29, 27",5,Small
673ffc9336ec693bb3e80e5d,"8c, 20biib, 20, 27, 29",5,Intermediate
674056e002cdb1a333a2c005,"8c, 20biia, 20",3,Small
6740685b32a63350f068ee1d,"8c, 20biib, 20, 29",4,Intermediate
6740f70fde079d1c17d2276a,"8c, 20biia, 20, 27b",4,Small
6741ccad8134a2817f9dd5e6,"8c, 20biia, 20",3,Small
6741eea4ce61650450dbaea8,"8c, 20biic, 20, 29",4,Commercial
6742a5e2ff472ca07b3ad068,"20biib, 20, 27, 29",4,Intermediate
674324db522c22268a21b767,"8c, 20biia, 20",3,Small
674349c98134a2fcd7adc21f,27b,1,Small
6743746cde079d8072073c3b,"8c, 21b, 21",3,Intermediate
674375b8ff472cb8f743d8fb,"8c, 20ba, 20, 2511a, 25, 1",6,Small
6743f639de079d7b2d0b54d2,"8c, 20biia, 20, 27b",4,Small
67444349a3282e1f8ea88cc4,"8c, 20biib, 20, 29",4,Intermediate
67448bf2a3282e3f42b435d0,"8c, 20biia, 20",3,Small
6744ae64de079d804626cfc8,"8c, 20biia, 20, 27",4,Small
6744ae83a3282e7e21b5c801,"8c, 22c, 22, 29, 34a, 34",6,Commercial
6744b57a2da32a31092fe0e5,"8c, 20biib, 20",3,Intermediate
6744bd10de079d1c89273889,"8c, 21b, 21, 27, 29",5,Intermediate
6744bfca39fc97e42af5ca79,"8c, 20biib, 20",3,Intermediate
6744c52d8134a2f38ac7e05f,27,1,Small
6744e6742da32ace0a3057bd,"8c, 21c, 21, 29, 25, 25a, 9",7,Commercial
6744f01aa3282e880bb66e9a,"8c, 20biib, 20",3,Intermediate
67455d0eff472c638a6473c8,"8c, 20biib, 20, 27",4,Intermediate
674591668134a211ade00fcd,"8c, 20biib, 20",3,Intermediate
674595bd2da32a81ef44188a,"8c, 20biia, 20, 27",4,Small
6745b3a1de079d30cc427986,"8c, 20biib, 20, 27, 28",5,Intermediate
6745df0c522c22258063b162,"8c, 21c, 21, 29",4,Commercial
6745fde1a3282e8ce7da1c2c,27,1,Small
6745fea4de079dc6374a96cf,"8c, 20biia, 20",3,Small
674623929e611371b28a9af3,"8c, 20biib, 20",3,Intermediate
67468804de079dc63d4ee0b6,"8c, 20biib, 20, 27a, 27, 29",6,Intermediate
6747304c32a6336e48f67a54,"8c, 22a, 22, 132",4,Small
674746b8ff472ce55695f061,"8c, 20biib, 20, 27b",4,Intermediate
67475428de079d4097699e75,"8c, 20biib, 20",3,Intermediate
6747878a12928cce8831524f,"8c, 20biia, 20, 27",4,Small
674848fe3250b4640dccdc12,"8c, 20biib, 20",3,Intermediate
674884a34e5a36754decf06e,"20biib, 20",2,Intermediate
6748afac8b02094ceb9a571c,"8c, 27",2,Small
6749029b76f370a88be043c1,27,1,Small
674930bf6534c65f8ba4c85a,27,1,Small
67493ba3126e049dd398e062,"8c, 20biib, 20, 29",4,Intermediate
674946c93250b46050da2716,"8c, 20biib, 20",3,Intermediate
6749f95112928cd7f065184c,"8c, 21c, 21, 29, 25",5,Commercial
674a00b08b020964a7bbf181,"8c, 20biib, 20, 35, 3, 5, 27",7,Intermediate
674a0f9e4e5a362acb08d168,"22c, 22, 27, 29, 8c",5,Commercial
674a5b81a5a4ecda5175f1d0,"8c, 20biia, 20, 27b",4,Small
674a81163250b4bad2fb2575,"20biib, 20, 27a, 27, 29",5,Intermediate
674a900e4e5a368b640d6251,"8c, 21c, 21, 29",4,Commercial
674a9cd76534c61429bbeb18,"20biib, 20",2,Intermediate
674ae6f88b0209b172dc36e1,"8c, 20biic, 20",3,Commercial
674afb153250b44c3a16ddee,"304, 35, 3, 5, 27",5,Small
674b17cd76f370a7490a0d22,"20biia, 20, 27b",3,Small
674b1a3d8b0209d492e522b0,"27a, 27, 8c",3,Small
674b445a76f37016910c22bb,"8c, 20biia, 20, 27b",4,Small
674b5c39126e04a5e5e01eba,"8c, 20biia, 20",3,Small
674b60c4a5a4eccedf868742,"8c, 20biic, 20, 29",4,Commercial
674bd94b126e04eb97e4ac50,"8c, 22a, 22, 27",4,Small
674be798126e042825e4ece2,"8c, 20biia, 20, 27b",4,Small
674c0040a5a4ec1f268b44c0,"8c, 27, 29, 22b, 22",5,Intermediate
674c52c1126e045126ece1a0,"8c, 20biia, 20",3,Small
674c8b2c126e048246f04835,"8c, 20biic, 20",3,Commercial
674c978b76f37055ea175163,"8c, 20biib, 20, 27a, 27, 29",6,Intermediate
674c9abd3250b43508333337,"8c, 20biib, 20, 29",4,Intermediate
674ca4a03250b497773364b1,"8c, 20biia, 20, 27",4,Small
674cb6fc3250b4742033906e,"8b, 8, 8c, 20a, 20, 20bi, 20biic",7,Cultivation
674cb7118b020916c7f966dc,"8c, 20biia, 20, 27",4,Small
674ce9103250b444c033b406,"8c, 20biia, 20, 27",4,Small
674d03ca586b35feb9412e7a,"8c, 20biia, 20",3,Small
674d1ae094ede32fc5a3acab,27,1,Small
674d9087126e0411ec16b56d,"8c, 20biib, 20, 29",4,Intermediate
674dd308126e047bf61dda51,"8c, 20biia, 20",3,Small
674dd9a3126e0446b31e1e18,"8c, 20biib, 20",3,Intermediate
674dea2b1dcb2e03b639f1d3,"8c, 20biia, 20",3,Small
674dfabe3250b42d216ad22e,"8c, 20biia, 20, 27",4,Small
674e1cf8586b35ac1d68c476,"8c, 20biia, 20",3,Small
674e602912928ce7abba994e,"8c, 20biib, 20",3,Intermediate
674e91ad8b0209701d2ff1b0,"8c, 20biia, 20, 27",4,Small
674ea9ff126e046cc42c9828,"8c, 20biia, 20",3,Small
674ec63a12928c56edc89dd9,"8c, 20biib, 20, 27a, 27",5,Intermediate
674ed0d7126e04220f32bdbf,"8c, 20biib, 20, 27b",4,Intermediate
674edd6776f3701b05439a34,"8c, 20biia, 20, 27b",4,Small
674ee52312928c32e8cef4f4,"8c, 20bii, 20",3,Intermediate
674f083712928c40cdd494c6,"8c, 20biib, 20",3,Intermediate
674f2f158b020951194b970d,"8c, 20biia, 20, 27b",4,Small
674f4a5e1dcb2e54125d9411,27,1,Small
674f6ace586b3595b3884886,"20biib, 20, 8c",3,Intermediate
674fecff72ceb7f025326135,"8c, 20biia, 20, 20biib, 27",5,Intermediate
67501ef94e5a36a080a85410,"20biib, 20",2,Intermediate
67502d6e586b35fc1aa448ba,"8c, 20b2a",2,Small
675030f63250b41000c1895c,"20biia, 20, 27",3,Small
67506e343250b49cfadd493b,"8c, 20biia, 20",3,Small
6750799794ede3681807cad3,"8c, 20biib, 20",3,Intermediate
67508e141dcb2e01c6920a42,"8c, 20biib, 20, 35, 3, 5",6,Intermediate
67508fb7126e041d248408b7,"8c, 20biia, 20, 27",4,Small
67509ba512928c0f2809a57f,"8c, 20biia, 20, 27",4,Small
6750a1636534c6b16a6a3718,"8c, 20biib, 20",3,Intermediate
6750b95b6534c6672a6a67c7,"8c, 18b, 18",3,Intermediate
6751216f12928ca34f0dc0d1,"305, 8c, 20biia, 20, 27, 29",6,Small
675121b8586b35c793c53572,"8c, 20biia, 20, 27b",4,Small
6751470b12928c81cf1633a4,"8c, 20b2a",2,Small
67517e3d3250b45321f9d3c1,"8c, 20biib, 20",3,Intermediate
6751932212928c0a6826596e,"8c, 20biib, 20",3,Intermediate
6751961912928cf8b626ad86,"8c, 22b, 22, 22c, 27",5,Commercial
6751ba1b4e5a3636cde0d1d1,"8c, 20biib, 20, 27b",4,Intermediate
6751c1466534c6afc08cab31,"8c, 20biia, 20",3,Small
6751c685a5a4ec8000e4512c,"8c, 20biia, 20",3,Small
67522e9a586b3588f4e38021,"8c, 20biib, 20",3,Intermediate
6752433094ede32d9f2a551c,"8c, 20biia, 20, 27b",4,Small
67525d3312928c69902e696a,"8c, 20biib, 20, 27b",4,Intermediate
67526d4b4e5a36567ae6ade1,"8c, 20biia, 20",3,Small
675284b9126e048da1b5177a,"8c, 20biia, 20",3,Small
6752bd4b126e0469aac1d1e0,"21b, 21, 27, 8c",4,Intermediate
6752d6f78b02093173c0b089,"8c, 20biic, 20, 27a, 27, 29",6,Commercial
675325a794ede305973bae33,"20biia, 20, 27b",3,Small
675366464e5a36f74dffd918,"8c, 20biia, 20, 27",4,Small
67539f50586b351b7a0052a4,"8c, 20biia, 20",3,Small
6753c51094ede32ed73fdbb9,"8c, 20biia, 20",3,Small
6753e3753250b4aa272c1e25,"8c, 20biic, 20, 29",4,Commercial
6754279e8b02097ea4e20ae7,"8c, 27",2,Small
67545d438b0209a84ce93b11,"27b, 8c",2,Small
6754afde4e5a367b3218cb4e,"8c, 20biia, 20",3,Small
6754bcdf8b0209b5e3eb241c,"1942, 194, 2, 1152, 115, 35, 3, 5, 27",9,Small
67556242586b35fcd52d3ad4,"8c, 20biia, 20",3,Small
6755a9d494ede3559d5db7ea,"8c, 20biia, 20",3,Small
6755ae303250b46c6355f9cf,"8c, 20biib, 20",3,Intermediate
675641f3586b3589053763aa,"8c, 20biib, 20, 27b",4,Intermediate
6756dc024e5a3657e0556ccb,"8c, 20biib, 20, 29",4,Intermediate
6756f3e81dcb2e868030bb92,"8c, 20biib, 20, 29",4,Intermediate
675703dd1dcb2ecdd03263e8,"8c, 20biic, 20",3,Commercial
67570b6612928cebc59b04f1,"8c, 20biia, 20, 27",4,Small
675716554e5a36153c5ddd80,"8c, 20biia, 20, 27b",4,Small
675717681dcb2ea99033a1a6,"8c, 20biia, 20",3,Small
6758568612928cf59ccfcc10,"8c, 20biia, 20, 27",4,Small
67585a843250b40baabb7bc1,"8c, 20biia, 20",3,Small
67585ad012928cd9bed00969,"20biib, 20",2,Intermediate
675862e78b0209dffc648bc6,"8c, 20biia, 20",3,Small
67586745586b35bb79a7f78b,"8c, 20biia, 20",3,Small
675884716534c68565460566,"8c, 20biia, 20",3,Small
6758e34d76f370f76d258c7f,"8c, 20biic, 20",3,Commercial
6758f2a4a5a4ec20ff2abcfe,"8c, 20biib, 20",3,Intermediate
6758faab6534c60ea54a111b,"8c, 22b, 22",3,Intermediate
67596dc06534c676a564d123,"8c, 20biib, 20",3,Intermediate
6759a0673250b43dbdea431b,"8c, 20biib, 20",3,Intermediate
6759a6de126e047a999f7889,27,1,Small
6759a8271dcb2e0ff68cb07b,"20biia, 20, 27b, 8c",4,Small
6759a886126e0443a09fb1d1,"8c, 20biia, 20, 27b",4,Small
675a24c08b02096e2a976973,"8c, 20biib, 20, 29",4,Intermediate
675a7fbf3250b42d00fd203c,"8c, 20biia, 20, 27b",4,Small
675ae2c494ede32d9ef23f54,"8c, 20biia, 20, 29",4,Small
675b1723586b35bc560288c7,"20bi, 20, 20biia",3,Intermediate
675b236494ede3616ff50e91,"8c, 21b, 21, 27",4,Intermediate
675b326412928c04b71c43f3,"8c, 20biia, 20",3,Small
675ba09e126e0416e5d0ad46,"8c, 20biia, 20",3,Small
675bb5a58b02093974bb5481,27,1,Small
675bb878586b356f9409bdf0,"8c, 20biia, 20, 27b",4,Small
675bd47b6534c61e46b9b5be,"8c, 20biib, 20",3,Intermediate
675beaef1dcb2ef88ad10135,"8c, 20biia, 20, 27",4,Small
675c396312928cc99549cbac,"8c, 22c, 22, 29",4,Commercial
675c4db46534c67097db0e81,"8c, 20biib, 20, 78",4,Intermediate
675c75db94ede31a5e1da96f,"8c, 20biia, 20, 27",4,Small
675ca39194ede32b1b1e00db,"8b, 8, 20ai, 20, 8c, 20biia",6,Cultivation
675caa238b0209753ede0715,"8c, 20biia, 20, 27b",4,Small
675ce76e126e040633071d6f,"27a, 27, 8c",3,Small
675cf375586b3550fc38aac7,"8c, 20biib, 20",3,Intermediate
675d0c76126e046646086a3e,"8c, 20biia, 20",3,Small
675d68471dcb2ee128fa8a36,"8c, 20biia, 20, 27b",4,Small
675dbead1dcb2ecc1cff3676,"8c, 20biia, 20",3,Small
675dfbac126e0405d719e045,"8c, 20biic, 20, 29",4,Commercial
675f32f012928ccd696a4115,"8c, 15, 29",3,Small
675fbac06534c60158018bef,"8c, 22c, 22",3,Commercial
6760552694ede3968958531b,"8c, 20biib, 20, 29",4,Intermediate
67605a1c586b357f2a7a67fc,"20bi, 20, 20biia, 20biib, 27a, 27",6,Intermediate
67605eea94ede35440589645,27,1,Small
6760675276f3700ab6ac0934,"3162, 316, 2, 3184, 318, 4, 28",7,Small
676095b5586b354ae07b04ad,"20biia, 20",2,Small
67609cb08b0209a1551204d7,"8c, 20biic, 20",3,Commercial
676108e14e5a36636a60961d,"8c, 20, 20biib",3,Intermediate
6761290d6534c631dd2dbd28,"8c, 20biia, 20, 27b",4,Small
6761496812928c93f9abd446,"8c, 20biib, 20",3,Intermediate
67615172586b354be19d6996,"8c, 20biib, 20, 27b",4,Intermediate
676188bc12928ced2ec016ae,"8b, 8, 20ai, 20",4,Cultivation
6761b0124e5a36ae028a7bcf,"8c, 20biia, 20",3,Small
6761de886534c621fe516adc,"20biia, 20",2,Small
67621efe3250b4e4f2c87af6,"20biia, 20",2,Small
67622167a5a4ecc31b9552d1,"8c, 20biia, 20",3,Small
6762b2723250b4e826ee6d46,"8c, 20biib, 20, 29",4,Intermediate
6762e8d312928c30edf70cba,"8c, 20biia, 20, 27b",4,Small
6763064194ede37dd1c311ca,27,1,Small
676320958b02092f126951c3,27,1,Small
67632a0a1dcb2e92d497a1b7,"8c, 20biia, 20",3,Small
6763328212928c8655f909b8,"8c, 20biib, 20",3,Intermediate
6763379d4e5a368430bf5ed3,"8b, 8, 20a, 20biia, 20",5,Cultivation
6763b55876f3700cb1fa1838,"8c, 22c, 22, 27, 29",5,Commercial
6763d3e73250b4952411e22d,"8c, 20biib, 20, 27",4,Intermediate
6763e64a94ede32e87dddbfb,"8c, 20biia, 20",3,Small
676429028b02095ee58ecadc,"8c, 22c, 22, 29",4,Commercial
6764ee838b0209c126969cc6,"8c, 20biia, 20, 27",4,Small
67654d0f94ede313ed014b70,"20biia, 20",2,Small
67657ed76534c6489ecf77b5,"8c, 20biia, 20, 27b",4,Small
67658d8a586b3518533a67f1,"20biia, 20",2,Small
676593881dcb2e46eadf511a,"8c, 20biia, 20, 27",4,Small
6765a57d126e046168256e64,"8c, 20biib, 20, 27a, 27, 29",6,Intermediate
6765a9063250b49b863e082a,"8c, 20ai, 20",3,Cultivation
6765d4871dcb2e840ae0d2ea,"8c, 27b, 20biib, 20",4,Intermediate
6765dcaa94ede3651f0a4c4a,"8c, 27b, 20biib, 20",4,Intermediate
6765df0e1dcb2e80a9e0dda8,"20biib, 20, 20ai",3,Cultivation
676621e86534c6a5d2d63133,"8c, 20biia, 20",3,Small
67664a7a41b4ed20e29da5ff,"8c, 22c, 22, 29",4,Commercial
6766772841b4ed1df7adcd66,"20biia, 20, 29",3,Small
67667def38ee6961d1ee55f0,"8c, 20biib, 20",3,Intermediate
67669f76cc786e25508a7c4d,"8c, 20biia, 20, 29",4,Small
6766f804aa5f8368abe050c3,"20biia, 20",2,Small
6766f80d38ee695e5cfb48e1,"8c, 22c, 22, 34",4,Commercial
6766fdb8aa5f830ba6e0631a,"8c, 20biia, 20, 27",4,Small
676707853698e042ef035960,"8c, 20biia, 20, 27b, 27",5,Small
67670b0b38ee69c12ffb7e7f,"8c, 22c, 22, 27",4,Commercial
6767211341b4ede4f2c17a32,"8c, 22c, 22, 34",4,Commercial
67672619aa5f839e99e0c4b0,"8c, 20biia, 20",3,Small
67679cd3cc786e49b89fd967,"8c, 20biic, 20",3,Commercial
6767d52ccc786e1280a5059b,"8c, 20biib, 20, 29",4,Intermediate
676811c0aa5f83fc83ed7258,"8c, 20biib, 20",3,Intermediate
67682d3749361922ba9b47ca,"8c, 20biia, 20",3,Small
67683874845b0b33e19de86d,"8b, 8, 20ai, 20",4,Cultivation
67686dd06fbf99eb3bd387df,"8c, 20biib, 20",3,Intermediate
6768c63ddac6ccc5745bd8f3,"20biib, 20",2,Intermediate
67694a1c38ee69b93a1e06a4,"8c, 20biia, 20, 27b",4,Small
676952b63698e03eb62a7773,"8c, 20biic, 20",3,Commercial
676975b16fbf99caf7f3e9c3,"8c, 20biib, 20",3,Intermediate
67697cb1845b0b262fc0f339,"8c, 20biia, 20, 27",4,Small
6769f884845b0bcee1c62ad1,"8c, 20biic, 20, 27a, 27, 29",6,Commercial
676a067f2d630290f83c6adb,"20biia, 20, 29",3,Small
676a312fcc786ec50fd15e91,"8c, 20biia, 20",3,Small
676a55a2493619ca68c707ef,"8c, 20biia, 20, 27b, 27",5,Small
676a9b68018e714e4d2a31cc,"8c, 20biib, 20, 27a, 27",5,Intermediate
676ac7b30e26af3a00f07c74,"8c, 20biic, 20, 29",4,Commercial
676af420335dfe388b785b0e,"27b, 8c",2,Small
676b33c70e26afd084f25b4a,"20biia, 20",2,Small
676ba8842fc60b0ab5cc6aae,"8c, 20biib, 20, 29",4,Intermediate
676c3012335dfedb5b8cfc40,"8c, 20biia, 20, 27",4,Small
676c521e22046c81c22e1ace,"8c, 20biia, 20, 27b, 27",5,Small
676d45834ba134d7318b1b45,"8c, 20biia, 20, 27b",4,Small
676d4eaa0e26af02d91cd256,"8c, 20biib, 20, 27b",4,Intermediate
676d6277930e7e619ea14d9e,"8c, 20biib, 20, 27",4,Intermediate
676d840014136ee7658eaed3,"8c, 20biia, 20",3,Small
676daf152fc60b5c29edf02a,"8c, 20biia, 20",3,Small
676e4a1c2fc60b84f3f7bc77,"3184, 318, 4, 3162, 316, 2, 20biia, 20, 9",9,Small
676ea75d14136e586699111b,"8c, 20biib, 20",3,Intermediate
676f2f01930e7efe10bc8727,"8c, 20biib, 20",3,Intermediate
676f3c4b0e26afe4743e12ee,"8c, 22c, 22, 27, 29",5,Commercial
676f6248335dfe6371c038b5,"8c, 20biia, 20, 27",4,Small
676f83250e26af60193f0961,27b,1,Small
676f86db4ba134b518b1023a,"8c, 20biib, 20",3,Intermediate
676f94702fc60b3d900d852e,"8c, 20biib, 20",3,Intermediate
676faf870e26af432e4bb151,"8c, 20biib, 20, 27",4,Intermediate
676fb7d04ba13462fdbd06d4,"8c, 20biia, 20, 27b",4,Small
676fb8df14136e1c32a35d9a,"8c, 20biia, 20",3,Small
676fbb2822046c78a45fa479,"8c, 20biia, 20, 27",4,Small
676fe6f6b16fe2d0b3a6328b,"8c, 20biia, 20",3,Small
676ff5e50e26af79ac554785,"8c, 20biia, 20, 27",4,Small
676ffe19de02d2e430d54562,"20biia, 20",2,Small
67700a3f0e26aff4e257b1f7,"8c, 20biia, 20, 27",4,Small
6770304fde02d2fd63d8b4f3,"8c, 20biib, 20, 27b",4,Intermediate
67704b224ba1340a07cf060c,"20biia, 20, 27b",3,Small
677069610e26af029d5aa22d,"8c, 20biia, 20, 27",4,Small
677144784ba1348a56de8206,"8c, 20biia, 20",3,Small
67717703335dfe64d6edf4f7,"8c, 20biia, 20",3,Small
67718d3e930e7ef6e8ede7f1,"8c, 20biia, 20, 27b",4,Small
67718d95b16fe265cdbefc24,"8c, 20biic, 20, 77",4,Commercial
6771b27df421336b28cf244b,"8c, 20biia, 20, 27b",4,Small
67720c2106b6858472839c65,"8c, 20biia, 20",3,Small
67722c73de02d24329f24a16,"8c, 20biia, 20, 27b",4,Small
67728e5bf421333b21eb2a93,27,1,Small
6772c3994ba13482f804b765,20,1,Small
67733b0014136e6b46c19904,15,1,Small
6773429306b685356a9fba2a,"8c, 20biia, 20, 27",4,Small
677357e822046c258ea4a2b8,27,1,Small
67735ab2f421333d62f72bd8,"8c, 20biia, 20, 27, 29",5,Small
677367fb06b685f8baa03fbd,"8c, 20biib, 20",3,Intermediate
6773d8e5de02d20e5f210628,"8c, 20biia, 20, 27",4,Small
6773df6606b6857d4eb16310,"8c, 20biia, 20",3,Small
6773e3172fc60b11526f7293,"8c, 20biia, 20, 27a, 27",5,Small
6773fd69930e7e936c340584,27,1,Small
67740c8214136ea972d18201,"20biia, 20",2,Small
67742fc922046c253dbcc3a2,"8c, 20biia, 20, 27b",4,Small
67743382b16fe29a5b0935b3,"8c, 20biib, 20, 29",4,Intermediate
67743928de02d21328276ef3,"8c, 20biia, 20",3,Small
677449cc018e71693bdaffa9,"8c, 22c, 22, 29",4,Commercial
6774e2cf22046c00c7c2f98f,"8c, 22c, 22, 27, 29",5,Commercial
677513c606b6854eddc00812,"8c, 22b, 22, 29",4,Intermediate
67752866930e7eab5742dfaa,"8c, 20b, 20",3,Intermediate
6775824d0e26afea4bc0c3bc,"8c, 20biib, 20, 27b, 27, 35, 3, 5",8,Intermediate
67759ef706b6852f94c456ad,27,1,Small
6775a217018e71c2a8e88e0a,"22a, 22",2,Small
6775b52e018e717c52e89609,"27b, 27",2,Small
67762a95f4213388cf2c880a,"8c, 20biib, 20, 29",4,Intermediate
67769322de02d2b3f54e1043,"8c, 20biia, 20, 27b, 27",5,Small
6776a7d7b16fe2741e396957,"8c, 20biia, 20, 27b",4,Small
6776ac74de02d268b3500b64,"20biib, 20",2,Intermediate
6776b76014136e587fecdfce,"8c, 20biib, 20, 27b",4,Intermediate
6776bab722046cbb5be9de24,"20biib, 20",2,Intermediate
6776dbeb4ba13457225b298d,"109, 35, 3, 5, 8c, 20biia, 20, 27, 251a, 25, 1",11,Small
6776e0a50e26af521ce3b4e2,"8c, 20biia, 20",3,Small
6777410d8fd9ff802eea4759,"8c, 20biia, 20, 29",4,Small
6777cd5c5edf277fb8d5e421,"8c, 20biib, 20, 29",4,Intermediate
6777d9f76cd7d156b10541b4,"8c, 20biic, 20",3,Commercial
6777fcc977480d863923523d,"8c, 20biic, 20",3,Commercial
6778069bd7c6734decadca89,27,1,Small
67784cb05edf2750d3db2913,"8c, 20b2b",2,Intermediate
6778cd781c616e570fbf7341,"8c, 20biia, 20",3,Small
677906dcc67dd140f9c2dc8c,"8c, 20biib, 20",3,Intermediate
6779659782e34b9329d515d8,"8c, 20biib, 20, 27b, 27",5,Intermediate
6779806777480d124b4a9ac8,"8c, 20biia, 20, 27",4,Small
677984408fd9ff6e84288e0d,"27a, 27, 8c",3,Small
67798dc61c616ecc6edd6e05,27,1,Small
6779a02b4615f62eb8d86ba3,"8c, 20biia, 20, 27",4,Small
677a9a196cd7d118be259417,"105, 22, 37a1i, 1",4,Small
677abc714615f65c3be92a89,"20biib, 20",2,Intermediate
677abfd31f18815e6957a19f,"20biib, 20, 27b, 27",4,Intermediate
677accc8d7c4c63c8eeee81d,"27a, 27, 8c",3,Small
677ad40277480d17135932c4,"8b, 8, 20ai, 20, 8c, 20biia, 22b, 22",8,Cultivation
677be4ccd29dfa435f6c404c,"8c, 20biia, 20, 27b",4,Small
677c1e3d19c3439748cefd50,"20biia, 20",2,Small
677c256f743a3c316f1e06e4,"8c, 20biia, 20",3,Small
677c8f8a743a3c2bfc21c3c6,"8c, 20biib, 20, 27, 29",5,Intermediate
677cde3a743a3c48b8313052,"8c, 20biia, 20, 27b, 27",5,Small
677d090e35519c587c978e49,"8c, 20biib, 20",3,Intermediate
677d4b3551f47513535324b4,"8c, 20biia, 20, 27b, 27",5,Small
677d5fc651f4757f4e5413cb,"20biia, 20",2,Small
677d7d3f9c42b628d8c7e3cc,"8c, 20biib, 20",3,Intermediate
677d9de4d29dfa340688ea48,"8c, 27",2,Small
677e582915f55e305ad020e6,"20biia, 20, 8c, 27, 8b, 8, 20ai",7,Cultivation
677e6df8c6951566fb293827,"8c, 20b, 20",3,Intermediate
677ea21c15f55eae7ed6c1f6,"8c, 20biib, 20, 27a, 29",5,Intermediate
677f3c8029a61f103309d85f,"20biia, 20, 29",3,Small
677f76ab7e584cf2899fbb05,"8c, 20biia, 20, 27b",4,Small
677faafaf8b42b581871c1a0,"8c, 20biia, 20",3,Small
677fb8a1df080b867c132168,"8c, 20biia, 20, 27b, 27",5,Small
677fc22918cd06f4e921de17,"8c, 20biib, 20",3,Intermediate
677fca8d29a61ffd25267e2d,"8c, 20biia, 20, 27",4,Small
6780190218cd06707e266fce,"8c, 20biia, 20",3,Small
6780329105d74d76461baf40,"8c, 20biib, 20",3,Intermediate
67808ba729a61f28202d2252,"8c, 20biib, 20",3,Intermediate
678099913e742a720a2b4738,"8c, 20biia, 20, 20biib, 27, 29",6,Intermediate
67811cb0f8b42ba092935a86,"8c, 20biic, 20, 29",4,Commercial
67811de205d74d23d72c69ad,"8c, 20biia, 20, 27b, 27",5,Small
67817b7c83dbd2650e0a3160,"20biia, 20, 27a, 27",4,Small
678181d9f8b42b5138976125,"8c, 20biia, 20, 27",4,Small
678252e0ef77c918386729ad,"8c, 20biib, 20, 27b, 27, 29",6,Intermediate
678268ea429b5e8ef75316b8,"20biia, 20",2,Small
6782708d429b5e2e7053d434,27,1,Small
67827ee6429b5ee48454ca65,"8c, 20biib, 20, 27b, 27",5,Intermediate
6782ac06cd455055563f70b2,"8c, 20biia, 20",3,Small
6782b92cda17aff766bc779a,"8c, 20biib, 20, 106",4,Intermediate
678319ec8b57cfcbbed78b06,"8c, 20biia, 20",3,Small
67832448367e3533054e41e6,"8c, 20biib, 20, 29",4,Intermediate
67832959367e3554144e5323,"251a, 25, 1, 35, 3, 5, 27b, 27",8,Small
67838aeacd4550f862482e26,"8c, 20biia, 20, 29, 27",5,Small
67839767af1463c703e1c497,"8c, 20biib, 20, 27b, 27",5,Intermediate
678409d7af1463737ee628f5,"8c, 20biib, 20",3,Intermediate
6784732f0fed908d786b4af6,"8c, 20biic, 20, 29",4,Commercial
6784db2e8b57cf620fec75c3,"8c, 20biia, 20, 27b, 27",5,Small
6784de24429b5ebd776e489a,"8c, 22b, 22, 27, 29",5,Intermediate
67850ce1da17af6132d79213,"8c, 20biib, 20",3,Intermediate
6786633797916f7793778add,"8c, 20biia, 20",3,Small
6786ad30cd455056e767f7fb,"8c, 20biib, 20",3,Intermediate
67875d4b8b57cf1cf00dbec6,"8c, 20biia, 20, 27b, 27",5,Small
67878d3faf1463e9de118611,"8c, 20biib, 20",3,Intermediate
6787b1de0fed9072978b179e,"8c, 20biia, 20, 27b, 27",5,Small
6787eb5cef77c92458b10dca,"8c, 22a, 22",3,Small
67880c698b57cf71481a7bcf,"8b, 8, 20ai, 20",4,Cultivation
67886b59367e35695f956c86,27,1,Small
6788759def77c94e30b4b6d4,"20biia, 20",2,Small
6788dd76367e3517beaa5b09,"8c, 20biib, 20",3,Intermediate
678937ceef77c90615d32577,"20biib, 20",2,Intermediate
678937e20d80e1b929864119,"27b, 27",2,Small
6789c106ef77c9875cd76b7e,"8c, 20biia, 20",3,Small
6789f1fc0d80e1a16f8b8de0,27,1,Small
678a148aef77c96c5ee35792,"8c, 20biia, 20, 27b, 27",5,Small
678a32ac367e352167c6fd75,"27a, 27, 8c, 21b, 21",5,Intermediate
678a3688da17af28df2675fe,"8c, 20biib, 20",3,Intermediate
678a6c82da17af29362a76da,"8c, 20biia, 20, 27",4,Small
678a7c98367e35c7e8cf9de4,"8c, 20biia, 20",3,Small
678b1537ef77c92cdcf86691,"8c, 20biia, 20, 27, 29",5,Small
678b30e6da17afdfa72fbb61,"8c, 20biib, 20",3,Intermediate
678b424597916f7582cae15a,"20biia, 20",2,Small
678ba7800d80e14f4ab0311f,"8c, 20biia, 20",3,Small
678baf728b57cf066677bf56,"20biia, 20, 8c",3,Small
678bb54e0fed906f5ed81493,"8c, 20biia, 20",3,Small
678bb941af14637ab8790e32,"8c, 20biia, 20, 27b, 27",5,Small
678be0d1cd45502722d6d68a,"3032, 303, 2, 20biib, 20, 9",6,Intermediate
678bebe86d32ced28818a15b,"8c, 20biic, 20",3,Commercial
678ce6506d32ce46d5219639,"8c, 20biia, 20",3,Small
678d45e9cd4550f541e8b2de,"8c, 20biia, 20, 27",4,Small
678d484fcd455024c4e8b5aa,"8c, 20biia, 20, 29",4,Small
678d969597916f236af79205,27,1,Small
678daaf0da17af20f560904a,"8c, 20biia, 20",3,Small
678e2ec3ef77c9d6143c9caf,"8c, 29, 20biia, 20",4,Small
678e371caf146356589aaa51,"8c, 20biib, 20",3,Intermediate
678e716c0fed901c37fc16c6,"8c, 20biia, 20, 27b, 27",5,Small
678e8585cd4550716d07bc4e,"20biia, 20",2,Small
678e9c07ef77c9525343ccfe,27,1,Small
678eedbacd455013bb0b9d90,"20biia, 20, 8c, 27",4,Small
678f212597916f50ab0c4928,"8c, 20biia, 20, 27b, 27",5,Small
678f81aaf218b61710b42d4c,"8b, 8, 20ai, 20, 27b, 27",6,Cultivation
678fbdc7af14635318bc26f5,"8c, 27b, 27, 20biia, 20",5,Small
6790b622cd455037ef384955,"8c, 20biib, 20, 27",4,Intermediate
679118a40fed9076172524b3,"8c, 20biia, 20, 27",4,Small
679119f7f218b6618fd6c307,"8c, 20biia, 20, 27a, 27",5,Small
679128406d32ce808d65e474,27,1,Small
67912c66ef77c992b480fb80,"27b, 27",2,Small
67915071cd45506719482cac,27,1,Small
679164f6429b5e68f140ab70,27,1,Small
6791a46e97916fa12548be44,"8c, 20biia, 20",3,Small
6791b1dfef77c9633d85053e,"8c, 20biib, 20, 27, 29, 78",6,Intermediate
6791be88ef77c94951852f07,27,1,Small
6791ea080fed90382230f656,"8c, 20biia, 20",3,Small
67920258cd455008165b446a,"20biia, 20, 27",3,Small
67924b738b57cf437af8670e,"8c, 20biia, 20, 27b, 27",5,Small
67924c4fcd4550af736497df,"8c, 20biib, 20, 27b, 27",5,Intermediate
679253dc8b57cff3b8f91181,"8c, 20biia, 20",3,Small
67928e54da17af9102d48131,27,1,Small
6792a8aff218b6bf44018abb,27,1,Small
6792b9d5ef77c9d390a92cb5,"8c, 20biib, 20",3,Intermediate
6792f0c2cd45508af36a9fd8,"15, 3032, 303, 2, 3184, 318, 4, 35, 3, 5, 7",11,Small
6792f830cd455025a76ab3b3,"8c, 20biib, 20",3,Intermediate
67933aef6d32ce524c94c37d,"8c, 20biib, 20",3,Intermediate
679343cb97916fefa7730831,"8c, 20biib, 20",3,Intermediate
6793a6b50d80e13e33196b11,"8c, 21c, 21, 29",4,Commercial
6793b0a7f218b632f51f1c42,"8b, 8, 20a, 20",4,Cultivation
6793cba98b57cf0d231aef10,"8c, 20biib, 20, 27",4,Intermediate
6793dc09af1463f4f71ded0d,"20biia, 20",2,Small
67944ba2ef77c9fd44d26139,27,1,Small
67946f61cd45501bfc88a5e6,"8c, 20biia, 20, 27",4,Small
6794d5ab367e3559e4d3410a,"8c, 20biia, 20",3,Small
67950407429b5ec625a6cee1,"20biia, 20",2,Small
6795065a0d80e12e3a33ab01,"8c, 20biia, 20",3,Small
67955fc9af146394875561c9,"20biia, 20",2,Small
67963d39367e358f1de3d6f7,"8c, 20biia, 20",3,Small
6797524f0fed901aab96379e,"8c, 20biia, 20, 27",4,Small
67977abf367e35a8cd004eeb,"8c, 20biib, 20, 22b, 22",5,Intermediate
67977b89af146334db7c22d5,"20ai, 20, 20biia, 27b, 27",5,Cultivation
6797b1b0ef77c9549e2accdb,15,1,Small
6797b3f00fed90934ca43536,"111, 8c, 20biib, 20",4,Intermediate
6797b84cda17afb081572beb,"8c, 20biia, 20",3,Small
67988a378b57cf0ff089b837,"8c, 20biib, 20, 27a",4,Intermediate
6798c3a2cd455031b6ecb121,"8c, 20biia, 20, 27b, 27",5,Small
6798dc52cd455042ccef7ce9,"8c, 20biia, 20, 27",4,Small
67991501cd45507cdef1fd96,"8c, 20biia, 20",3,Small
67997237af14631548a43d51,"20biia, 20",2,Small
67998a2daf14630e93a45c63,"8c, 20biia, 20, 27",4,Small
679991158b57cfea8f98cfc4,"20biib, 20",2,Intermediate
679a3212367e357a2439b175,"8c, 20biib, 20, 27b, 27",5,Intermediate
679a4dc30fed90354cd51b37,"8c, 20biia, 20",3,Small
679a9d8e429b5e79950028e6,"8c, 20biia, 20, 29",4,Small
679b25ab0fed900d78e0d3db,27,1,Small
679b2b5397916f5b7b1406e9,"8c, 20biib, 20, 27",4,Intermediate
679b3263af14631f15d24c1f,"8c, 20biib, 20, 27a, 27, 29",6,Intermediate
679b5576ef77c9f56583265f,"8c, 20biia, 20, 27",4,Small
679b5cdeda17afb48eb0ce7f,"8c, 20biia, 20, 29, 77, 78",6,Small
679b7c58367e35dc61580a0f,"8c, 20biia, 20, 27b, 27",5,Small
679b90bb0fed906979ea2a1f,"8c, 20biia, 20",3,Small
679b911d0fed905a0bea2da1,"20biia, 20",2,Small
679baa780fed90e050ead93a,"8c, 20biic, 20, 29",4,Commercial
679bac59da17af708fb7e89e,27,1,Small
679bae450fed90714eeaebfc,"8c, 20biia, 20, 27b, 27",5,Small
679bd1cecd45503db227c544,"8c, 20biia, 20",3,Small
679c7168f218b66743044cca,"8c, 20biic, 20, 29",4,Commercial
679c7e9897916f128134976c,"8c, 20biib, 20",3,Intermediate
679ca2190fed909fa004733a,"8c, 20biib, 20, 29",4,Intermediate
679cd042367e3539dc8a9e7b,"29, 8c, 20biib, 20",4,Intermediate
679cfcb56d32ce3f7a6b9a91,"8c, 27",2,Small
679d12970d80e101f29c0547,"8c, 20biib, 20",3,Intermediate
679d1aa2da17af255de49fd7,"8c, 20biib, 20, 27",4,Intermediate
679dd07197916febd160ce32,"8c, 20biia, 20, 27",4,Small
679e04fd429b5e4c9e56d82c,"8c, 20biib, 20",3,Intermediate
679e1e3f8b57cfe641142cfe,"8c, 20biib, 20, 27, 29",5,Intermediate
679e24f0f218b6179c4b39f0,"8c, 20biia, 20, 27b, 27",5,Small
679e2b0ff218b6affd4bb438,27,1,Small
679e3984af14637f733a6a06,"8c, 20biia, 20, 27b, 27",5,Small
679e4b18ef77c9917aed74a0,"8c, 20biia, 20, 27b, 27",5,Small
679e4febaf1463df073b2d5b,"8c, 20biia, 20",3,Small
679efac7367e355626af83b8,"8c, 20biia, 20, 27b, 27",5,Small
679f06a5367e35e4d5b03928,"8c, 21b, 21, 27",4,Intermediate
679f0945da17afc55e0d325a,"8c, 20biia, 20",3,Small
679f79fa367e357729b7091a,"8c, 20biib, 20",3,Intermediate
679faf3bda17af4dd214dbae,"8c, 20biib, 20, 27a, 27, 29",6,Intermediate
67a01164367e358fb1bc3d8b,"3294, 329, 4, 3244, 324, 109, 77, 78, 27",9,Small
67a06f9297916f51e18e0055,"8c, 20biib, 20, 78",4,Intermediate
67a0b004367e356ed1d8780c,"8c, 20biia, 20",3,Small
67a0d9416d32ce69e4aa4eed,"8c, 20biia, 20",3,Small
67a0fab16d32ce72dcab3cae,"8c, 22c, 22, 29",4,Commercial
67a16cd38b57cf18bf3e9336,"8c, 20biia, 20, 27b, 27",5,Small
67a1786af218b6e437874648,"20biib, 20, 29",3,Intermediate
67a1a433d0095615ddc99a28,"8c, 20biic, 20",3,Commercial
67a1cde1934779db99e74c72,"8c, 29, 251a, 25, 1, 20biib, 20",7,Intermediate
67a1ef8024bb435c16c195ee,"8c, 20biia, 20",3,Small
67a1f97c93bf00675cf4b43f,"20biia, 20",2,Small
67a239f8984e37327d7ddf71,"8c, 20biic, 20",3,Commercial
67a2d04bdb61a7669a098bcb,"20biia, 20, 29",3,Small
67a2d41dd0095633b4f5a30f,27,1,Small
67a2dd9bad568c2f7b3f4c05,"8c, 20biia, 20, 27",4,Small
67a31b9093bf0091f410cf1e,"8c, 22c, 22, 29",4,Commercial
67a33effb9adae7c4b1644a4,"8c, 20biib, 20",3,Intermediate
67a37626ad568c87f95fd8be,"8c, 20biib, 20",3,Intermediate
67a38cbe93bf00e58f224af9,"8c, 20biib, 20",3,Intermediate
67a3b2b124bb43c2e4ebc251,"8c, 20biia, 20",3,Small
67a3dc8593bf0054bd235d15,"8c, 20biib, 20, 27, 29",5,Intermediate
67a4a2ae9f2b07553fa39e11,"8c, 20biia, 20",3,Small
67a4d4c9b0c3b150c94c90e8,"8c, 21b, 21, 22, 29",5,Intermediate
67a4df8916a9404f88e630a6,"8c, 27a, 27",3,Small
67a4fba516a94084cde6986f,27,1,Small
67a502127b50fe0e82ce5de2,"8c, 20biia, 20",3,Small
67a503b0758ee41f5bf400cc,"8c, 20biia, 20",3,Small
67a512e9be760732c52b5a79,"8c, 20biia, 20",3,Small
67a570776cf61c1da797560b,"8c, 20biia, 20, 27",4,Small
67a57337be76079fb12f043b,"8c, 20biic, 20",3,Commercial
67a5797e16a9406b48ea1c24,"8c, 22c, 22, 27, 29",5,Commercial
67a596cb576cf8220a5e79b3,"8c, 20biia, 20, 27",4,Small
67a5a0486cf61c9dd29de303,"8c, 20biia, 20, 27b, 27",5,Small
67a5d37ebe76072d553c907d,"8c, 20biic, 20, 29",4,Commercial
67a5d5c3be760769293cbc03,"27b, 27",2,Small
67a5e4c47b50fe2722f37e9c,"8c, 20biib, 20",3,Intermediate
67a5f78a7b50fe6c22f6ec35,"8c, 20biib, 20, 106",4,Intermediate
67a620cb39a9e253c3b56e8d,"8c, 20biia, 20, 21, 25, 26, 27a, 39",8,Small
67a62be76cf61c0c25aed714,"8c, 20biib, 20, 20biia",4,Intermediate
67a631fa39a9e2e386b6216e,"8c, 20biib, 20",3,Intermediate
67a638ccc58f741361ac7a72,"8c, 20biia, 20, 27b, 27",5,Small
67a66917c58f741f61acca4b,"8c, 20biib, 20, 29",4,Intermediate
67a6c24ebe7607451e47d975,"8c, 20iia, 20, 27",4,Small
67a6c43b39a9e2da7eba3cb9,"8c, 20biia, 20, 27",4,Small
67a7142d07ccc4f3bc368fdf,"8c, 20biia, 20, 27b, 27",5,Small
67a747f8ec3881d3322be097,"8c, 20biib, 20",3,Intermediate
67a7488a9f2b07805ef3197a,"8c, 20biib, 20",3,Intermediate
67a780d0b0c3b131ef85a1d4,"8c, 20biia, 20, 27b, 27",5,Small
67a78231b0c3b1feae85a859,"27b, 27",2,Small
67a790fcc58f744134c16e21,"8b, 8, 20ai, 20",4,Cultivation
67a7a097c58f74df1ac1886e,"27b, 27, 8c, 20biia, 20",5,Small
67a7bc29576cf8911fa6656d,"8c, 29, 20biic, 20",4,Commercial
67a8a13916a9404c77357ef6,"8c, 20biia, 20",3,Small
67a8af5a39a9e24ba4ea2eaf,"8c, 20biib, 20",3,Intermediate
67a8f3e27b50fe12162e108d,"8c, 20biib, 20",3,Intermediate
67a9095db0c3b17e4f93c61d,"8c, 20biia, 20, 27, 29",5,Small
67a90d557b50fe4ebb2e35c4,27,1,Small
67a98bf616a940293d3d6c59,"8c, 20biia, 20",3,Small
67a9c3c1576cf8e05fdb4346,"8c, 20biia, 20",3,Small
67a9dd0cec38811fad6c5d6d,"8c, 20biib, 20",3,Intermediate
67a9e28939a9e28c821e2312,"8c, 20biia, 20, 27",4,Small
67aa08bfec38813dda6ff2a3,"8c, 20biib, 20",3,Intermediate
67aa0a747b50fe745261a596,"8c, 20biia, 20",3,Small
67aa6348b0c3b11bd5c90b1c,"8c, 20biia, 20",3,Small
67aab77739a9e2698c272fda,"8c, 20biia, 20, 27, 29",5,Small
67ab1a0ded9038359dcee0e1,"20biib, 20",2,Intermediate
67ab28ac90f301e774c5a340,"20biia, 20",2,Small
67ab785d6831198131dc2721,"8b, 8, 8c, 20ai, 20, 20biia, 27b, 27",8,Cultivation
67aba3f9bd315f66777c60d1,"8c, 22c, 22",3,Commercial
67abab3af15a1f853403c670,"8c, 20biia, 20, 27a, 27",5,Small
67abbaed420dcf798b27bf7f,"8c, 20biib, 20",3,Intermediate
67ac1c8db6ad9f7ee1cee9b3,"8c, 20biia, 20, 27b, 27",5,Small
67ac2867ce7392533054c4e1,"8c, 20biib, 20",3,Intermediate
67ac6505d1bf090bf0027c8c,"20biia, 20",2,Small
67ac8a51b6ad9f6846e74982,27,1,Small
67ac9bb570ddcc5cf2841ad4,"8c, 20biia, 20, 27b, 27",5,Small
67aca07708ae933e77bce480,"8c, 27",2,Small
67aca1f208ae93e675bd10c2,"8c, 20biia, 20, 27b, 27",5,Small
67aca7f8b6ad9ff414e94a01,"8c, 20biib, 20",3,Intermediate
67acbbadd1bf0913110c21ee,27,1,Small
67ace0a773f255721d2b1fb5,"8c, 20biib, 20",3,Intermediate
67acf92f9f5efb3c1c7bce44,"8c, 27b, 27, 20biia, 20",5,Small
67adc89f70ddcc487ca284b4,"8c, 20biia, 20",3,Small
67adf93c494f2f4684215af3,"8c, 20biic, 20",3,Commercial
67ae1a1b9f5efb0c18965942,"8c, 20biia, 20, 27",4,Small
67ae295a73f255eb7a5167c8,"8c, 20biic, 20",3,Commercial
67ae302973f25542835187a3,"8c, 20biia, 20, 27b, 27",5,Small
67ae339d08ae9392d6e72a41,"8c, 20biib, 20, 29",4,Intermediate
67ae4698d1bf099df2313f42,"8c, 20biia, 20",3,Small
67ae4cc273f25507b151c409,"8c, 20biia, 20",3,Small
67ae5868ce7392238e93ed11,27,1,Small
67aef5e473f255b1576872c4,"8c, 20biib, 20",3,Intermediate
67af1f04ce7392e7efaa580e,"8c, 20biib, 20",3,Intermediate
67af47a570ddcc7798c86840,"8c, 20biia, 20",3,Small
67af53cb08ae9309ee07558b,"8c, 20biib, 20",3,Intermediate
67af63ab73f2556bb0748d26,"8c, 20biib, 20",3,Intermediate
67af6a64494f2f4df9396142,"8c, 20biib, 20",3,Intermediate
67af6dd570ddcc8494ca1039,"8c, 20biib, 20",3,Intermediate
67af8089e2c99da1dedeffcd,"8c, 20biia, 20, 27",4,Small
67af8aa0d1bf097f1a52c6ba,"20biia, 20, 27b, 27, 8c",5,Small
67afa2a8d1bf0943ce52e6a8,"8c, 20biia, 20, 27b, 27, 29",6,Small
67afb2cee2c99d88ebdf6fe8,"20biia, 20, 8c, 27",4,Small
67aff6a373f2553796790d27,27,1,Small
67b063ce494f2f5516485070,"8c, 20biia, 20, 27",4,Small
67b08674494f2fd8174dfe24,"8c, 20biia, 20",3,Small
67b092a8494f2f277b50beab,"8c, 20biib, 20, 27, 29",5,Intermediate
67b0a092b6ad9f57b140250b,"8c, 20biia, 20, 27b",4,Small
67b0a49573a988bdef31e275,"8c, 20biia, 20",3,Small
67b0b2df08ae930d9323794e,"8c, 20biia, 20, 27b, 27",5,Small
67b0e0cd70ddcc9c02e87e94,"20biia, 20",2,Small
67b0e56e73a988e26e332caf,"8c, 20biia, 20",3,Small
67b0f5adb6ad9fa05d41ab28,"8b, 8, 20ai, 20",4,Cultivation
67b1bb19d1bf09037a7f62d1,"8c, 20biia, 20",3,Small
67b1e215c61d7450124bb68f,"8c, 20biia, 20",3,Small
67b204af08ae9362e6304c1c,"8c, 20biia, 20, 27b, 27",5,Small
67b21f98c61d743ada4db4b0,"8c, 20biia, 20, 27b, 27",5,Small
67b231ece2c99da95e15b700,"20biia, 20, 9, 196, 1262, 126, 2, 352, 3512, 351",10,Small
67b245acab7d65f612995c58,"8c, 20biia, 20, 27",4,Small
67b2819bce73925973e7ad9b,"8c, 20biia, 20, 27a, 27, 35, 3, 5",8,Small
67b2b8e570ddcc253efb2d09,"8c, 20biia, 20",3,Small
67b2e680b6ad9f31005948ae,27,1,Small
67b30609e2c99d719f337033,"8c, 20biib, 20, 27",4,Intermediate
67b308db73f2552e42bf8264,"8c, 20biic, 20",3,Commercial
67b356a4ce73920b7a01720e,"8c, 20biia, 20, 27b, 27",5,Small
67b35da9ce7392c40501cb83,"8c, 20biib, 20",3,Intermediate
67b36095ab7d65ad91adf737,"20biib, 20",2,Intermediate
67b4140f08ae93462e5970e1,"8c, 20biia, 20",3,Small
67b4439573a9880b0169c184,"8c, 20biia, 20",3,Small
67b45aa0d1bf0931dcc7ccd9,"8c, 20biib, 20, 27b, 27",5,Intermediate
67b47165ce73922c2e201842,"20biia, 20, 27",3,Small
67b47c5bce7392809424943f,"8c, 20biib, 20",3,Intermediate
67b4898370ddcc2e103b2171,"8c, 20biia, 20",3,Small
67b492f59f5efb793010e2d6,"20biia, 20",2,Small
67b49d35ce73925780282af7,"8c, 20biia, 20, 27",4,Small
67b4bbdd73f255837af7814e,"8c, 20biia, 20, 27b, 27",5,Small
67b4c441ab7d65394fd21325,"20biia, 20, 27, 8c",4,Small
67b4d6c7c61d74373c977d4c,"8c, 20biib, 20, 27",4,Intermediate
67b5468b9f5efbcad417001d,"8c, 20biia, 20, 27b, 27, 29",6,Small
67b5620ab7c278467a201ea4,"8c, 20biic, 20",3,Commercial
67b57bf253600edaff8ee5a7,"8c, 20biia, 20",3,Small
67b5dd29b7c2785b14338afe,"8c, 20biia, 20, 27b, 27",5,Small
67b5e022f6467b1e51719628,"8c, 20biib, 20, 29",4,Intermediate
67b5e240a90a047240e10e38,"8c, 20biia, 20, 27b, 27",5,Small
67b5e3261e1c7f169a3e428d,"8c, 20biia, 20, 27b, 27",5,Small
67b5e47d85a4e6521edae9d5,"8c, 20biia, 20, 27, 29",5,Small
67b5e65877d3a928b95c6242,"8c, 20biib, 20, 27b, 27",5,Intermediate
67b5ebf944aa231c398d5e50,"8c, 20biic, 20, 27a, 27, 29",6,Commercial
67b5f33077d3a94ada5d1c94,"8c, 20biia, 20",3,Small
67b600302280ae79a79a3470,"8c, 22c, 22, 27a, 27",5,Commercial
67b6333744aa23f3bb91c176,"8c, 22c, 22, 29",4,Commercial
67b63d452280ae60839bbf9c,"8c, 20biia, 20, 27b, 27",5,Small
67b6bf6353600e4d33a5b7b5,"8c, 20biic, 20",3,Commercial
67b6bfbd1e1c7fb194477fe2,"8c, 20biic, 20, 27b, 27",5,Commercial
67b6c4ee1e1c7f40ba492cd3,"8c, 20biia, 20",3,Small
67b71e68e0932aec56aacb58,"8c, 20biic, 20, 27a, 27, 29",6,Commercial
67b76216e0932a0cfaadc937,"8c, 20biia, 20, 27b, 27",5,Small
67b764cb1e1c7f20106c589a,"8c, 29, 20b2b",3,Intermediate
67b769733a869324414184d3,"8c, 20biib, 20",3,Intermediate
67b77d0ef6467b968ca81728,"8c, 20biic, 20",3,Commercial
67b789371e1c7f691c6ce32c,27,1,Small
67b790c7e0932abbf4ae4fd0,"8c, 20biib, 20, 29",4,Intermediate
67b7f37da32087e804325020,"8c, 20biia, 20",3,Small
67b80185e0932a4deeb28bbe,"8c, 20biia, 20",3,Small
67b8729385a4e6db0128d8bd,"8c, 20biic, 20, 29",4,Commercial
67b88967a90a046200413d75,"20biia, 20",2,Small
67b8c117b7c27831fa875021,"8c, 20biia, 20",3,Small
67b8c1573a8693019362a1df,27,1,Small
67b9338b44aa231b23d8c6d0,"27b, 27",2,Small
67b94d1685a4e632c0310062,"8c, 20biia, 20, 27b, 27",5,Small
67b950a41e1c7ff43b9b6c87,"8c, 20biia, 20",3,Small
67b95ed877d3a9a35cbff20f,"20biia, 20",2,Small
67b9c724a320877c586e9cc3,"27b, 27",2,Small
67b9d78953600e44ac14ff4f,"8c, 20biia, 20",3,Small
67b9ff6285a4e631c05e3f87,"8c, 20biia, 20",3,Small
67ba02a93a86932dad8c2ed2,27,1,Small
67ba09d244aa2391a40509a4,"8c, 20biic, 20, 29",4,Commercial
67ba0ba8a32087e0c172546c,"8c, 27a, 27",3,Small
67ba0d40a90a04133c79fa90,"8c, 20biia, 20",3,Small
67ba10281e1c7fe88fd2b7ea,"27b, 27, 8c, 20biia, 20",5,Small
67ba2b26f6467ba2051540ad,27,1,Small
67ba42292280ae1d232c8b3d,"8c, 20biib, 20, 29",4,Intermediate
67ba7eb0a32087aaca763158,27,1,Small
67ba87ebe0932a8a98f0502d,"8c, 20biia, 20",3,Small
67ba9c99b7c27816a7bded4f,"8c, 20biia, 20",3,Small
67baed3885a4e660e96f8437,"8c, 20biib, 20, 27b, 27",5,Intermediate
67bb09f7f6467b365f26181f,27,1,Small
67bb3b78a90a0419618c5719,"8c, 20biib, 20",3,Intermediate
67bb61f353600e1a5829e156,"22b, 22, 20biia, 20, 27a, 27, 8c",7,Intermediate
67bbc844b7c27841ffcf68e4,"8c, 20biia, 20",3,Small
67bc5307b7c278168ee12337,"8c, 20biic, 20, 29",4,Commercial
67bc572da3208738109cd159,"8c, 20biib, 20, 27a, 27b, 27, 29",7,Intermediate
67bc7e481e1c7fc3710a9848,"8c, 20biia, 20",3,Small
67bc9fce44aa23482d41d882,"8c, 20biia, 20",3,Small
67bcc8ec3a8693396bb3da4e,"8c, 20biia, 20",3,Small
67bcd4d853600ee5204f95b3,27,1,Small
67bd6c4aa90a0430add08faf,"8c, 20biib, 20, 27b, 27",5,Intermediate
67bdc62bf6467b361f8838e0,"8c, 20biic, 20",3,Commercial
67bdfdc62280ae2f0fa483c7,"8c, 20biia, 20, 27b, 27",5,Small
67be1299a90a049f17fffe5f,"8c, 20biib, 20",3,Intermediate
67be6f4d53600e7c837eb6c7,27,1,Small
67beb57ca90a04aedb05a404,"8c, 20biic, 20, 27a, 27, 29",6,Commercial
67bf5575a90a04e9cd0d9e21,"8c, 20biib, 20, 29",4,Intermediate
67bf78db53600ea7728aab42,"8c, 20biia, 20, 27",4,Small
67bfced5b7c27876102e5170,"8c, 20biia, 20, 27b, 27",5,Small
67bfd3671e1c7f2c5752ee44,"8c, 20biia, 20",3,Small
67c04e3777d3a9dbc6856738,27,1,Small
67c09c5e85a4e615df2252ed,27,1,Small
67c0a3bbb7c278e8994c46cd,"8c, 20biib, 20, 27a, 27, 29",6,Intermediate
67c0b1c93a8693d9660ed81b,"8c, 27",2,Small
67c0b5071e1c7f35b578c5f0,"8c, 27",2,Small
67c1039985a4e641c72660b6,"8c, 20biia, 20, 27b, 27",5,Small
67c1bcb02280ae64c01a4cf7,"8c, 20biib, 20",3,Intermediate
67c1cbbff6467b35870b04ef,"8c, 20biib, 20, 27b, 27",5,Intermediate
67c1f90653600ec2b7ded716,"8c, 27",2,Small
67c305fea90a04025fc2e10e,"8c, 20biib, 20",3,Intermediate
67c308ae53600e4c01081016,"8c, 20biia, 20, 27",4,Small
67c34de353600e7d020c0ea6,"8c, 22c, 22, 27b, 27",5,Commercial
67c3546877d3a9f0b20f2e28,27,1,Small
67c3623eb7c2783f2fc3b5f4,27,1,Small
67c3821de0932a1413c56492,"27b, 27",2,Small
67c3eb28f6467b8131538004,"20biic, 20, 29, 8c",4,Commercial
67c43c3ea32087c4538b15d2,"8c, 20biib, 20",3,Intermediate
67c47356a90a04017cd5a296,"109, 27b, 27",3,Small
67c4875c44aa2354422c7932,"8c, 20biib, 20",3,Intermediate
67c48b2285a4e6bc35ba669b,"8c, 27",2,Small
67c48f6777d3a984ee1f1f17,"642m, 64, 2, 49, 5l, 2012, 5, 6, 17, 31wi, 3, 1, 31wii, 32v, 2015, 27",16,Small
67c4e1fbf6467bb7986532c4,"8c, 20biib, 20",3,Intermediate
67c50c6ca3208783f892fb5c,27,1,Small
67c5c3d61e1c7f2dab4e4f21,"27b, 27",2,Small
67c6104cf6467b6dcda41c99,"8c, 20biia, 20, 27b, 27",5,Small
67c615b6a320879a0fbfe1db,"8c, 20biib, 20, 27a, 27, 29, 27b",7,Intermediate
67c6249a85a4e6d70403c2bd,"20biia, 20, 27",3,Small
67c6c3cba3208750dfd3726f,"8c, 20biia, 20",3,Small
67c6ccba2280ae0240b630c0,"8c, 20biia, 20",3,Small
67c6d57ce0932a7b9103ab4d,"8c, 20b2a, 27b, 27",4,Small
67c70818f6467b26e9e3b538,"8c, 20biic, 20, 29",4,Commercial
67c721763a86930812d7ee7d,"8c, 20biia, 20",3,Small
67c722293a86935c71d7f1fa,"34e, 34, 8c, 22a, 22",5,Small
67c727c51e1c7f534e8706a8,"34e, 34, 8c, 22a, 22",5,Small
67c72d8577d3a9861989cda6,"34e, 34, 8c, 22a, 22",5,Small
67c7311cf6467b6fd1e68e3a,"34e, 34, 8c, 22c, 22",5,Commercial
67c7348d44aa2358cb9b562d,"34e, 34, 8c, 22a, 22",5,Small
67c7b3df85a4e6b38d4a49fb,"8c, 20biib, 20",3,Intermediate
67c7bd8d2ebf00a7a1eace6a,"8c, 20biib, 20, 27a, 27b, 27, 29",7,Intermediate
67c7c0972ebf007dc9ec795a,"20biia, 20",2,Small
67c826192ebf00fbf40f70ce,"20biia, 20, 8c",3,Small
67c837edae820d5ddda19047,"8c, 20biia, 20, 27b, 27",5,Small
67c86de8ae820d1fa5a6e6e2,"8c, 20biia, 20, 27b, 27",5,Small
67c891aea275c8752e867133,"8c, 20biib, 20",3,Intermediate
67c89962f664e760e8bd6e5f,"20biia, 20, 27, 8c",4,Small
67c8b2f26373f1351a51de81,"8c, 20biia, 20, 27b, 27",5,Small
67c94ddf630a7a28942c455a,"8c, 20biib, 20",3,Intermediate
67c963615506b0f33e281c5e,"20b, 20",2,Intermediate
67c96724f664e756dcd3afd2,"8c, 20biia, 20",3,Small
67c97fdf2ebf0034d64caa06,"8c, 20biia, 20",3,Small
67c9a0138087df5a0847fd6e,"8c, 20biic, 20, 29",4,Commercial
67c9a3b8cdfecd1eb869a0d0,"8c, 20biia, 20, 27a, 27",5,Small
67c9dab096a6673815dea42b,"8c, 18a, 18, 27",4,Small
67c9dbc36373f1767690cfdf,"8c, 20biia, 20",3,Small
67c9e280630a7ac99748fbf1,"8c, 20biia, 20, 29",4,Small
67c9e643f664e76af5024197,"8c, 20biia, 20",3,Small
67c9ec5b2ebf00468a6632a6,"8c, 20biia, 20, 27",4,Small
67c9f6428087dfff87516f54,"8c, 20biib, 20",3,Intermediate
67ca686338724683c34f15a9,"8c, 20biib, 20",3,Intermediate
67ca893aae820d3f94e014d4,"8c, 20biia, 20, 27",4,Small
67cae7f46373f15e69af8124,"8c, 20biib, 20, 106",4,Intermediate
67cb005d96a66773de00e9a6,"8c, 20biia, 20, 27b, 27",5,Small
67cb00c88087df7e0270d40d,"8c, 20biia, 20, 27b, 27",5,Small
67cb1a06f664e7734e206363,"8c, 20biia, 20",3,Small
67cb29518087df08e572a16a,"20biia, 20, 27",3,Small
67cbabcb96a667d7ca06d0f1,"8c, 20biia, 20",3,Small
67cbe8d53b1b97b336690efa,"8c, 20biib, 20, 27b, 27, 29",6,Intermediate
67cc0e5ceb85a411d642a4bb,27,1,Small
67cc482d4efcb9f2fb39b96f,"8c, 20biia, 20",3,Small
67cc55be417fa958afe99bdf,"8c, 22c, 22, 29, 27",5,Commercial
67cc598c4efcb9af043ad353,"8c, 20biia, 20, 27b, 27",5,Small
67cc8813b7b96c5a4bc0ea46,"8c, 20biia, 20",3,Small
67cd23162fbb44ad54e28c18,"27a, 27",2,Small
67cd3e57b7b96c6511ccfd9e,"27b, 27",2,Small
67cd4a4232a5382cddddd319,"27a, 27",2,Small
67cdc72b9e063f732f7176a5,"8c, 22b, 22",3,Intermediate
67cdd4453b1b974d447e5308,"8c, 22b, 22, 27a, 27b, 27",6,Intermediate
67cde811417fa969fefa8a87,"8c, 20biia, 20",3,Small
67ce20ad839e168524adb9fe,"20biib, 20",2,Intermediate
67ce42802fbb44d9feee8b62,27,1,Small
67ce5d0db7b96c66a2d7d604,"8c, 20biia, 20, 27, 29",5,Small
67ceb463eb85a444fe77dbc7,"8c, 20biia, 20",3,Small
67ced1b22fbb4427b10980f5,"8c, 20biic, 20",3,Commercial
67cf06969e063fc1019b3007,"8c, 20biia, 20, 27b, 27",5,Small
67cf14d219c1763e711af265,"8c, 20biib, 20, 27b, 27",5,Intermediate
67cf3f12eb85a44b6f8ac43c,"20biia, 20",2,Small
67cf81a997633c1119b60223,27,1,Small
67cfbdb7839e165fe4cff6cf,"8c, 20biic, 20, 29",4,Commercial
67cfc85aeb85a4bf4f918500,"8c, 20biib, 20",3,Intermediate
67d009d7ee53cd0192b2b383,"8c, 20biib, 20",3,Intermediate
67d04b0b9e063f3e56bd816c,"8c, 20biib, 20, 27",4,Intermediate
67d053da97633c5be8d414ad,"27b, 27, 8c, 20biia, 20",5,Small
67d0584b4efcb9a1a9b3c7a9,"8c, 20biib, 20",3,Intermediate
67d06809eb85a4a2dbb97682,"8c, 20biib, 20",3,Intermediate
67d098462fbb441f7f2a78ac,"8c, 20biia, 20, 29, 35, 3, 5",7,Small
67d0a6ab9e063f2051c0f420,"8c, 20biia, 20, 27",4,Small
67d0cb7d3b1b9714d8d851c1,"20biia, 20",2,Small
67d0fe7619c1760c1c467a83,"8c, 20biia, 20, 29",4,Small
67d114624efcb92b72bd01be,"8c, 20biib, 20",3,Intermediate
67d119613b1b976190dc677b,"8c, 20biib, 20, 27",4,Intermediate
67d16e804efcb9706de23fc5,"8c, 20biia, 20",3,Small
67d1a59e9e063f8202fd8cc5,"8c, 20biia, 20",3,Small
67d1ce4932a538a2fc676d1b,"27, 8c",2,Small
67d1d21c417fa952af6e6f53,"20biic, 20, 29, 8c, 106",5,Commercial
67d22aae3b1b9763b8107e7f,"8c, 20biia, 20, 27a, 27",5,Small
67d22bba417fa960c873b9e5,"8c, 20biib, 20",3,Intermediate
67d23de73b1b9791f310c53c,"20biia, 20",2,Small
67d2774d475bb0d6e46aa82e,"8c, 20biia, 20, 27, 29",5,Small
67d2814deccbc80e05787319,"1181, 118, 1, 1272, 127, 2, 651, 65, 702, 70, 95, 96, 642m, 64, 3512, 351, 5, 2012, 6, 17, 27b, 27, 29, 3, 4, 1182",26,Small
67d2d2ded4778ebcea83b384,"20biia, 20, 27",3,Small
67d2e92bad5b9790564b65a5,"8c, 20biib, 20, 27b, 27, 20biia",6,Intermediate
67d2f60dad5b97a3c64c2b0d,27,1,Small
67d2fe5bad5b9721534ca546,"8c, 20biic, 20",3,Commercial
67d322cacd913f42f287e538,"20biia, 20, 27a, 27",4,Small
67d32d26cd913f199087fd2e,"20biia, 20, 8c",3,Small
67d37126a5cf716b2feef201,"20biia, 20",2,Small
67d40e1deccbc84faea03f4a,"20biic, 20",2,Commercial
67d41d2cd4778ee730982b31,"8c, 20biib, 20, 27",4,Intermediate
67d46e6c33336528a9657f22,"8c, 22c, 22",3,Commercial
67d47650333365359e659bbb,"20biia, 20, 27",3,Small
67d4d3feeccbc8d10ba8a944,"8c, 20biic, 20",3,Commercial
67d50aa8593fd91c2798f547,27,1,Small
67d572d6327de6e91f8583ba,"20biic, 20, 29, 8c",4,Commercial
67d5aed8ad5b9782d48d4dbd,"8c, 20biia, 20, 27b, 27",5,Small
67d5b727a42e3851d43815db,"8c, 20biia, 20, 27, 29",5,Small
67d5e94699990f0d265a9203,"20biia, 20, 27b, 8c",4,Small
67d62d2e475bb09e5dd2c937,"27a, 27",2,Small
67d62faa849a8b6c9c3bad67,"27a, 27",2,Small
67d636a8327de634908d3750,"8c, 27",2,Small
67d6ac17eccbc86382ddc180,"8c, 27",2,Small
67d6b2c9d4778e53bddfd9c4,"8c, 20biib, 20, 29",4,Intermediate
67d843ced4778e2b43118bbd,"8c, 20biia, 20",3,Small
67d85cb03333651312cecd5a,"8c, 20biia, 20",3,Small
67d8d01fa42e3829fb70b8f9,"8c, 20biia, 20, 27",4,Small
67d8da85eccbc87b470adfeb,"8c, 20biib, 20",3,Intermediate
67d8e43cad5b97120bd060e5,27,1,Small
67d95fa8327de62d9ee8073e,"8c, 20biia, 20",3,Small
67d961dc327de6060ae85e63,"8c, 20biib, 20",3,Intermediate
67d97438ad5b978f440769fd,"8c, 20b2a, 27b, 27",4,Small
67d9817d475bb0370b42bb97,"8c, 20biia, 20",3,Small
67d9843b849a8b09089b5e47,"8c, 21b, 21, 29",4,Intermediate
67d99733475bb022ea44826c,"8c, 27",2,Small
67d9a22d475bb0709c44e520,"8c, 20biia, 20, 29",4,Small
67d9a76dad5b9724e10ae5a0,"8c, 20biia, 20, 27b, 27, 77",6,Small
67d9ae33475bb0c824454cd7,"8c, 20biia, 20",3,Small
67d9c138333365583807337a,"8c, 20biib, 20, 27a, 29",5,Intermediate
67da4fc899990f0e2fc91a8b,"8c, 20biia, 20, 27",4,Small
67da5d16593fd92c85268c5b,"20biia, 20, 27b, 27",4,Small
67da6a87a5cf7160c1a97d51,"8c, 20b2a",2,Small
67da94aaad5b976286308b55,"8c, 20biia, 20, 27b, 27",5,Small
67dabc0e99990f6376e36bfc,"8c, 20biic, 20, 29",4,Commercial
67db13a5eccbc8470a6086c0,"8c, 20biia, 20",3,Small
67db30bfa5cf7153b8bcff62,"8c, 20biib, 20",3,Intermediate
67dbabf6ad5b97278044f41b,"8c, 20biia, 20, 27",4,Small
67dbd48ba5cf710cfed610e4,"8c, 20biia, 20",3,Small
67dc13d7d4778ef93a9f6bcb,"20biia, 20",2,Small
67dc3a21d4778e7c23a2276a,"8c, 20biia, 20",3,Small
67dc561e593fd97bb662a28b,"27b, 27",2,Small
67dc5f25a5cf716ce2e740d5,"27b, 27",2,Small
67dc629aeccbc895d593f326,"8c, 20biib, 20",3,Intermediate
67dcc5d733336534d4700ac9,27,1,Small
67dcc7edcd913f74bea16ad5,"8c, 20biia, 20",3,Small
67dcd342333365360770337b,"20biia, 20",2,Small
67dce22a475bb03561a71e31,"20biia, 20",2,Small
67dd00e2593fd957be6d0cbf,"8c, 20biib, 20",3,Intermediate
67dd1ec9849a8b0e95fef5af,"8c, 20biib, 20",3,Intermediate
67dd45fcad5b979cd693aec1,"8c, 20biib, 20, 29",4,Intermediate
67ddbfc5475bb0dd10c7ac5f,"8c, 20biic, 20",3,Commercial
67ddc0a6eccbc839deb9e87e,"20biia, 20",2,Small
67de06e1eccbc8029ebda2a9,"20biia, 20, 27",3,Small
67de11a9cd913f54f1c4d67e,"27a, 27",2,Small
67de25a0327de67b7b7f218b,"8c, 27",2,Small
67de2fae99990fe12c514f20,27,1,Small
67de7b26327de671fd9444d5,"8c, 20biib, 20",3,Intermediate
67de9095cd913f20bce09be8,"8c, 20biib, 20, 29",4,Intermediate
67de9fcba5cf714a9f2ccfd1,"8c, 20b2a, 29",3,Small
67dec02feccbc82c71e0ceee,"8b, 8, 20ai, 20",4,Cultivation
67dec6fe327de6b99ba141a3,"8c, 20biia, 20, 27b",4,Small
67ded69399990f2a08732367,"8c, 20bii, 20, 27",4,Intermediate
67df1586cd913fa35eed239c,27,1,Small
67df7680cd913f4eebf14ff7,"27a, 27, 8c",3,Small
67df919acd913f63cff2506d,"8c, 20biia, 20, 27",4,Small
67dfaf70327de62177ac3be5,"8c, 20biic, 20, 29",4,Commercial
67dfee68d4778e5e430f08e6,"8c, 20biib, 20",3,Intermediate
67e00f18ad5b975160d6b00c,"8c, 27",2,Small
67e0109e593fd9ddf2b0f140,"8c, 20biia, 20, 29, 77",5,Small
67e0171ccd913fac73fd286f,"8c, 20biia, 20, 27b, 27",5,Small
67e0224bd4778e569c1317cd,"8b, 20ai, 20",3,Cultivation
67e058eaeccbc8cd19f625e3,"8c, 22b, 22",3,Intermediate
67e0a597327de65cd3b9c320,"20biia, 20, 27a, 27",4,Small
67e115e7a42e38a9385af980,"8c, 20biia, 20, 27b, 27",5,Small
67e13590475bb09752240a6b,"192, 352, 3294, 329, 4, 3244, 324, 35, 3, 5, 27b, 27, 8c, 20biia, 20",15,Small
67e13724eccbc85a3e21a6f7,"8c, 20biib, 20",3,Intermediate
67e1459c33336552d510c207,"8c, 20biib, 20, 27b, 27, 29",6,Intermediate
67e173f2849a8b504561ca7f,"8c, 20biib, 20, 27b, 27",5,Intermediate
67e17debcd913f49bb29da96,"8c, 27b, 27, 20biia, 20",5,Small
67e1878ca42e3867bb761472,"20biia, 20",2,Small
67e199baa42e380d8b7af10a,27,1,Small
67e19b3c475bb0ce153e3a28,"27b, 27",2,Small
67e21df0eccbc853a43b1d96,"8c, 20biib, 20, 29",4,Intermediate
67e2a95eafafb471a52e2183,"8c, 20biib, 20, 29",4,Intermediate
67e2b528f696e7e46bf515e8,"8c, 20biia, 20",3,Small
67e2e8889231bc0a70a3307c,"8c, 20biib, 20",3,Intermediate
67e2ea74ea55ac659b83846f,27,1,Small
67e2f975afafb456a833d2cd,"8c, 20biia, 20",3,Small
67e2f9b09032c7b2159d06dc,"8c, 20biia, 20, 27b, 27",5,Small
67e30781ea55ac33b883dc7f,"8c, 20biib, 20, 27, 29",5,Intermediate
67e3089c9231bc64eba3b895,"8c, 20biia, 20",3,Small
67e3e9118c682001cd65c39f,"27b, 27",2,Small
67e3ea3cafafb447bc689734,"8c, 20biia, 20",3,Small
67e3ec385c0caf8556f6b5cd,"8c, 20biia, 20, 27",4,Small
67e43b216796dc429dba8471,27,1,Small
67e4488d8c68202ccb738490,"27b, 27",2,Small
67e466c2934d344de232a3c8,"8c, 20biia, 20, 27",4,Small
67e4bd116796dc136fbec7d2,"8c, 20biia, 20",3,Small
67e4be798c682034407787d7,"8c, 20biia, 20, 27",4,Small
67e4df7d9231bc6e40d870b7,"8c, 20biia, 20",3,Small
67e520d05c0caf594e1ee66b,"8c, 20biib, 20, 27, 29",5,Intermediate
67e52c34ea55ac59aec66f50,"8c, 20biia, 20",3,Small
67e53305934d345919503ada,"8b, 8, 20ai, 20, 27a, 27",6,Cultivation
67e568885c0caf64202ee15c,"8c, 20biib, 20, 27",4,Intermediate
67e5a9ff6796dcd27bde27aa,"20biia, 20, 27",3,Small
67e5ee5e5c0caf410c3449e4,8c,1,Small
67e600aea7724889f6c2eddf,27,1,Small
67e65e54f696e72ce57b940c,"8c, 20biia, 20",3,Small
67e67a77f696e743be804bb1,"8c, 20ai, 20, 27b, 27",5,Cultivation
67e695bdafafb46cf3ba7452,"8c, 20biia, 20",3,Small
67e6be38934d34caa3788385,"8c, 20biia, 20, 27b, 27",5,Small
67e6c43cf1e24c075715f408,"8c, 20biib, 20",3,Intermediate
67e6c7c5934d343e3178cff8,"8c, 20biia, 20, 27b, 27",5,Small
67e6e4eea772482565e88114,"8c, 20biib, 20",3,Intermediate
67e6ed44afafb42c50bfa5ea,"8c, 20ba, 20, 27b, 27",5,Small
67e74e0dafafb41c8cc3815c,"20biia, 20",2,Small
67e76dd28c682024fac9541d,"8c, 20biia, 20, 27b, 27",5,Small
67e7c6fef696e75a8eb3866d,"8c, 20biia, 20",3,Small
67e7f7889032c713407ab806,"8c, 20biia, 20, 27b, 27",5,Small
67e817c86796dc84f2214406,27,1,Small
67e827049032c7c1077d428c,"8c, 20biia, 20, 27a, 27",5,Small
67e8291ef696e74793bf3277,"8c, 20biib, 20, 27a, 27",5,Intermediate
67e82b6e8c68206576ee64b2,"8c, 20biia, 20, 27b, 29",5,Small
67e83fe86796dc5f3421b752,"8c, 20biia, 20, 27",4,Small
67e863a78c68207135eeafa9,"8c, 22c, 22, 29",4,Commercial
67e945436796dc57802aa4e2,"20biib, 20",2,Intermediate
67e94fc05c0caf97678b3e52,"20biia, 20",2,Small
67e9e281a772486cb02c5aa6,"8c, 20biib, 20, 29",4,Intermediate
67eae5029032c701229ea6c4,"8b, 8, 20ai, 20, 29",5,Cultivation
67eb9aacf696e75d1df7de38,"8c, 20biia, 20, 27",4,Small
67ebaa5a5c0caf4a1daea2e9,"8c, 20biic, 20",3,Commercial
67ec0b5d9231bcebac955c13,"20biia, 20",2,Small
67ec1c2d6796dc2c8450c85e,"20biia, 20",2,Small
67ec1e715c0cafd25bb8fa6f,"8c, 20biia, 20, 27b, 27",5,Small
67ed428b934d34dcc8083b14,"8c, 20biib, 20",3,Intermediate
67ed6a9bf1e24c034db16b44,"8c, 20biib, 20",3,Intermediate
67ed6c468c6820b8a354eda8,"8c, 20biic, 20, 29",4,Commercial
67ed71868c68203863552673,"8c, 20biia, 20",3,Small
67ede7625c0caf43e9ef4806,"8c, 22c, 22, 29",4,Commercial
67edf57a934d340aa20e17d0,"8c, 20biib, 20, 29",4,Intermediate
67ee9e80337d38df0926849e,"111, 8c, 20biib, 20",4,Intermediate
67eea428ea55acd952a64c82,"8c, 20iia, 20, 251a, 25, 1",6,Small
67eeb5109032c7128f1b7343,"8c, 22b, 22, 22c, 27a, 27, 29",7,Commercial
67eec84c9231bc7cdb025e9b,"20biib, 20, 27b, 27",4,Intermediate
67eef352f1e24ccfb0e0aa0a,"8c, 27",2,Small
67ef1b59ea55ac3b67aacae6,"8c, 20biia, 20, 27b, 27",5,Small
67efbfde2baf390563eefe68,"8c, 20biia, 20",3,Small
67efc1c8eb89f07c90937ec2,"8c, 20biib, 20, 27, 29",5,Intermediate
67efe12809f9ea80ffb6441f,"20biib, 20",2,Intermediate
67f01280a0f54a56cec06a17,"8c, 20biia, 20",3,Small
67f01e2b0b357413f79fc8aa,"20biia, 20",2,Small
67f0286eeb89f033a7a0821b,"8c, 20biia, 20",3,Small
67f0403aeb89f0a527a0cc4b,"132, 27",2,Small
67f044934c8b8150f6b92602,"20biia, 20",2,Small
67f064af313f0071fa1ae1ed,"27b, 27",2,Small
67f0876f58b31a63ad6dbdbd,"27b, 27",2,Small
67f0996a09f9eab8b3bc8b38,"8c, 20biib, 20",3,Intermediate
67f102353131f11c9ea65a05,"111, 8c, 20biib, 20",4,Intermediate
67f11bfb4c8b8138f1cab5c9,"8c, 20biia, 20",3,Small
67f124263131f1d57aaaef73,"8c, 27b, 27, 20biia, 20",5,Small
67f12dfd09f9ea6ac5cea1db,"8c, 20biia, 20, 27b, 27",5,Small
67f1456158b31afedd810d3c,"8c, 20biia, 20, 27",4,Small
67f14747f9310b25bb71b0ba,"8c, 20biia, 20, 27b, 27",5,Small
67f209ffa454a10607cdfee0,"20b, 20",2,Intermediate
67f248f02baf39b8341ae65b,"8c, 20biic, 20, 27a, 27, 29",6,Commercial
67f24ed3a0f54ad3a8e5b9c8,"8c, 20biib, 20",3,Intermediate
67f26d24313f00956d3a5827,"8c, 20biia, 20, 27b, 27",5,Small
67f28350a0f54a550eeb57c6,"8c, 20biia, 20, 27b, 27",5,Small
67f2c52d3131f1c088c8d844,"8b, 8, 20ai, 20",4,Cultivation
67f2da0058b31af4aa98143f,"8c, 20biia, 20",3,Small
67f3c73e58b31a0462b57c64,"8c, 20biia, 20, 27b, 27",5,Small
67f3ef5aa0f54ad35c0dd9ce,"8c, 20biia, 20, 27",4,Small
67f3f7e3f9f562c2893d95c2,"8b, 8c, 20ai, 20, 20biia",5,Cultivation
67f3f90f313f00b7a35ee51b,"8c, 20biic, 20",3,Commercial
67f400c90b35741aa5fbdd94,"20biia, 20, 27",3,Small
67f400fff9f562ff103df7ba,"8c, 20biia, 20",3,Small
67f40e83f9f562b8603e47de,"8c, 20biib, 20, 27b, 27, 29",6,Intermediate
67f41db0a454a11d17f97eb0,"8c, 20biia, 20",3,Small
67f422d909f9ea79ba08c626,"8c, 20biib, 20",3,Intermediate
67f51aef975949705426354a,"8c, 20biia, 20",3,Small
67f539617edcacd1e942b8ae,"8c, 20biia, 20, 27a, 27",5,Small
67f53bde7edcac739542da4d,"34a, 34, 8c, 22c, 22",5,Commercial
67f55c1cdf0f122db5b543ca,"8c, 20biia, 20",3,Small
67f562d5076774c8151810fa,"8c, 20biib, 20",3,Intermediate
67f5673195681bd50e44c09f,27,1,Small
67f5750303789dc3774fb907,"8c, 20biia, 20",3,Small
67f5984f95681b75024515f3,"20biia, 20, 27, 28, 29",5,Small
67f6271d076774042532bb9e,"8c, 22c, 22, 34a, 34",5,Commercial
67f66859ce4c99c13e892f9c,"8c, 20biib, 20",3,Intermediate
67f686249759496b75559709,"20biia, 20, 8c",3,Small
67f68b127edcac72a96af0da,"8c, 20biia, 20, 27b, 27",5,Small
67f6974edf0f1231f8da6e27,"1433, 143, 3, 1442, 144, 2, 223, 292, 49, 4, 5, 8c, 20biia, 20, 25, 29, 34a, 34",18,Small
67f699ccaec0e666a36bad4a,"8c, 20biib, 20",3,Intermediate
67f6a69c7edcac33556bd1d9,"8c, 20biib, 20",3,Intermediate
67f6c0a07edcac610a6c4a42,"8c, 20biia, 20",3,Small
67f760152c0734ab63ed3b54,"27b, 27",2,Small
67f76a4d07677466ea5389f6,"8c, 20biic, 20, 106",4,Commercial
67f7c57095681b0eba8aafb3,"8c, 20biib, 20",3,Intermediate
67f7e2292c073437d10bdea6,"8c, 20biib, 20",3,Intermediate
67f80084ce4c99b3bbab49fd,"8c, 20biia, 20, 27b, 27",5,Small
67f8057fce4c9925a1ab65ba,"8c, 20biia, 20, 27, 29",5,Small
67f81c33784e89f7fe092698,"8c, 20biib, 20",3,Intermediate
67f827d2784e897b49094d8e,"8c, 20biib, 20, 27b, 27",5,Intermediate
67f88ce68c7ec66fca86e22f,"8c, 20biia, 20",3,Small
67f897537edcaca6ed956d8d,"20biia, 20, 8c",3,Small
67f8b33f7edcacbfff9bbfa0,"8b, 8, 20a, 20, 20biia",5,Cultivation
67f8e6f7aec0e68174ba0653,"8c, 20biic, 20, 29",4,Commercial
67f8fa41975949c89aa72957,"8c, 20biia, 20, 27b, 27",5,Small
67f90a76975949bf73ab3be4,"8c, 20biia, 20, 27",4,Small
67f91bfc03789d50a9abdaea,"8c, 20biib, 20",3,Intermediate
67f91c5b975949077aac866c,"8c, 20biib, 20, 27b, 27",5,Intermediate
67f925397edcac7728b35c33,"8b, 8, 27b, 27, 20ai, 20",6,Cultivation
67f92eb303789d06ecacce44,"20biia, 20, 8c",3,Small
67f947a40767740b6f9873d6,"8c, 20biib, 20, 29",4,Intermediate
67f9fc00df0f123bc1239d35,"8c, 20biia, 20, 27b, 27",5,Small
67fa2de88c7ec6b73eb63cab,"8c, 20biib, 20, 31",4,Intermediate
67fa479e784e895bed447d9a,"8c, 20biib, 20",3,Intermediate
67fa55230767741173ad6b88,"8c, 20biia, 20",3,Small
67fa7207ce4c99d163f07e7b,"8b, 8, 20ai, 20",4,Cultivation
67fa804dce4c999ddef122db,"8c, 20biia, 20, 27",4,Small
67fa8ce00767746017b06e8a,"8c, 20biic, 20, 27a, 29",5,Commercial
67fa9ec40767745ac3b0d5f8,"27b, 27",2,Small
67fabd44ce4c9967cef24da3,"8c, 20biia, 20",3,Small
67fb13337655948afaf275cf,"8b, 8, 20a, 20, 20biib",5,Cultivation
67fb1b7f2c07349f0f59d978,27,1,Small
67fbc9147edcac466fda956c,"8c, 20biic, 20",3,Commercial
67fbd606ce4c99495002cac7,"8c, 20biia, 20",3,Small
67fbdfd6765594345cfdf609,"1181, 118, 1, 3512, 351, 2, 1272, 127, 27",9,Small
67fcf3f876559454820d4e30,"8c, 20biia, 20",3,Small
67fd0c9e9759496ddfed1177,"20biia, 20",2,Small
67fd35447edcaca155efc73a,"20biia, 20, 27b, 27",4,Small
67fe28d603789d3d8705cee5,"8c, 20biia, 20",3,Small
67fe39ebaec0e6deef33d07c,"8c, 20biib, 20",3,Intermediate
67fe3ef9765594d0583b2cad,"8c, 20biib, 20, 22a, 22, 22c, 27",7,Commercial
67fe43bf95681b232a2cee1f,"8c, 20biic, 20, 29, 20biia, 27",6,Commercial
67fe71ed8c7ec62ff11d1b47,"20biia, 20",2,Small
67fe76eeaec0e6f9a14104bd,"8c, 20biia, 20, 27",4,Small
67fe982adf0f123d768b15f7,"8c, 20biib, 20",3,Intermediate
67fea1e5aec0e62af043a116,"8c, 22c, 22",3,Commercial
67feb2d1aec0e64fba43e0c6,"20biib, 20",2,Intermediate
67fec295df0f127f388c6a9f,"8c, 20biib, 20",3,Intermediate
67ff09858c7ec68cbe224152,"8c, 20biia, 20",3,Small
67ff243c2c073421a8c891cf,"8c, 20biia, 20",3,Small
67ff276495681b06e53aec1b,"8c, 27",2,Small
67ff533c765594b2c351b98a,"8c, 20biia, 20, 27",4,Small
67ff644595681b2598497fcc,"8c, 20biia, 20, 27",4,Small
67ffad0295681beee75bbb90,"8c, 20biia, 20",3,Small
67ffc108765594ffb1666789,"20biic, 20, 29, 8c",4,Commercial
67ffd05caec0e6840c76ed5d,"8c, 20biia, 20",3,Small
67ffe02a03789d1ecd4306cc,"20biia, 20",2,Small
67ffedb8aec0e6353c783b40,27,1,Small
68008432b5db4a383e32c07a,"20biib, 20, 8c, 27a",4,Intermediate
6800d542ef91dd80da73efaf,"8c, 20biia, 20, 27b, 27",5,Small
6800e6e89f3e138f51067053,"8c, 20biic, 20, 25, 27a, 27, 29",7,Commercial
6800f99cd8311905c46ca3b2,"8c, 20biib, 20, 106",4,Intermediate
6800fe78801fc02a3ba08cc2,"8c, 20biia, 20, 27b, 27",5,Small
680100dafa625548308a1982,"8c, 20biib, 20",3,Intermediate
68011f5ad83119334070e90b,"8c, 20biib, 20",3,Intermediate
680128bab5db4a1c558219bb,"8c, 20biib, 20",3,Intermediate
6801365bd112d940b453d9e4,"8c, 20biia, 20, 29",4,Small
6801505d9f3e131b1e1725ec,"20biia, 20",2,Small
6801a307d83119bb0475d088,"8c, 20biib, 20, 27b, 27, 29",6,Intermediate
6801f012b5db4a9e268dcd7c,"8c, 20biia, 20, 27b, 27",5,Small
680233b521bcf89db07f57a6,"8c, 20biia, 20, 27b, 27",5,Small
68023928cfee6d71aff1948e,"8c, 20biia, 20, 27b, 27",5,Small
680241c821bcf8487480a604,"8c, 20biia, 20",3,Small
68026b616c09310bdcf6346a,"27b, 27",2,Small
68029362d831190c2b92fe52,"8c, 20biia, 20, 27, 29",5,Small
68029b104cef0e62c36179b8,"8c, 20biia, 20",3,Small
68033c3a9f3e1361fe3cff2d,"20biib, 20",2,Intermediate
68034b47d112d97a6d88d3f7,"8c, 20biia, 20, 27b, 27",5,Small
6803d56ecfee6d3f311660ee,"8c, 20biia, 20, 27b, 27",5,Small
68046ec4d8311988dbc573c4,"8c, 20biia, 20",3,Small
6804907db5db4a9f00d76e90,"8c, 20biic, 20, 27a, 27, 29",6,Commercial
6805042c4cef0e7acc96a383,"8c, 20biib, 20, 29",4,Intermediate
68050549a62fdb30c438fd4e,"8c, 20biia, 20, 27b, 27",5,Small
68051313cfee6d572b28a102,"8c, 20biia, 20",3,Small
68052229ef91dda019f69a28,"8c, 20biia, 20",3,Small
68055319d112d93b03b8b9ce,"20biib, 20, 8c, 27",4,Intermediate
68059495b5db4a56eeeae922,"8c, 20biib, 20, 27",4,Intermediate
6805edffef91ddf4bb0ce557,"8c, 20biib, 20",3,Intermediate
68063f58ef91dd3fd62d5bd1,"8b, 8, 20bi, 20, 8c, 20biia",6,Intermediate
680682664cef0e72b9dbe822,"223, 34a, 34, 22a, 22",5,Small
68072bd06c093152c75a1ded,"8c, 20biia, 20, 27b, 27",5,Small
6807495fb5db4a1a6e3d6e9f,"8c, 20biia, 20, 27",4,Small
6807a00ba62fdb361ab80a1a,"8c, 20biib, 20, 29",4,Intermediate
6807d0aa6c0931740f807815,"8c, 20biib, 20, 27a, 27",5,Intermediate
6807e365d83119260344c0c0,"8c, 20biib, 20",3,Intermediate
6807eb8ccfee6d68e89669cf,"8c, 20biia, 20, 27a, 27",5,Small
68080a1cb5db4a323564ee0a,"8c, 20biia, 20, 27b, 27",5,Small
6808396721bcf8bcfbf9ec8a,"8c, 20biia, 20, 27b, 27",5,Small
680886204cef0e2efd1f7bcc,"8c, 20biia, 20, 27b, 27",5,Small
